{
    "area": {
        "file": "drow.are",
        "name": "Drow City",
        "builder": "Drkside",
        "translator": "",
        "language": "�ngilizce",
        "low_range": "15",
        "high_range": "25",
        "min_vnum": "5100",
        "max_vnum": "5199",
        "path": "6d 4g 2d g 2d a b g 2a",
        "yonelim_iyi": "10",
        "yonelim_yansiz": "20",
        "yonelim_kem": "70"
    },
    "mobiles": [
        {
            "vnum": "5100",
            "name": "oldstyle goblin slave",
            "short_description": "the goblin slave",
            "long_description": "A goblin slave lies here asleep.\n",
            "description": "The defenseless goblin begs for mercy.\n",
            "race": "goblin",
            "act": "ABH",
            "affected_by": "0",
            "level": "1"
        },
        {
            "vnum": "5101",
            "name": "oldstyle drow commoner",
            "short_description": "the drow commoner",
            "long_description": "A drow commoner walks on guard duty.\n",
            "description": "I doubt he is the type to give directions.\n",
            "race": "human",
            "act": "ADFG",
            "affected_by": "D",
            "level": "10"
        },
        {
            "vnum": "5102",
            "name": "oldstyle drow noble warrior",
            "short_description": "the drow warrior noble",
            "long_description": "The drow warrior noble stands here guarding his home.\n",
            "description": "He looks pissed off!\n",
            "race": "human",
            "act": "ABF",
            "affected_by": "D",
            "level": "14"
        },
        {
            "vnum": "5103",
            "name": "oldstyle drow noble mage",
            "short_description": "the drow mage noble",
            "long_description": "The drow mage noble is here protecting his home.\n",
            "description": "The mage prepares to cast a spell ... at you!!\n",
            "race": "human",
            "act": "ABFR",
            "affected_by": "D",
            "level": "15"
        },
        {
            "vnum": "5104",
            "name": "oldstyle drow priestess",
            "short_description": "the drow priestess",
            "long_description": "The drow priestess is here shouting orders.\n",
            "description": "I wouldn't want go get on her bad side!\n",
            "race": "human",
            "act": "ABFQ",
            "affected_by": "D",
            "level": "17"
        },
        {
            "vnum": "5105",
            "name": "oldstyle drow master",
            "short_description": "The drow master",
            "long_description": "The drow master stares at you angrily.\n",
            "description": "The drow master is ALWAYS ready for a fight.\n",
            "race": "human",
            "act": "ABF",
            "affected_by": "D",
            "level": "21"
        },
        {
            "vnum": "5106",
            "name": "oldstyle drow weapons master",
            "short_description": "The weapons master",
            "long_description": "The drow weapons master is here shadow boxing.\n",
            "description": "He definitely knows his way around in combat.\n",
            "race": "human",
            "act": "ABF",
            "affected_by": "D",
            "level": "23"
        },
        {
            "vnum": "5107",
            "name": "oldstyle drow matron mother",
            "short_description": "the matron mother",
            "long_description": "The matron mother of the house is standing here.\n",
            "description": "She looks really pissed off!\n",
            "race": "human",
            "act": "ABF",
            "affected_by": "D",
            "level": "24"
        },
        {
            "vnum": "5108",
            "name": "oldstyle drow matron mother",
            "short_description": "the matron mother",
            "long_description": "The matron mother of the 1st house is waiting for you.\n",
            "description": "She looks like she is about to rip your head off and eat it.\n",
            "race": "human",
            "act": "ABFQ",
            "affected_by": "DH",
            "level": "26"
        },
        {
            "vnum": "5109",
            "name": "oldstyle yochlol",
            "short_description": "the yochlol",
            "long_description": "A yochlol forms out of a swirling mist.\n",
            "description": "The yochlol is not in a good mood.\n",
            "race": "human",
            "act": "ABF",
            "affected_by": "DH",
            "level": "35"
        },
        {
            "vnum": "5110",
            "name": "oldstyle drow guard",
            "short_description": "the drow guard",
            "long_description": "The drow guard is here staring at you ominously.\n",
            "description": "The drow guard blends so well with his environment, you barely see his form.\n",
            "race": "human",
            "act": "ABF",
            "affected_by": "JQ",
            "level": "12"
        },
        {
            "vnum": "5111",
            "name": "oldstyle drow scout",
            "short_description": "the drow scout",
            "long_description": "The drow scout is here sneaking among the shadows.\n",
            "description": "The drow scout blends so well with her environment, you barely see her form.\n",
            "race": "human",
            "act": "AFH",
            "affected_by": "PQ",
            "level": "11"
        }
    ],
    "objects": [
        {
            "vnum": "5100",
            "name": "longsword commoner",
            "short_description": "a commoner's longsword",
            "description": "A commoner's longsword made of adamantite has been left here.",
            "material": "adamantite",
            "type": "weapon",
            "extra_flags": "0",
            "wear_flags": "AN",
            "values": "sword 2 7 slash 0",
            "level": "11",
            "weight": "20",
            "cost": "910",
            "condition": "P",
            "affects_a": [
                {
                    "location": "19",
                    "modifier": "2"
                },
                {
                    "location": "18",
                    "modifier": "1"
                }
            ]
        },
        {
            "vnum": "5101",
            "name": "longsword noble",
            "short_description": "a noble's longsword",
            "description": "A drow noble's longsword made of adamantite lies here.",
            "material": "adamantite",
            "type": "weapon",
            "extra_flags": "0",
            "wear_flags": "AN",
            "values": "sword 3 7 slash 0",
            "level": "15",
            "weight": "10",
            "cost": "1510",
            "condition": "P",
            "affects_a": [
                {
                    "location": "19",
                    "modifier": "3"
                },
                {
                    "location": "18",
                    "modifier": "2"
                }
            ]
        },
        {
            "vnum": "5102",
            "name": "whip snake two-headed",
            "short_description": "a snake headed whip",
            "description": "A whip with two snakes heads lies here.",
            "material": "leather",
            "type": "weapon",
            "extra_flags": "AG",
            "wear_flags": "AN",
            "values": "whip 2 7 whip F",
            "level": "11",
            "weight": "10",
            "cost": "920",
            "condition": "P",
            "affects_a": [
                {
                    "location": "19",
                    "modifier": "3"
                },
                {
                    "location": "18",
                    "modifier": "3"
                }
            ]
        },
        {
            "vnum": "5103",
            "name": "whip snake three-headed",
            "short_description": "a snake headed whip",
            "description": "A whip with three snake heads has been left here.",
            "material": "leather",
            "type": "weapon",
            "extra_flags": "AG",
            "wear_flags": "AN",
            "values": "whip 3 7 whip 0",
            "level": "15",
            "weight": "10",
            "cost": "1020",
            "condition": "P",
            "affects_a": [
                {
                    "location": "19",
                    "modifier": "3"
                },
                {
                    "location": "18",
                    "modifier": "3"
                }
            ]
        },
        {
            "vnum": "5104",
            "name": "whip snake four-headed",
            "short_description": "a snake headed whip",
            "description": "A whip with four snake heads has been left here.",
            "material": "leather",
            "type": "weapon",
            "extra_flags": "AG",
            "wear_flags": "AN",
            "values": "whip 5 5 whip 0",
            "level": "24",
            "weight": "10",
            "cost": "1530",
            "condition": "P",
            "affects_a": [
                {
                    "location": "19",
                    "modifier": "3"
                },
                {
                    "location": "18",
                    "modifier": "3"
                }
            ]
        },
        {
            "vnum": "5105",
            "name": "longsword black",
            "short_description": "a black longsword",
            "description": "A black longsword has been carelessly left here.",
            "material": "adamantite",
            "type": "weapon",
            "extra_flags": "AG",
            "wear_flags": "AN",
            "values": "sword 4 6 slash 0",
            "level": "21",
            "weight": "0",
            "cost": "2100",
            "condition": "P",
            "affects_a": [
                {
                    "location": "19",
                    "modifier": "3"
                },
                {
                    "location": "18",
                    "modifier": "3"
                }
            ]
        },
        {
            "vnum": "5106",
            "name": "whip snake five-headed",
            "short_description": "a snake headed whip",
            "description": "A whip with five snake heads is lying here.",
            "material": "leather",
            "type": "weapon",
            "extra_flags": "AGJ",
            "wear_flags": "AN",
            "values": "whip 4 6 whip 0",
            "level": "14",
            "weight": "0",
            "cost": "10",
            "condition": "P",
            "affects_a": [
                {
                    "location": "3",
                    "modifier": "-1"
                },
                {
                    "location": "1",
                    "modifier": "-1"
                }
            ]
        },
        {
            "vnum": "5107",
            "name": "whip snake six-headed",
            "short_description": "a snake headed whip",
            "description": "A whip with six snake heads has been dropped here.",
            "material": "leather",
            "type": "weapon",
            "extra_flags": "AGJ",
            "wear_flags": "AN",
            "values": "whip 5 5 whip 0",
            "level": "13",
            "weight": "0",
            "cost": "0",
            "condition": "P",
            "affects_a": [
                {
                    "location": "3",
                    "modifier": "-2"
                },
                {
                    "location": "1",
                    "modifier": "-2"
                }
            ]
        },
        {
            "vnum": "5108",
            "name": "bracer iron",
            "short_description": "an iron bracer",
            "description": "An iron bracer has been dropped here.",
            "material": "iron",
            "type": "armor",
            "extra_flags": "AG",
            "wear_flags": "AM",
            "values": "4 7 7 2 0",
            "level": "15",
            "weight": "30",
            "cost": "1150",
            "condition": "P"
        },
        {
            "vnum": "5109",
            "name": "gauntlets iron",
            "short_description": "a pair of gauntlets",
            "description": "A pair of gauntlets has been dropped here.",
            "material": "iron",
            "type": "armor",
            "extra_flags": "A",
            "wear_flags": "AH",
            "values": "5 5 5 0 0",
            "level": "17",
            "weight": "20",
            "cost": "3600",
            "condition": "P",
            "affects_a": [
                {
                    "location": "1",
                    "modifier": "2"
                }
            ]
        },
        {
            "vnum": "5110",
            "name": "wand blue silver",
            "short_description": "a silvery blue wand",
            "description": "A silvery blue wand has been dropped in the dirt.",
            "material": "silver",
            "type": "wand",
            "extra_flags": "G",
            "wear_flags": "AO",
            "values": "10 3 3 'lightning bolt' 0",
            "level": "9",
            "weight": "10",
            "cost": "1550",
            "condition": "P"
        },
        {
            "vnum": "5111",
            "name": "helmet helm",
            "short_description": "a small helmet",
            "description": "A small helmet lies up against a rock.",
            "material": "steel",
            "type": "armor",
            "extra_flags": "G",
            "wear_flags": "AE",
            "values": "4 4 4 0 0",
            "level": "16",
            "weight": "50",
            "cost": "3300",
            "condition": "P",
            "affects_a": [
                {
                    "location": "3",
                    "modifier": "2"
                }
            ]
        },
        {
            "vnum": "5112",
            "name": "ring ruby",
            "short_description": "a small ruby ring",
            "description": "A small ruby ring lies in the dirt.",
            "material": "ruby",
            "type": "jewelry",
            "extra_flags": "G",
            "wear_flags": "AB",
            "values": "0 0 0 0 0",
            "level": "25",
            "weight": "10",
            "cost": "980",
            "condition": "P",
            "affects_a": [
                {
                    "location": "13",
                    "modifier": "25"
                }
            ]
        },
        {
            "vnum": "5113",
            "name": "dagger sacrificial",
            "short_description": "a spider shaped dagger",
            "description": "A dagger with spider leg shaped blades lies on the ground.",
            "material": "unknown",
            "type": "weapon",
            "extra_flags": "GJ",
            "wear_flags": "AN",
            "values": "dagger 4 8 stab 0",
            "level": "30",
            "weight": "25",
            "cost": "3300",
            "condition": "P",
            "affects_a": [
                {
                    "location": "19",
                    "modifier": "5"
                },
                {
                    "location": "18",
                    "modifier": "3"
                }
            ]
        },
        {
            "vnum": "5114",
            "name": "hat green",
            "short_description": "a small bright green hat",
            "description": "A small bright green hat lies in the dirt.",
            "material": "cloth",
            "type": "armor",
            "extra_flags": "H",
            "wear_flags": "AE",
            "values": "4 5 5 0 0",
            "level": "12",
            "weight": "10",
            "cost": "1180",
            "condition": "P",
            "affects_a": [
                {
                    "location": "17",
                    "modifier": "-2"
                }
            ]
        },
        {
            "vnum": "5115",
            "name": "whip snake skin",
            "short_description": "two Snake Headed whip",
            "description": "A two Snake Headed whip is lying on the ground.",
            "material": "snakeskin",
            "type": "weapon",
            "extra_flags": "CGJRT",
            "wear_flags": "AN",
            "values": "whip 10 4 whip 0",
            "level": "24",
            "weight": "140",
            "cost": "1530",
            "condition": "P",
            "affects_a": [
                {
                    "location": "19",
                    "modifier": "7"
                },
                {
                    "location": "18",
                    "modifier": "5"
                }
            ]
        }
    ],
    "rooms": [
        {
            "vnum": "5100",
            "name": "City Entrance",
            "description": "You are at the entrance to a small underground city. A great adamantite\ngate lies open to the west allowing entrance into the city.\n",
            "flags": "AD",
            "sector": "0",
            "exits": [
                {
                    "door": "D3",
                    "description": "A huge gate opens to the west allowing entrance into the city.",
                    "keyword": "gate",
                    "locks": "0",
                    "key": "0",
                    "u1_vnum": "5101"
                },
                {
                    "door": "D4",
                    "description": "A small hole in the ceiling leads up into darkness.",
                    "keyword": "door",
                    "locks": "1",
                    "key": "-1",
                    "u1_vnum": "5270"
                }
            ],
            "extra_descriptions": [
                {
                    "keyword": "hole",
                    "description": "A small hole that looks to have been sealed at one time.\n"
                },
                {
                    "keyword": "gate",
                    "description": "A large adamantite gate with giant spider shaped emblems stands here.\n"
                }
            ]
        },
        {
            "vnum": "5101",
            "name": "City street",
            "description": "You walk along a highly ornate street going north-south. A large gate\nlies to the east while a building lies to the west.\n",
            "flags": "AD",
            "sector": "0",
            "exits": [
                {
                    "door": "D0",
                    "description": "",
                    "keyword": "",
                    "locks": "0",
                    "key": "0",
                    "u1_vnum": "5123"
                },
                {
                    "door": "D1",
                    "description": "",
                    "keyword": "",
                    "locks": "0",
                    "key": "0",
                    "u1_vnum": "5100"
                },
                {
                    "door": "D2",
                    "description": "",
                    "keyword": "",
                    "locks": "0",
                    "key": "0",
                    "u1_vnum": "5102"
                },
                {
                    "door": "D3",
                    "description": "",
                    "keyword": "",
                    "locks": "0",
                    "key": "0",
                    "u1_vnum": "5122"
                }
            ]
        },
        {
            "vnum": "5102",
            "name": "City street",
            "description": "You walk along a highly ornate city street going north and west.\n",
            "flags": "AD",
            "sector": "0",
            "exits": [
                {
                    "door": "D0",
                    "description": "",
                    "keyword": "",
                    "locks": "0",
                    "key": "0",
                    "u1_vnum": "5101"
                },
                {
                    "door": "D3",
                    "description": "",
                    "keyword": "",
                    "locks": "0",
                    "key": "0",
                    "u1_vnum": "5103"
                }
            ]
        },
        {
            "vnum": "5103",
            "name": "City street",
            "description": "You walk along a highly ornate city street going east-west. A large house\nstands to the south.\n",
            "flags": "AD",
            "sector": "0",
            "exits": [
                {
                    "door": "D1",
                    "description": "",
                    "keyword": "",
                    "locks": "0",
                    "key": "0",
                    "u1_vnum": "5102"
                },
                {
                    "door": "D2",
                    "description": "",
                    "keyword": "",
                    "locks": "0",
                    "key": "0",
                    "u1_vnum": "5104"
                },
                {
                    "door": "D3",
                    "description": "",
                    "keyword": "",
                    "locks": "0",
                    "key": "0",
                    "u1_vnum": "5106"
                }
            ]
        },
        {
            "vnum": "5104",
            "name": "3rd House",
            "description": "You stand inside the 3rd house of the city; it is fairly well decorated\nby drow standards having a few statues, murals and such. A door leads to the\nsouth.\n",
            "flags": "AD",
            "sector": "0",
            "exits": [
                {
                    "door": "D0",
                    "description": "",
                    "keyword": "",
                    "locks": "0",
                    "key": "0",
                    "u1_vnum": "5103"
                },
                {
                    "door": "D2",
                    "description": "",
                    "keyword": "",
                    "locks": "1",
                    "key": "-1",
                    "u1_vnum": "5105"
                }
            ]
        },
        {
            "vnum": "5105",
            "name": "Throne Room",
            "description": "The throne room of the 3rd house is about as decorated as the inner\ncourtyard except with a blood covered altar in the center of the room.\n",
            "flags": "AD",
            "sector": "0",
            "exits": [
                {
                    "door": "D0",
                    "description": "",
                    "keyword": "",
                    "locks": "1",
                    "key": "-1",
                    "u1_vnum": "5104"
                }
            ]
        },
        {
            "vnum": "5106",
            "name": "City street",
            "description": "You walk along a highly ornate city street going east-west. To the north\nis a large building.\n",
            "flags": "AD",
            "sector": "0",
            "exits": [
                {
                    "door": "D0",
                    "description": "",
                    "keyword": "",
                    "locks": "0",
                    "key": "0",
                    "u1_vnum": "5118"
                },
                {
                    "door": "D1",
                    "description": "",
                    "keyword": "",
                    "locks": "0",
                    "key": "0",
                    "u1_vnum": "5103"
                },
                {
                    "door": "D3",
                    "description": "",
                    "keyword": "",
                    "locks": "0",
                    "key": "0",
                    "u1_vnum": "5107"
                }
            ]
        },
        {
            "vnum": "5107",
            "name": "City street",
            "description": "You walk along a highly ornate city street leading north and east. To the\nsouth is an extremely large house.\n",
            "flags": "AD",
            "sector": "0",
            "exits": [
                {
                    "door": "D0",
                    "description": "",
                    "keyword": "",
                    "locks": "0",
                    "key": "0",
                    "u1_vnum": "5110"
                },
                {
                    "door": "D1",
                    "description": "",
                    "keyword": "",
                    "locks": "0",
                    "key": "0",
                    "u1_vnum": "5106"
                },
                {
                    "door": "D2",
                    "description": "",
                    "keyword": "",
                    "locks": "0",
                    "key": "0",
                    "u1_vnum": "5108"
                }
            ]
        },
        {
            "vnum": "5108",
            "name": "2nd House",
            "description": "You stand inside the 2nd house of the city. The room is highly decorated\nwith statues of spiders and murals everywhere.\n",
            "flags": "AD",
            "sector": "0",
            "exits": [
                {
                    "door": "D0",
                    "description": "",
                    "keyword": "",
                    "locks": "0",
                    "key": "0",
                    "u1_vnum": "5107"
                },
                {
                    "door": "D3",
                    "description": "",
                    "keyword": "",
                    "locks": "1",
                    "key": "-1",
                    "u1_vnum": "5109"
                }
            ]
        },
        {
            "vnum": "5109",
            "name": "Throne Room",
            "description": "The throne room of the 2nd house is just a little more decorative than\nthe inner courtyard having an altar in the center of the room.\n",
            "flags": "AD",
            "sector": "0",
            "exits": [
                {
                    "door": "D1",
                    "description": "",
                    "keyword": "",
                    "locks": "1",
                    "key": "-1",
                    "u1_vnum": "5108"
                }
            ]
        },
        {
            "vnum": "5110",
            "name": "Main Gate",
            "description": "You are at the entrance to the 1st house of the city. A large gate, almost\nas big and elegant as the one at the entrance to the city, stands here.\n",
            "flags": "AD",
            "sector": "0",
            "exits": [
                {
                    "door": "D0",
                    "description": "",
                    "keyword": "",
                    "locks": "0",
                    "key": "0",
                    "u1_vnum": "5114"
                },
                {
                    "door": "D2",
                    "description": "",
                    "keyword": "",
                    "locks": "0",
                    "key": "0",
                    "u1_vnum": "5107"
                },
                {
                    "door": "D3",
                    "description": "A large gate lies to the west.",
                    "keyword": "gate",
                    "locks": "1",
                    "key": "-1",
                    "u1_vnum": "5111"
                }
            ]
        },
        {
            "vnum": "5111",
            "name": "1st House",
            "description": "You stand in the inner courtyard of the 1st and largest house in the city.\nThe room is extremely large and decorative. Mural and paintings hang on the\nwalls depicting some battles and a spider queen.\n",
            "flags": "AD",
            "sector": "0",
            "exits": [
                {
                    "door": "D1",
                    "description": "",
                    "keyword": "",
                    "locks": "1",
                    "key": "-1",
                    "u1_vnum": "5110"
                },
                {
                    "door": "D3",
                    "description": "",
                    "keyword": "",
                    "locks": "0",
                    "key": "0",
                    "u1_vnum": "5112"
                }
            ]
        },
        {
            "vnum": "5112",
            "name": "Throne Room",
            "description": "The throne room of the 1st house is in one word...awesome. It is so\nhorrifying it is almost beautiful.\n",
            "flags": "AD",
            "sector": "0",
            "exits": [
                {
                    "door": "D0",
                    "description": "",
                    "keyword": "",
                    "locks": "1",
                    "key": "-1",
                    "u1_vnum": "5113"
                },
                {
                    "door": "D1",
                    "description": "",
                    "keyword": "",
                    "locks": "0",
                    "key": "-1",
                    "u1_vnum": "5111"
                }
            ]
        },
        {
            "vnum": "5113",
            "name": "Main Chamber",
            "description": "This is the council chamber for the Matron Mother herself. A huge table\nand chairs surrounding it sits in the center of the room.\n",
            "flags": "AD",
            "sector": "0",
            "exits": [
                {
                    "door": "D2",
                    "description": "",
                    "keyword": "",
                    "locks": "1",
                    "key": "-1",
                    "u1_vnum": "5112"
                }
            ]
        },
        {
            "vnum": "5114",
            "name": "City street",
            "description": "You walk along a highly ornate city street leading north-south and east.\n",
            "flags": "AD",
            "sector": "0",
            "exits": [
                {
                    "door": "D0",
                    "description": "",
                    "keyword": "",
                    "locks": "0",
                    "key": "0",
                    "u1_vnum": "5115"
                },
                {
                    "door": "D1",
                    "description": "",
                    "keyword": "",
                    "locks": "0",
                    "key": "0",
                    "u1_vnum": "5117"
                },
                {
                    "door": "D2",
                    "description": "",
                    "keyword": "",
                    "locks": "0",
                    "key": "0",
                    "u1_vnum": "5110"
                }
            ]
        },
        {
            "vnum": "5115",
            "name": "City street",
            "description": "You walk along a highly ornate city street leading south. A building is\nto the west.\n",
            "flags": "AD",
            "sector": "0",
            "exits": [
                {
                    "door": "D2",
                    "description": "",
                    "keyword": "",
                    "locks": "0",
                    "key": "0",
                    "u1_vnum": "5114"
                },
                {
                    "door": "D3",
                    "description": "",
                    "keyword": "",
                    "locks": "1",
                    "key": "-1",
                    "u1_vnum": "5116"
                }
            ]
        },
        {
            "vnum": "5116",
            "name": "Cleric Academy",
            "description": "This is the most lavish of the academies being that it is for the clerics.\n",
            "flags": "AD",
            "sector": "0",
            "exits": [
                {
                    "door": "D1",
                    "description": "",
                    "keyword": "",
                    "locks": "1",
                    "key": "-1",
                    "u1_vnum": "5115"
                }
            ]
        },
        {
            "vnum": "5117",
            "name": "City street",
            "description": "You walk along a highly ornate city street going east-west. To the north\nis a giant temple.\n",
            "flags": "AD",
            "sector": "0",
            "exits": [
                {
                    "door": "D0",
                    "description": "The entrance to the temple of Lloth.",
                    "keyword": "",
                    "locks": "1",
                    "key": "-1",
                    "u1_vnum": "5119"
                },
                {
                    "door": "D1",
                    "description": "",
                    "keyword": "",
                    "locks": "0",
                    "key": "0",
                    "u1_vnum": "5121"
                },
                {
                    "door": "D3",
                    "description": "",
                    "keyword": "",
                    "locks": "0",
                    "key": "0",
                    "u1_vnum": "5114"
                }
            ]
        },
        {
            "vnum": "5118",
            "name": "Warrior's Academy",
            "description": "This looks more like a barracks than a school.\n",
            "flags": "AD",
            "sector": "0",
            "exits": [
                {
                    "door": "D2",
                    "description": "",
                    "keyword": "",
                    "locks": "0",
                    "key": "0",
                    "u1_vnum": "5106"
                }
            ]
        },
        {
            "vnum": "5119",
            "name": "Entrance to the Temple of Lloth",
            "description": "The temple is the largest building in the city. Even it's doors are beyond\nimagination. Inside of the temple entrance, the walls are made of gold and\nadamantite.\n",
            "flags": "AD",
            "sector": "0",
            "exits": [
                {
                    "door": "D2",
                    "description": "",
                    "keyword": "",
                    "locks": "1",
                    "key": "-1",
                    "u1_vnum": "5117"
                },
                {
                    "door": "D5",
                    "description": "",
                    "keyword": "",
                    "locks": "0",
                    "key": "0",
                    "u1_vnum": "5126"
                }
            ]
        },
        {
            "vnum": "5120",
            "name": "Mage's Academy",
            "description": "The mages academy is fairly well decorated see that the drow prefer magic\nover physical power greatly.\n",
            "flags": "AD",
            "sector": "0",
            "exits": [
                {
                    "door": "D2",
                    "description": "",
                    "keyword": "",
                    "locks": "1",
                    "key": "-1",
                    "u1_vnum": "5121"
                }
            ]
        },
        {
            "vnum": "5121",
            "name": "City street",
            "description": "You walk along a highly ornate city street going eastward. To the north is\na building.\n",
            "flags": "AD",
            "sector": "0",
            "exits": [
                {
                    "door": "D0",
                    "description": "",
                    "keyword": "",
                    "locks": "1",
                    "key": "-1",
                    "u1_vnum": "5120"
                },
                {
                    "door": "D1",
                    "description": "",
                    "keyword": "",
                    "locks": "0",
                    "key": "0",
                    "u1_vnum": "5123"
                },
                {
                    "door": "D2",
                    "description": "",
                    "keyword": "",
                    "locks": "0",
                    "key": "0",
                    "u1_vnum": "5122"
                },
                {
                    "door": "D3",
                    "description": "",
                    "keyword": "",
                    "locks": "0",
                    "key": "0",
                    "u1_vnum": "5117"
                }
            ]
        },
        {
            "vnum": "5122",
            "name": "Slave Chamber",
            "description": "The room is in shambles. Straw is strewn all about the room as beds for the\nunfortunate creatures who have fallen prey to drow imperialism.\n",
            "flags": "AD",
            "sector": "0",
            "exits": [
                {
                    "door": "D0",
                    "description": "",
                    "keyword": "",
                    "locks": "0",
                    "key": "0",
                    "u1_vnum": "5121"
                },
                {
                    "door": "D1",
                    "description": "",
                    "keyword": "",
                    "locks": "0",
                    "key": "0",
                    "u1_vnum": "5101"
                }
            ]
        },
        {
            "vnum": "5123",
            "name": "City street",
            "description": "You walk along a highly ornate city street leading west and south. To the\nnorth is a relatively small house.\n",
            "flags": "AD",
            "sector": "0",
            "exits": [
                {
                    "door": "D0",
                    "description": "",
                    "keyword": "",
                    "locks": "1",
                    "key": "-1",
                    "u1_vnum": "5124"
                },
                {
                    "door": "D2",
                    "description": "",
                    "keyword": "",
                    "locks": "0",
                    "key": "0",
                    "u1_vnum": "5101"
                },
                {
                    "door": "D3",
                    "description": "",
                    "keyword": "",
                    "locks": "0",
                    "key": "0",
                    "u1_vnum": "5121"
                }
            ]
        },
        {
            "vnum": "5124",
            "name": "4th house",
            "description": "You stand inside the 4th house of the city. Its inner courtyard is rather\ndull by drow standards and rather small as well.\n",
            "flags": "AD",
            "sector": "0",
            "exits": [
                {
                    "door": "D1",
                    "description": "",
                    "keyword": "",
                    "locks": "0",
                    "key": "0",
                    "u1_vnum": "5125"
                },
                {
                    "door": "D2",
                    "description": "",
                    "keyword": "",
                    "locks": "1",
                    "key": "-1",
                    "u1_vnum": "5123"
                }
            ]
        },
        {
            "vnum": "5125",
            "name": "Throne Room",
            "description": "The throne room is basically similar to the inner courtyard in regards\nto decor. there is a small throne behind the altar but that is about it.\n",
            "flags": "AD",
            "sector": "0",
            "exits": [
                {
                    "door": "D3",
                    "description": "",
                    "keyword": "",
                    "locks": "0",
                    "key": "0",
                    "u1_vnum": "5124"
                }
            ]
        },
        {
            "vnum": "5126",
            "name": "Entrance Way",
            "description": "You stand in the entrance way to the temple which opens up to the north\ninto a large hallway going east and west. Small statues of spiders line the\nentrance way's walls.\n",
            "flags": "AD",
            "sector": "0",
            "exits": [
                {
                    "door": "D0",
                    "description": "",
                    "keyword": "",
                    "locks": "0",
                    "key": "0",
                    "u1_vnum": "5127"
                },
                {
                    "door": "D4",
                    "description": "",
                    "keyword": "",
                    "locks": "0",
                    "key": "0",
                    "u1_vnum": "5119"
                }
            ]
        },
        {
            "vnum": "5127",
            "name": "Hallway",
            "description": "You are in a long hallway lined with adamantite. The walls are engraved\nwith pictures of elves and spiders. The hallway continues east and west. As you\nlook down the hallway you can make out one or two figures moving away from you.\nTo the north is a obsidian stairway.\n",
            "flags": "AD",
            "sector": "0",
            "exits": [
                {
                    "door": "D0",
                    "description": "",
                    "keyword": "",
                    "locks": "0",
                    "key": "0",
                    "u1_vnum": "5135"
                },
                {
                    "door": "D1",
                    "description": "",
                    "keyword": "",
                    "locks": "0",
                    "key": "0",
                    "u1_vnum": "5128"
                },
                {
                    "door": "D2",
                    "description": "",
                    "keyword": "",
                    "locks": "0",
                    "key": "0",
                    "u1_vnum": "5126"
                },
                {
                    "door": "D3",
                    "description": "",
                    "keyword": "",
                    "locks": "0",
                    "key": "0",
                    "u1_vnum": "5131"
                }
            ]
        },
        {
            "vnum": "5128",
            "name": "Long Hallway",
            "description": "You are in a long hallway lined with adamantite. The walls are engraved\nwith pictures of elves and spiders. The hallway continues east and west. As you\nlook down the hallway you can make out one or two figures moving away from you.\n",
            "flags": "AD",
            "sector": "0",
            "exits": [
                {
                    "door": "D1",
                    "description": "",
                    "keyword": "",
                    "locks": "0",
                    "key": "0",
                    "u1_vnum": "5129"
                },
                {
                    "door": "D3",
                    "description": "",
                    "keyword": "",
                    "locks": "0",
                    "key": "0",
                    "u1_vnum": "5127"
                }
            ]
        },
        {
            "vnum": "5129",
            "name": "Long Hallway",
            "description": "You are in a long hallway lined with adamantite. The walls are engraved\nwith pictures of elves and spiders. The hallway continues east and west. As you\nlook down the hallway you can make out one or two figures moving away from you.\nTo the north is a door.\n",
            "flags": "AD",
            "sector": "0",
            "exits": [
                {
                    "door": "D0",
                    "description": "",
                    "keyword": "",
                    "locks": "1",
                    "key": "-1",
                    "u1_vnum": "5150"
                },
                {
                    "door": "D1",
                    "description": "",
                    "keyword": "",
                    "locks": "0",
                    "key": "0",
                    "u1_vnum": "5130"
                },
                {
                    "door": "D3",
                    "description": "",
                    "keyword": "",
                    "locks": "0",
                    "key": "0",
                    "u1_vnum": "5128"
                }
            ]
        },
        {
            "vnum": "5130",
            "name": "Long Hallway",
            "description": "You are in a long hallway lined with adamantite. The walls are engraved\nwith pictures of elves and spiders. The hallway continues east and west. As you\nlook down the hallway you can make out one or two figures moving away from you.\n",
            "flags": "AD",
            "sector": "0",
            "exits": [
                {
                    "door": "D1",
                    "description": "",
                    "keyword": "",
                    "locks": "0",
                    "key": "0",
                    "u1_vnum": "5134"
                },
                {
                    "door": "D3",
                    "description": "",
                    "keyword": "",
                    "locks": "0",
                    "key": "0",
                    "u1_vnum": "5129"
                }
            ]
        },
        {
            "vnum": "5131",
            "name": "Long Hallway",
            "description": "You are in a long hallway lined with adamantite. The walls are engraved\nwith pictures of elves and spiders. The hallway continues east and west. As you\nlook down the hallway you can make out one or two figures moving away from you.\n",
            "flags": "AD",
            "sector": "0",
            "exits": [
                {
                    "door": "D1",
                    "description": "",
                    "keyword": "",
                    "locks": "0",
                    "key": "0",
                    "u1_vnum": "5127"
                },
                {
                    "door": "D3",
                    "description": "",
                    "keyword": "",
                    "locks": "0",
                    "key": "0",
                    "u1_vnum": "5132"
                }
            ]
        },
        {
            "vnum": "5132",
            "name": "Long Hallway",
            "description": "You are in a long hallway lined with adamantite. The walls are engraved\nwith pictures of elves and spiders. The hallway continues east and west. As you\nlook down the hallway you can make out one or two figures moving away from you.\nTo the south is a door.\n",
            "flags": "AD",
            "sector": "0",
            "exits": [
                {
                    "door": "D1",
                    "description": "",
                    "keyword": "",
                    "locks": "0",
                    "key": "0",
                    "u1_vnum": "5131"
                },
                {
                    "door": "D2",
                    "description": "",
                    "keyword": "",
                    "locks": "1",
                    "key": "-1",
                    "u1_vnum": "5133"
                },
                {
                    "door": "D3",
                    "description": "",
                    "keyword": "",
                    "locks": "0",
                    "key": "0",
                    "u1_vnum": "5134"
                }
            ]
        },
        {
            "vnum": "5133",
            "name": "Warrior's Barracks",
            "description": "The room is a complete mess. None of the beds are made, clothes and other\nitems have been left all about the room. Well drow warriors never were known\nfor neatness.\n",
            "flags": "AD",
            "sector": "0",
            "exits": [
                {
                    "door": "D0",
                    "description": "",
                    "keyword": "",
                    "locks": "1",
                    "key": "-1",
                    "u1_vnum": "5132"
                }
            ]
        },
        {
            "vnum": "5134",
            "name": "Long Hallway",
            "description": "You are in a long hallway lined with adamantite. The walls are engraved\nwith pictures of elves and spiders. The hallway continues east and west. As you\nlook down the hallway you can make out one or two figures moving away from you.\n",
            "flags": "AD",
            "sector": "0",
            "exits": [
                {
                    "door": "D1",
                    "description": "",
                    "keyword": "",
                    "locks": "0",
                    "key": "0",
                    "u1_vnum": "5132"
                },
                {
                    "door": "D3",
                    "description": "",
                    "keyword": "",
                    "locks": "0",
                    "key": "0",
                    "u1_vnum": "5130"
                }
            ]
        },
        {
            "vnum": "5135",
            "name": "Grand Stairway",
            "description": "You are standing at the bottom of a giant obsidian and adamantite\nstairway. The edges are trimmed with gold.\n",
            "flags": "AD",
            "sector": "0",
            "exits": [
                {
                    "door": "D2",
                    "description": "",
                    "keyword": "",
                    "locks": "0",
                    "key": "0",
                    "u1_vnum": "5127"
                },
                {
                    "door": "D4",
                    "description": "",
                    "keyword": "",
                    "locks": "0",
                    "key": "0",
                    "u1_vnum": "5136"
                }
            ]
        },
        {
            "vnum": "5136",
            "name": "Grand Hallway",
            "description": "You are standing in the middle of a grand hallway. The walls are\nof the purest adamantite with gold trim. Mosaics line the walls.\n",
            "flags": "AD",
            "sector": "0",
            "exits": [
                {
                    "door": "D0",
                    "description": "",
                    "keyword": "",
                    "locks": "0",
                    "key": "0",
                    "u1_vnum": "5138"
                },
                {
                    "door": "D1",
                    "description": "",
                    "keyword": "",
                    "locks": "1",
                    "key": "-1",
                    "u1_vnum": "5137"
                },
                {
                    "door": "D5",
                    "description": "",
                    "keyword": "",
                    "locks": "0",
                    "key": "0",
                    "u1_vnum": "5135"
                }
            ]
        },
        {
            "vnum": "5137",
            "name": "Mage's Barracks",
            "description": "The mage's living quarters is rather clean with the exception of a few\nused component containers. It is rather well decorated as well. Cots line the\nfloor for the mages to sleep on. the only door is to the west.\n",
            "flags": "AD",
            "sector": "0",
            "exits": [
                {
                    "door": "D3",
                    "description": "",
                    "keyword": "",
                    "locks": "1",
                    "key": "-1",
                    "u1_vnum": "5136"
                }
            ]
        },
        {
            "vnum": "5138",
            "name": "Grand Hallway",
            "description": "You are walking down a grand hallway, heavily decorated with adamantite\nand gold. To the north the hall goes down a flight of stairs while a door is\ntoo the west.\n",
            "flags": "AD",
            "sector": "0",
            "exits": [
                {
                    "door": "D2",
                    "description": "",
                    "keyword": "",
                    "locks": "0",
                    "key": "0",
                    "u1_vnum": "5136"
                },
                {
                    "door": "D3",
                    "description": "",
                    "keyword": "",
                    "locks": "1",
                    "key": "-1",
                    "u1_vnum": "5139"
                },
                {
                    "door": "D5",
                    "description": "",
                    "keyword": "",
                    "locks": "0",
                    "key": "0",
                    "u1_vnum": "5140"
                }
            ]
        },
        {
            "vnum": "5139",
            "name": "Cleric's Barracks",
            "description": "The bed chamber is brightly decorated with spider shaped statues, murals\nand the like. Large beds line the floor making this a comfortable room to live\nin.\n",
            "flags": "AD",
            "sector": "0",
            "exits": [
                {
                    "door": "D1",
                    "description": "",
                    "keyword": "",
                    "locks": "1",
                    "key": "-1",
                    "u1_vnum": "5138"
                }
            ]
        },
        {
            "vnum": "5140",
            "name": "Grand Stairway",
            "description": "You are climbing a set of obsidian stairs surrounded by adamantite walls.\nTo the north are a set of large golden doors.\n",
            "flags": "AD",
            "sector": "0",
            "exits": [
                {
                    "door": "D0",
                    "description": "",
                    "keyword": "",
                    "locks": "1",
                    "key": "-1",
                    "u1_vnum": "5141"
                },
                {
                    "door": "D4",
                    "description": "",
                    "keyword": "",
                    "locks": "0",
                    "key": "0",
                    "u1_vnum": "5138"
                }
            ]
        },
        {
            "vnum": "5141",
            "name": "Main Chamber",
            "description": "This is the south side of a large auditorium used for services by the\ndrow priestesses. In the center is a large sacrificial pit and beyond that is\nan altar.\n",
            "flags": "AD",
            "sector": "0",
            "exits": [
                {
                    "door": "D1",
                    "description": "",
                    "keyword": "",
                    "locks": "0",
                    "key": "0",
                    "u1_vnum": "5142"
                },
                {
                    "door": "D2",
                    "description": "",
                    "keyword": "",
                    "locks": "1",
                    "key": "-1",
                    "u1_vnum": "5140"
                },
                {
                    "door": "D3",
                    "description": "",
                    "keyword": "",
                    "locks": "0",
                    "key": "0",
                    "u1_vnum": "5144"
                }
            ]
        },
        {
            "vnum": "5142",
            "name": "Eastern side of Chamber",
            "description": "You are on the eastern side of the chamber overlooking the pit. To the east\nis a door while to the north is an altar.\n",
            "flags": "AD",
            "sector": "0",
            "exits": [
                {
                    "door": "D0",
                    "description": "",
                    "keyword": "",
                    "locks": "0",
                    "key": "0",
                    "u1_vnum": "5145"
                },
                {
                    "door": "D1",
                    "description": "",
                    "keyword": "",
                    "locks": "1",
                    "key": "-1",
                    "u1_vnum": "5146"
                },
                {
                    "door": "D2",
                    "description": "",
                    "keyword": "",
                    "locks": "0",
                    "key": "0",
                    "u1_vnum": "5141"
                }
            ]
        },
        {
            "vnum": "5143",
            "name": "Sacrificial Pit",
            "description": "A you climb down into the pit thousands of spiders cover you tearing your\nbody to shreds.\nLloth thanks you for your sacrifice.\nYou've fallen, and you can't get up!!!\n",
            "flags": "CD",
            "sector": "0"
        },
        {
            "vnum": "5144",
            "name": "Western side of Chamber",
            "description": "You are on the western side of the main chamber overlooking a sacrificial\npit. To the north is an altar.\n",
            "flags": "AD",
            "sector": "0",
            "exits": [
                {
                    "door": "D0",
                    "description": "",
                    "keyword": "",
                    "locks": "0",
                    "key": "0",
                    "u1_vnum": "5145"
                },
                {
                    "door": "D2",
                    "description": "",
                    "keyword": "",
                    "locks": "0",
                    "key": "0",
                    "u1_vnum": "5141"
                }
            ]
        },
        {
            "vnum": "5145",
            "name": "The Altar",
            "description": "You are standing in front of a highly and freshly bloodstained altar.\nEngraved on the top of the altar is a giant spider with a human head. Looking\ndown from the altar you see a large sacrificial pit.\n",
            "flags": "AD",
            "sector": "0",
            "exits": [
                {
                    "door": "D0",
                    "description": "",
                    "keyword": "",
                    "locks": "0",
                    "key": "0",
                    "u1_vnum": "5148"
                },
                {
                    "door": "D1",
                    "description": "",
                    "keyword": "",
                    "locks": "0",
                    "key": "0",
                    "u1_vnum": "5142"
                },
                {
                    "door": "D3",
                    "description": "",
                    "keyword": "",
                    "locks": "0",
                    "key": "0",
                    "u1_vnum": "5144"
                },
                {
                    "door": "D5",
                    "description": "",
                    "keyword": "",
                    "locks": "0",
                    "key": "0",
                    "u1_vnum": "5143"
                }
            ]
        },
        {
            "vnum": "5146",
            "name": "Slave Cells",
            "description": "This is the main room to the cell chambers for the slaves to be\nsacrificed. You notice there are no guards around.\n",
            "flags": "AD",
            "sector": "0",
            "exits": [
                {
                    "door": "D0",
                    "description": "",
                    "keyword": "",
                    "locks": "1",
                    "key": "-1",
                    "u1_vnum": "5147"
                },
                {
                    "door": "D3",
                    "description": "",
                    "keyword": "",
                    "locks": "0",
                    "key": "0",
                    "u1_vnum": "5142"
                }
            ]
        },
        {
            "vnum": "5147",
            "name": "Slave Pen",
            "description": "Rotten meat and breads lie about the floor while shackles hang from the\nwalls. The room wreaks of death. You almost become nauseous and decide to leave\nthe room since you were obviously too late to save the slave.\n",
            "flags": "AD",
            "sector": "0",
            "exits": [
                {
                    "door": "D2",
                    "description": "",
                    "keyword": "",
                    "locks": "1",
                    "key": "-1",
                    "u1_vnum": "5146"
                }
            ]
        },
        {
            "vnum": "5148",
            "name": "Dais",
            "description": "You stand upon a dais behind the altar. Above you is a enormous illusion\nof a female drow turning into a giant spider and back again. There is a door\nto the west.\n",
            "flags": "AD",
            "sector": "0",
            "exits": [
                {
                    "door": "D2",
                    "description": "",
                    "keyword": "",
                    "locks": "0",
                    "key": "0",
                    "u1_vnum": "5145"
                },
                {
                    "door": "D3",
                    "description": "",
                    "keyword": "",
                    "locks": "1",
                    "key": "-1",
                    "u1_vnum": "5149"
                }
            ]
        },
        {
            "vnum": "5149",
            "name": "The Treasury",
            "description": "This is obviously only a temporary storage place for the collected\ntreasure being rather bare.\n",
            "flags": "AD",
            "sector": "0",
            "exits": [
                {
                    "door": "D1",
                    "description": "",
                    "keyword": "",
                    "locks": "1",
                    "key": "-1",
                    "u1_vnum": "5148"
                }
            ]
        },
        {
            "vnum": "5150",
            "name": "Weaponsmaster's Chamber",
            "description": "This one person bedchamber is very elegant. The owner must be held in high\nto get this kind of treatment.\n",
            "flags": "AD",
            "sector": "0",
            "exits": [
                {
                    "door": "D2",
                    "description": "",
                    "keyword": "",
                    "locks": "1",
                    "key": "-1",
                    "u1_vnum": "5129"
                }
            ]
        }
    ],
    "resets": [
        {
            "command": "M",
            "arg1": "5100",
            "arg2": "15",
            "arg3": "5122",
            "arg4": "15"
        },
        {
            "command": "M",
            "arg1": "5101",
            "arg2": "10",
            "arg3": "5118",
            "arg4": "5"
        },
        {
            "command": "E",
            "arg1": "5100",
            "arg2": "50",
            "arg3": "16"
        },
        {
            "command": "M",
            "arg1": "5101",
            "arg2": "10",
            "arg3": "5133",
            "arg4": "5"
        },
        {
            "command": "E",
            "arg1": "5100",
            "arg2": "50",
            "arg3": "16"
        },
        {
            "command": "M",
            "arg1": "5102",
            "arg2": "4",
            "arg3": "5104",
            "arg4": "1"
        },
        {
            "command": "E",
            "arg1": "5101",
            "arg2": "12",
            "arg3": "16"
        },
        {
            "command": "M",
            "arg1": "5102",
            "arg2": "4",
            "arg3": "5124",
            "arg4": "1"
        },
        {
            "command": "E",
            "arg1": "5101",
            "arg2": "12",
            "arg3": "16"
        },
        {
            "command": "M",
            "arg1": "5102",
            "arg2": "4",
            "arg3": "5108",
            "arg4": "1"
        },
        {
            "command": "E",
            "arg1": "5101",
            "arg2": "12",
            "arg3": "16"
        },
        {
            "command": "M",
            "arg1": "5102",
            "arg2": "4",
            "arg3": "5111",
            "arg4": "1"
        },
        {
            "command": "E",
            "arg1": "5101",
            "arg2": "12",
            "arg3": "16"
        },
        {
            "command": "M",
            "arg1": "5103",
            "arg2": "4",
            "arg3": "5104",
            "arg4": "1"
        },
        {
            "command": "E",
            "arg1": "5102",
            "arg2": "4",
            "arg3": "16"
        },
        {
            "command": "M",
            "arg1": "5103",
            "arg2": "4",
            "arg3": "5124",
            "arg4": "1"
        },
        {
            "command": "E",
            "arg1": "5102",
            "arg2": "4",
            "arg3": "16"
        },
        {
            "command": "M",
            "arg1": "5103",
            "arg2": "4",
            "arg3": "5108",
            "arg4": "1"
        },
        {
            "command": "E",
            "arg1": "5102",
            "arg2": "4",
            "arg3": "16"
        },
        {
            "command": "M",
            "arg1": "5103",
            "arg2": "4",
            "arg3": "5111",
            "arg4": "1"
        },
        {
            "command": "E",
            "arg1": "5102",
            "arg2": "4",
            "arg3": "16"
        },
        {
            "command": "M",
            "arg1": "5104",
            "arg2": "4",
            "arg3": "5104",
            "arg4": "1"
        },
        {
            "command": "E",
            "arg1": "5103",
            "arg2": "4",
            "arg3": "16"
        },
        {
            "command": "M",
            "arg1": "5104",
            "arg2": "4",
            "arg3": "5124",
            "arg4": "1"
        },
        {
            "command": "E",
            "arg1": "5103",
            "arg2": "4",
            "arg3": "16"
        },
        {
            "command": "M",
            "arg1": "5104",
            "arg2": "4",
            "arg3": "5108",
            "arg4": "1"
        },
        {
            "command": "E",
            "arg1": "5103",
            "arg2": "4",
            "arg3": "16"
        },
        {
            "command": "M",
            "arg1": "5104",
            "arg2": "4",
            "arg3": "5111",
            "arg4": "1"
        },
        {
            "command": "E",
            "arg1": "5103",
            "arg2": "4",
            "arg3": "16"
        },
        {
            "command": "M",
            "arg1": "5105",
            "arg2": "3",
            "arg3": "5118",
            "arg4": "1"
        },
        {
            "command": "E",
            "arg1": "5105",
            "arg2": "3",
            "arg3": "16"
        },
        {
            "command": "E",
            "arg1": "5110",
            "arg2": "5",
            "arg3": "17"
        },
        {
            "command": "M",
            "arg1": "5105",
            "arg2": "3",
            "arg3": "5120",
            "arg4": "1"
        },
        {
            "command": "E",
            "arg1": "5104",
            "arg2": "2",
            "arg3": "16"
        },
        {
            "command": "E",
            "arg1": "5110",
            "arg2": "5",
            "arg3": "17"
        },
        {
            "command": "M",
            "arg1": "5105",
            "arg2": "3",
            "arg3": "5116",
            "arg4": "1"
        },
        {
            "command": "E",
            "arg1": "5104",
            "arg2": "2",
            "arg3": "16"
        },
        {
            "command": "E",
            "arg1": "5110",
            "arg2": "5",
            "arg3": "17"
        },
        {
            "command": "M",
            "arg1": "5106",
            "arg2": "2",
            "arg3": "5150",
            "arg4": "1"
        },
        {
            "command": "E",
            "arg1": "5105",
            "arg2": "3",
            "arg3": "16"
        },
        {
            "command": "E",
            "arg1": "5109",
            "arg2": "1",
            "arg3": "9"
        },
        {
            "command": "M",
            "arg1": "5106",
            "arg2": "2",
            "arg3": "5101",
            "arg4": "1"
        },
        {
            "command": "E",
            "arg1": "5105",
            "arg2": "3",
            "arg3": "16"
        },
        {
            "command": "M",
            "arg1": "5107",
            "arg2": "3",
            "arg3": "5125",
            "arg4": "1"
        },
        {
            "command": "E",
            "arg1": "5104",
            "arg2": "3",
            "arg3": "16"
        },
        {
            "command": "G",
            "arg1": "5114",
            "arg2": "3"
        },
        {
            "command": "M",
            "arg1": "5107",
            "arg2": "3",
            "arg3": "5105",
            "arg4": "1"
        },
        {
            "command": "E",
            "arg1": "5104",
            "arg2": "3",
            "arg3": "16"
        },
        {
            "command": "E",
            "arg1": "5111",
            "arg2": "2",
            "arg3": "6"
        },
        {
            "command": "M",
            "arg1": "5107",
            "arg2": "3",
            "arg3": "5109",
            "arg4": "1"
        },
        {
            "command": "E",
            "arg1": "5104",
            "arg2": "3",
            "arg3": "16"
        },
        {
            "command": "E",
            "arg1": "5108",
            "arg2": "2",
            "arg3": "10"
        },
        {
            "command": "M",
            "arg1": "5108",
            "arg2": "1",
            "arg3": "5113",
            "arg4": "1"
        },
        {
            "command": "E",
            "arg1": "5115",
            "arg2": "1",
            "arg3": "16"
        },
        {
            "command": "E",
            "arg1": "5112",
            "arg2": "1",
            "arg3": "1"
        },
        {
            "command": "M",
            "arg1": "5109",
            "arg2": "1",
            "arg3": "5148",
            "arg4": "1"
        },
        {
            "command": "E",
            "arg1": "5113",
            "arg2": "1",
            "arg3": "16"
        },
        {
            "command": "D",
            "arg1": "5100",
            "arg2": "4",
            "arg3": "1"
        }
    ],
    "shops": [],
    "specials": [
        {
            "vnum": "5103",
            "spec_fun": "spec_cast_mage"
        },
        {
            "vnum": "5104",
            "spec_fun": "spec_cast_cleric"
        },
        {
            "vnum": "5108",
            "spec_fun": "spec_cast_cleric"
        },
        {
            "vnum": "5109",
            "spec_fun": "spec_breath_any"
        }
    ],
    "omprogs": [
        {
            "command": "O",
            "vnum": "5115",
            "progtype": "fight_prog",
            "progname": "fight_prog_snake"
        },
        {
            "command": "O",
            "vnum": "5115",
            "progtype": "get_prog",
            "progname": "get_prog_snake"
        },
        {
            "command": "O",
            "vnum": "5115",
            "progtype": "wear_prog",
            "progname": "wear_prog_snake"
        },
        {
            "command": "O",
            "vnum": "5115",
            "progtype": "remove_prog",
            "progname": "remove_prog_snake"
        }
    ],
    "olimits": [
        {
            "vnum": "5115",
            "limit": "1"
        }
    ]
}