{
    "area": {
        "file": "chaos.are",
        "name": "Chaos",
        "low_range": "90",
        "high_range": "100",
        "writer": "Asena",
        "credits": "The Circle of Chaos",
        "min_vnum": "550",
        "max_vnum": "559"
    },
    "mobiles": [
        {
            "vnum": "550",
            "name": "healer adept",
            "short_description": "a Healer",
            "long_description": "An adept and healer of the Lords of Anatolia is here.\n",
            "description": "He is an old, wise cleric blessing his old friends of Lords of Chaos\nRealms to break law. He belives that the more powerful you are the longer\nyou live.\n",
            "race": "human",
            "act": "ABQVae",
            "affected_by": "DFH",
            "alignment": "1000",
            "group": "0",
            "level": "90",
            "hitroll": "0",
            "hit_dice": "1d1+18999",
            "mana_dice": "1d1+999",
            "dam_dice": "10d40+30",
            "dam_type": "divine",
            "ac_pierce": "-45",
            "ac_bash": "-45",
            "ac_slash": "-45",
            "ac_exotic": "-15",
            "off_flags": "FHIK",
            "imm_flags": "ABC",
            "res_flags": "D",
            "vuln_flags": "0",
            "start_pos": "stand",
            "default_pos": "stand",
            "sex": "male",
            "wealth": "1000",
            "form": "0",
            "parts": "0",
            "size": "medium",
            "material": "0"
        },
        {
            "vnum": "551",
            "name": "guardian Chaos Ivan",
            "short_description": "Ivan the guardian of Chaos Realms",
            "long_description": "Ivan, the guardian of Chaos Realms, is guarding the enterance.\n",
            "description": "Ivan is wearing a complete set of dark armor and he is standing as a steel\nwall in front of the chaos realms.\n",
            "race": "human",
            "act": "ABKWe",
            "affected_by": "DFHJVZ",
            "alignment": "0",
            "group": "0",
            "level": "92",
            "hitroll": "50",
            "hit_dice": "2d500+25000",
            "mana_dice": "1d200+1600",
            "dam_dice": "10d40+50",
            "dam_type": "slash",
            "ac_pierce": "-70",
            "ac_bash": "-70",
            "ac_slash": "-70",
            "ac_exotic": "-30",
            "off_flags": "CEFKNU",
            "imm_flags": "AB",
            "res_flags": "0",
            "vuln_flags": "S",
            "start_pos": "stand",
            "default_pos": "stand",
            "sex": "male",
            "wealth": "5000",
            "form": "0",
            "parts": "0",
            "size": "medium",
            "material": "0"
        }
    ],
    "objects": [
        {
            "vnum": "550",
            "name": "key black marble",
            "short_description": "a black marble key",
            "description": "A black marble key is on the ground.",
            "material": "marble",
            "type": "key",
            "extra_flags": "ORY",
            "wear_flags": "AO",
            "values": "0 0 0 0 0",
            "level": "40",
            "weight": "4",
            "cost": "0",
            "condition": "P"
        },
        {
            "vnum": "551",
            "name": "altar",
            "short_description": "the altar",
            "description": "There is a huge black altar in the middle of the room.",
            "material": "gold",
            "type": "container",
            "extra_flags": "ORY",
            "wear_flags": "P",
            "values": "10 15 550 15 100",
            "level": "60",
            "weight": "1",
            "cost": "20",
            "condition": "P"
        },
        {
            "vnum": "552",
            "name": "item chaos",
            "short_description": "item of chaos",
            "description": "The item of chaos is here.",
            "material": "gold",
            "type": "treasure",
            "extra_flags": "O",
            "wear_flags": "AO",
            "values": "0 0 0 0 0",
            "level": "60",
            "weight": "1",
            "cost": "100000",
            "condition": "P"
        },
        {
            "vnum": "553",
            "name": "chaos blade",
            "short_description": "a chaos blade",
            "description": "A shiny gold dagger is on the ground.",
            "material": "gold",
            "type": "weapon",
            "extra_flags": "TWAIP",
            "wear_flags": "AN",
            "values": "dagger 6 6 pierce D",
            "level": "20",
            "weight": "200",
            "cost": "0",
            "condition": "P"
        }
    ],
    "rooms": [
        {
            "vnum": "550",
            "name": "The Enterance",
            "description": "Welcome to Paradise of the Chaos Realms. There is neither rule nor law\nhere. \n",
            "flags": "DX",
            "sector": "0",
            "exits": [
                {
                    "door": "D0",
                    "description": "",
                    "keyword": "",
                    "locks": "5",
                    "key": "-1",
                    "u1_vnum": "551"
                },
                {
                    "door": "D3",
                    "description": "",
                    "keyword": "",
                    "locks": "0",
                    "key": "-1",
                    "u1_vnum": "9786"
                }
            ]
        },
        {
            "vnum": "551",
            "name": "Inside the Great Hall",
            "description": "There is a long hall covered with the embles of the Lords of the Chaos\nRealms. The smooth wooden floors are well polished. \n",
            "flags": "DX",
            "sector": "0",
            "exits": [
                {
                    "door": "D0",
                    "description": "",
                    "keyword": "",
                    "locks": "0",
                    "key": "-1",
                    "u1_vnum": "554"
                },
                {
                    "door": "D1",
                    "description": "",
                    "keyword": "",
                    "locks": "0",
                    "key": "-1",
                    "u1_vnum": "552"
                },
                {
                    "door": "D2",
                    "description": "",
                    "keyword": "",
                    "locks": "0",
                    "key": "-1",
                    "u1_vnum": "550"
                },
                {
                    "door": "D3",
                    "description": "",
                    "keyword": "",
                    "locks": "0",
                    "key": "-1",
                    "u1_vnum": "553"
                }
            ]
        },
        {
            "vnum": "552",
            "name": "Squire Barracs",
            "description": "This room serves as a barracks of the squires of this chaos realms. The\nroom is gloomy, wet and in a state of disorder. \n",
            "flags": "DX",
            "sector": "0",
            "exits": [
                {
                    "door": "D3",
                    "description": "",
                    "keyword": "",
                    "locks": "0",
                    "key": "-1",
                    "u1_vnum": "551"
                }
            ]
        },
        {
            "vnum": "553",
            "name": "Storage Room",
            "description": "You see many boxes before you, apparently this is a storage room some\nsort. This is where the lords of chaos realms store all theirspare\nclothing, armor and weapon.\n",
            "flags": "DX",
            "sector": "0",
            "exits": [
                {
                    "door": "D1",
                    "description": "",
                    "keyword": "",
                    "locks": "0",
                    "key": "-1",
                    "u1_vnum": "551"
                }
            ]
        },
        {
            "vnum": "554",
            "name": "The Altar of the Chaos",
            "description": "There is only one rule: the more powerful you are the longer you live.\n",
            "flags": "DX",
            "sector": "0",
            "exits": [
                {
                    "door": "D2",
                    "description": "",
                    "keyword": "",
                    "locks": "0",
                    "key": "-1",
                    "u1_vnum": "551"
                }
            ]
        }
    ],
    "resets": [
        {
            "command": "M",
            "arg1": "550",
            "arg2": "1",
            "arg3": "554",
            "arg4": "1"
        },
        {
            "command": "O",
            "arg1": "551",
            "arg2": "1",
            "arg3": "554"
        },
        {
            "command": "P",
            "arg1": "552",
            "arg2": "1",
            "arg3": "551",
            "arg4": "1"
        },
        {
            "command": "M",
            "arg1": "551",
            "arg2": "1",
            "arg3": "550",
            "arg4": "1"
        },
        {
            "command": "E",
            "arg1": "550",
            "arg2": "0",
            "arg3": "11"
        }
    ],
    "specials": [
        {
            "vnum": "550",
            "spec_fun": "spec_cast_cabal"
        },
        {
            "vnum": "551",
            "spec_fun": "spec_fight_ivan"
        }
    ],
    "omprogs": [
        {
            "command": "O",
            "vnum": "552",
            "progtype": "get_prog",
            "progname": "get_prog_cabal_item"
        },
        {
            "command": "O",
            "vnum": "552",
            "progtype": "sac_prog",
            "progname": "sac_prog_cabal_item"
        },
        {
            "command": "M",
            "vnum": "551",
            "progtype": "greet_prog",
            "progname": "greet_prog_chaos"
        }
    ],
    "practicers": [
        {
            "vnum": "551",
            "practicer": "group_cabal"
        }
    ]
}