{
    "area": {
        "file": "daycare.are",
        "name": "Day Care",
        "low_range": "1",
        "high_range": "5",
        "writer": "Sandman",
        "credits": "Dwarven Day Care",
        "min_vnum": "6600",
        "max_vnum": "6699"
    },
    "mobiles": [
        {
            "vnum": "6600",
            "name": "youth dwarven dwarf",
            "short_description": "the dwarven youth",
            "long_description": "A young dwarf plays with a toy axe.\n",
            "description": "This is a young but not totally harmless creature.\n",
            "race": "dwarf",
            "act": "ACGT",
            "affected_by": "0",
            "alignment": "-5",
            "group": "0",
            "level": "3",
            "hitroll": "0",
            "hit_dice": "1d4+30",
            "mana_dice": "1d1+99",
            "dam_dice": "1d4+2",
            "dam_type": "beating",
            "ac_pierce": "7",
            "ac_bash": "6",
            "ac_slash": "7",
            "ac_exotic": "10",
            "off_flags": "DJR",
            "imm_flags": "0",
            "res_flags": "0",
            "vuln_flags": "0",
            "start_pos": "sit",
            "default_pos": "stand",
            "sex": "either",
            "wealth": "10",
            "form": "0",
            "parts": "0",
            "size": "small",
            "material": "0"
        },
        {
            "vnum": "6601",
            "name": "teddy bear",
            "short_description": "a teddy bear",
            "long_description": "A cute and fuzzy teddy bear stands here.\n",
            "description": "This is a tiny little bear with a heart on his chest.\n",
            "race": "doll",
            "act": "ACG",
            "affected_by": "0",
            "alignment": "500",
            "group": "0",
            "level": "1",
            "hitroll": "0",
            "hit_dice": "1d10+10",
            "mana_dice": "1d1+99",
            "dam_dice": "1d4+0",
            "dam_type": "beating",
            "ac_pierce": "8",
            "ac_bash": "5",
            "ac_slash": "9",
            "ac_exotic": "10",
            "off_flags": "NR",
            "imm_flags": "0",
            "res_flags": "0",
            "vuln_flags": "0",
            "start_pos": "stand",
            "default_pos": "stand",
            "sex": "male",
            "wealth": "0",
            "form": "0",
            "parts": "0",
            "size": "small",
            "material": "cloth"
        },
        {
            "vnum": "6602",
            "name": "doll raggedy anne",
            "short_description": "a raggedy anne doll",
            "long_description": "A raggedy anne doll is sitting here.\n",
            "description": "You see a small little cute rag doll.\n",
            "race": "doll",
            "act": "ACG",
            "affected_by": "0",
            "alignment": "300",
            "group": "0",
            "level": "2",
            "hitroll": "0",
            "hit_dice": "2d5+19",
            "mana_dice": "1d1+99",
            "dam_dice": "1d5+0",
            "dam_type": "beating",
            "ac_pierce": "7",
            "ac_bash": "4",
            "ac_slash": "8",
            "ac_exotic": "10",
            "off_flags": "FHR",
            "imm_flags": "0",
            "res_flags": "0",
            "vuln_flags": "0",
            "start_pos": "sit",
            "default_pos": "stand",
            "sex": "female",
            "wealth": "0",
            "form": "0",
            "parts": "0",
            "size": "small",
            "material": "cloth"
        },
        {
            "vnum": "6603",
            "name": "soldier toy",
            "short_description": "a toy soldier",
            "long_description": "A toy soldier is standing here.\n",
            "description": "The toy is looking for target practice.\n",
            "race": "doll",
            "act": "ACGT",
            "affected_by": "0",
            "alignment": "-300",
            "group": "0",
            "level": "3",
            "hitroll": "1",
            "hit_dice": "3d5+36",
            "mana_dice": "1d1+99",
            "dam_dice": "1d4+3",
            "dam_type": "punch",
            "ac_pierce": "6",
            "ac_bash": "7",
            "ac_slash": "6",
            "ac_exotic": "9",
            "off_flags": "IR",
            "imm_flags": "0",
            "res_flags": "G",
            "vuln_flags": "E",
            "start_pos": "stand",
            "default_pos": "stand",
            "sex": "male",
            "wealth": "0",
            "form": "0",
            "parts": "0",
            "size": "small",
            "material": "tin"
        },
        {
            "vnum": "6604",
            "name": "bear ugly",
            "short_description": "the ugly bear",
            "long_description": "An ugly stuffed bear stands here.\n",
            "description": "This is obviously a reject from the factory.\nHe snarls and growls at you.\n",
            "race": "doll",
            "act": "ACF",
            "affected_by": "0",
            "alignment": "-400",
            "group": "0",
            "level": "3",
            "hitroll": "0",
            "hit_dice": "3d4+29",
            "mana_dice": "1d1+99",
            "dam_dice": "1d6+1",
            "dam_type": "chomp",
            "ac_pierce": "6",
            "ac_bash": "3",
            "ac_slash": "7",
            "ac_exotic": "10",
            "off_flags": "DJNR",
            "imm_flags": "0",
            "res_flags": "0",
            "vuln_flags": "0",
            "start_pos": "stand",
            "default_pos": "stand",
            "sex": "male",
            "wealth": "5",
            "form": "0",
            "parts": "0",
            "size": "small",
            "material": "cloth"
        },
        {
            "vnum": "6605",
            "name": "doll old",
            "short_description": "an old doll",
            "long_description": "An abused and old doll is here.\n",
            "description": "This doll has been hugged and played with until there is almost nothing left.\n",
            "race": "doll",
            "act": "ACG",
            "affected_by": "0",
            "alignment": "-2",
            "group": "0",
            "level": "1",
            "hitroll": "0",
            "hit_dice": "1d10+1",
            "mana_dice": "1d1+99",
            "dam_dice": "1d4+0",
            "dam_type": "beating",
            "ac_pierce": "8",
            "ac_bash": "5",
            "ac_slash": "9",
            "ac_exotic": "10",
            "off_flags": "R",
            "imm_flags": "0",
            "res_flags": "0",
            "vuln_flags": "0",
            "start_pos": "stand",
            "default_pos": "stand",
            "sex": "none",
            "wealth": "0",
            "form": "0",
            "parts": "0",
            "size": "small",
            "material": "cloth"
        },
        {
            "vnum": "6606",
            "name": "nanny",
            "short_description": "the nanny",
            "long_description": "An old wrinkled nanny stands here, looking over the little ones.\n",
            "description": "You see an old dwarven lady who has been hunched over with age.  However, it\nappears that there is still some fight left in her.\n",
            "race": "dwarf",
            "act": "AG",
            "affected_by": "0",
            "alignment": "10",
            "group": "0",
            "level": "5",
            "hitroll": "1",
            "hit_dice": "4d4+50",
            "mana_dice": "5d4+100",
            "dam_dice": "1d6+1",
            "dam_type": "slap",
            "ac_pierce": "5",
            "ac_bash": "5",
            "ac_slash": "5",
            "ac_exotic": "10",
            "off_flags": "CDR",
            "imm_flags": "0",
            "res_flags": "0",
            "vuln_flags": "0",
            "start_pos": "stand",
            "default_pos": "stand",
            "sex": "female",
            "wealth": "50",
            "form": "0",
            "parts": "0",
            "size": "medium",
            "material": "0"
        },
        {
            "vnum": "6607",
            "name": "guard",
            "short_description": "the armed guard",
            "long_description": "An armed guard stands here looking lost.\n",
            "description": "This is a big mean bully who is tired of being lost in this maze.\nYou suddenly think that you had better flee.\n",
            "race": "dwarf",
            "act": "ABCT",
            "affected_by": "D",
            "alignment": "-800",
            "group": "0",
            "level": "8",
            "hitroll": "1",
            "hit_dice": "3d10+100",
            "mana_dice": "8d4+100",
            "dam_dice": "1d7+3",
            "dam_type": "punch",
            "ac_pierce": "3",
            "ac_bash": "2",
            "ac_slash": "3",
            "ac_exotic": "8",
            "off_flags": "CDJR",
            "imm_flags": "0",
            "res_flags": "0",
            "vuln_flags": "0",
            "start_pos": "stand",
            "default_pos": "stand",
            "sex": "male",
            "wealth": "120",
            "form": "0",
            "parts": "0",
            "size": "medium",
            "material": "0"
        },
        {
            "vnum": "6608",
            "name": "brat spoiled",
            "short_description": "the spoiled brat",
            "long_description": "A spoiled brat is crying here.\n",
            "description": "You see a little tyke who has always gotten what he wanted.  You have the\nbiggest urge to put him out of his misery.\n",
            "race": "dwarf",
            "act": "ABC",
            "affected_by": "0",
            "alignment": "-400",
            "group": "0",
            "level": "1",
            "hitroll": "0",
            "hit_dice": "2d4+15",
            "mana_dice": "1d1+199",
            "dam_dice": "2d2+1",
            "dam_type": "beating",
            "ac_pierce": "8",
            "ac_bash": "8",
            "ac_slash": "8",
            "ac_exotic": "10",
            "off_flags": "IJN",
            "imm_flags": "0",
            "res_flags": "0",
            "vuln_flags": "0",
            "start_pos": "stand",
            "default_pos": "stand",
            "sex": "male",
            "wealth": "50",
            "form": "0",
            "parts": "0",
            "size": "small",
            "material": "0"
        }
    ],
    "objects": [
        {
            "vnum": "6600",
            "name": "axe toy",
            "short_description": "a toy axe",
            "description": "An axe made of wood lies here.",
            "material": "wood",
            "type": "weapon",
            "extra_flags": "0",
            "wear_flags": "AN",
            "values": "axe 1 5 chop 0",
            "level": "0",
            "weight": "30",
            "cost": "250",
            "condition": "G",
            "extra_descriptions": [
                {
                    "keyword": "axe toy",
                    "description": "A small label says 'made in Taiwan'.\n"
                }
            ]
        },
        {
            "vnum": "6601",
            "name": "ring pink ice",
            "short_description": "a pink ice ring",
            "description": "A pink ice ring draws your eye.",
            "material": "ice",
            "type": "treasure",
            "extra_flags": "G",
            "wear_flags": "AB",
            "values": "0 0 0 0 0",
            "level": "3",
            "weight": "10",
            "cost": "620",
            "condition": "G",
            "affects_a": [
                {
                    "location": "13",
                    "modifier": "4"
                },
                {
                    "location": "1",
                    "modifier": "1"
                }
            ],
            "extra_descriptions": [
                {
                    "keyword": "ring pink ice",
                    "description": "How strange...it's made of ice, but it doesn't melt. It feels pleasantly \ncool to the touch.\n"
                }
            ]
        },
        {
            "vnum": "6621",
            "name": "robe linen",
            "short_description": "a linen robe",
            "description": "A linen robe is crumpled into a ball here.",
            "material": "cloth",
            "type": "armor",
            "extra_flags": "G",
            "wear_flags": "AK",
            "values": "1 2 1 1 1",
            "level": "7",
            "weight": "50",
            "cost": "780",
            "condition": "G",
            "affects_a": [
                {
                    "location": "12",
                    "modifier": "5"
                },
                {
                    "location": "4",
                    "modifier": "1"
                }
            ],
            "extra_descriptions": [
                {
                    "keyword": "robe linen",
                    "description": "It radiates an aura of peace and wisdom.  The perfect garb for a teacher.\n"
                }
            ]
        },
        {
            "vnum": "6622",
            "name": "broom",
            "short_description": "a broom",
            "description": "A stout straw broom lies on the floor.",
            "material": "wood",
            "type": "weapon",
            "extra_flags": "0",
            "wear_flags": "AN",
            "values": "staff 2 3 pound F",
            "level": "4",
            "weight": "30",
            "cost": "270",
            "condition": "W",
            "affects_a": [
                {
                    "location": "18",
                    "modifier": "-1"
                },
                {
                    "location": "17",
                    "modifier": "-1"
                }
            ],
            "extra_descriptions": [
                {
                    "keyword": "broom",
                    "description": "It's worn and tired, probably from swatting too many children.\n"
                }
            ]
        },
        {
            "vnum": "6644",
            "name": "meat steak",
            "short_description": "a juicy steak",
            "description": "A juicy steak sits on a plate here.",
            "material": "meat",
            "type": "food",
            "extra_flags": "0",
            "wear_flags": "A",
            "values": "25 25 0 0 0",
            "level": "0",
            "weight": "20",
            "cost": "0",
            "condition": "P"
        },
        {
            "vnum": "6645",
            "name": "steak rotten",
            "short_description": "a rotten steak",
            "description": "A dry steak lies on the floor.",
            "material": "meat",
            "type": "food",
            "extra_flags": "0",
            "wear_flags": "A",
            "values": "4 4 0 1 0",
            "level": "0",
            "weight": "20",
            "cost": "0",
            "condition": "W"
        },
        {
            "vnum": "6646",
            "name": "potion amber",
            "short_description": "an amber potion",
            "description": "An amber potion sits in a corner.",
            "material": "glass",
            "type": "potion",
            "extra_flags": "0",
            "wear_flags": "A",
            "values": "5 'cure light' 'armor' '' ''",
            "level": "0",
            "weight": "10",
            "cost": "150",
            "condition": "G",
            "extra_descriptions": [
                {
                    "keyword": "potion",
                    "description": "It's a tight-stoppered glass bottle with a thick amber liquid inside. It\ntastes kind of like whiskey.\n"
                }
            ]
        },
        {
            "vnum": "6647",
            "name": "gun toy",
            "short_description": "a toy gun",
            "description": "A toy gun with a sharp bayonet lies here.",
            "material": "wood",
            "type": "weapon",
            "extra_flags": "0",
            "wear_flags": "AN",
            "values": "staff 2 3 stab F",
            "level": "4",
            "weight": "20",
            "cost": "300",
            "condition": "G",
            "affects_a": [
                {
                    "location": "17",
                    "modifier": "-1"
                }
            ],
            "extra_descriptions": [
                {
                    "keyword": "gun toy",
                    "description": "It's just a toy...but the point looks kind of sharp.\nYou'll put your eye out, kid!\n"
                }
            ]
        }
    ],
    "rooms": [
        {
            "vnum": "6601",
            "name": "The Dwarven Drop Off",
            "description": "This is where the dwarven mommies and daddies come to drop off their\nannoying little brats.  You have the urge to leave.  There is a sign here.\n",
            "flags": "CD",
            "sector": "0",
            "exits": [
                {
                    "door": "D0",
                    "description": "",
                    "keyword": "",
                    "locks": "0",
                    "key": "-1",
                    "u1_vnum": "6500"
                },
                {
                    "door": "D2",
                    "description": "You see a large room full of noisy brats.\n",
                    "keyword": "",
                    "locks": "1",
                    "key": "-1",
                    "u1_vnum": "6602"
                }
            ],
            "extra_descriptions": [
                {
                    "keyword": "sign",
                    "description": "This is an area for newbies, so have fun.  -- Sandman\n"
                }
            ]
        },
        {
            "vnum": "6602",
            "name": "Day Care Center",
            "description": "You are in the north-east corner of the main part of the center.  Toys and\ntoddlers are all over the room.  There is a kitchen to the east.\n",
            "flags": "D",
            "sector": "0",
            "exits": [
                {
                    "door": "D0",
                    "description": "You see the drop off.\n",
                    "keyword": "",
                    "locks": "0",
                    "key": "-1",
                    "u1_vnum": "6601"
                },
                {
                    "door": "D1",
                    "description": "You see an extremely messy kitchen.\n",
                    "keyword": "",
                    "locks": "0",
                    "key": "-1",
                    "u1_vnum": "6626"
                },
                {
                    "door": "D2",
                    "description": "You see a large room full of noisy brats.\n",
                    "keyword": "",
                    "locks": "0",
                    "key": "-1",
                    "u1_vnum": "6604"
                },
                {
                    "door": "D3",
                    "description": "You see a large room full of noisy brats.\n",
                    "keyword": "",
                    "locks": "0",
                    "key": "-1",
                    "u1_vnum": "6603"
                }
            ]
        },
        {
            "vnum": "6603",
            "name": "Day Care Center",
            "description": "You are in the north-west corner of the main part of the center.  Toys and\ntoddlers are all over the room.  There is a bathroom to the west.\n",
            "flags": "D",
            "sector": "0",
            "exits": [
                {
                    "door": "D1",
                    "description": "You see a large room full of noisy brats.\n",
                    "keyword": "",
                    "locks": "0",
                    "key": "-1",
                    "u1_vnum": "6602"
                },
                {
                    "door": "D2",
                    "description": "You see a large room full of noisy brats.\n",
                    "keyword": "",
                    "locks": "0",
                    "key": "-1",
                    "u1_vnum": "6605"
                },
                {
                    "door": "D3",
                    "description": "You see a messy bathroom.\n",
                    "keyword": "",
                    "locks": "0",
                    "key": "-1",
                    "u1_vnum": "6606"
                }
            ]
        },
        {
            "vnum": "6604",
            "name": "Day Care Center",
            "description": "You are in the south-east corner of the main part of the center.  Toys and\ntoddlers are all over the room.  There is a playground to the east.\n",
            "flags": "D",
            "sector": "0",
            "exits": [
                {
                    "door": "D0",
                    "description": "You see a large room full of noisy brats.\n",
                    "keyword": "",
                    "locks": "0",
                    "key": "-1",
                    "u1_vnum": "6602"
                },
                {
                    "door": "D1",
                    "description": "You see the playground.\n",
                    "keyword": "",
                    "locks": "0",
                    "key": "-1",
                    "u1_vnum": "6610"
                },
                {
                    "door": "D3",
                    "description": "You see a large room full of noisy brats.\n",
                    "keyword": "",
                    "locks": "0",
                    "key": "-1",
                    "u1_vnum": "6605"
                }
            ]
        },
        {
            "vnum": "6605",
            "name": "Day Care Center",
            "description": "You are in the south-west corner of the main part of the center.  Toys and\ntoddlers are all over the room.  There is a staircase to the west.\n",
            "flags": "D",
            "sector": "0",
            "exits": [
                {
                    "door": "D0",
                    "description": "You see a large room full of noisy brats.\n",
                    "keyword": "",
                    "locks": "0",
                    "key": "-1",
                    "u1_vnum": "6603"
                },
                {
                    "door": "D1",
                    "description": "You see a large room full of noisy brats.\n",
                    "keyword": "",
                    "locks": "0",
                    "key": "-1",
                    "u1_vnum": "6604"
                },
                {
                    "door": "D3",
                    "description": "You see a staircase leading down.\n",
                    "keyword": "",
                    "locks": "0",
                    "key": "-1",
                    "u1_vnum": "6607"
                }
            ]
        },
        {
            "vnum": "6606",
            "name": "The Messy Bathroom",
            "description": "You hold your nose as you realize you have made the worst mistake of your\nlife.  The air is rancid and the walls are stained.\n",
            "flags": "D",
            "sector": "0",
            "exits": [
                {
                    "door": "D1",
                    "description": "You see a large room full of noisy brats.\n",
                    "keyword": "",
                    "locks": "0",
                    "key": "-1",
                    "u1_vnum": "6603"
                }
            ]
        },
        {
            "vnum": "6607",
            "name": "The Staircase",
            "description": "You stand on top of a staircase leading down, and wonder what mystery could\nlie down under.  Beware!\n",
            "flags": "D",
            "sector": "0",
            "exits": [
                {
                    "door": "D1",
                    "description": "You see a large room full of noisy brats.\n",
                    "keyword": "",
                    "locks": "0",
                    "key": "-1",
                    "u1_vnum": "6605"
                },
                {
                    "door": "D5",
                    "description": "You see the entrance to something.\n",
                    "keyword": "",
                    "locks": "0",
                    "key": "-1",
                    "u1_vnum": "6612"
                }
            ]
        },
        {
            "vnum": "6608",
            "name": "The Playground",
            "description": "You are in the north-west corner of the playground.\n",
            "flags": "0",
            "sector": "2",
            "exits": [
                {
                    "door": "D1",
                    "description": "You see the playground.\n",
                    "keyword": "",
                    "locks": "0",
                    "key": "-1",
                    "u1_vnum": "6609"
                },
                {
                    "door": "D2",
                    "description": "You see the playground.\n",
                    "keyword": "",
                    "locks": "0",
                    "key": "-1",
                    "u1_vnum": "6610"
                }
            ]
        },
        {
            "vnum": "6609",
            "name": "The Playground",
            "description": "You are in the north-east corner of the playground.\n",
            "flags": "0",
            "sector": "2",
            "exits": [
                {
                    "door": "D2",
                    "description": "You see the playground.\n",
                    "keyword": "",
                    "locks": "0",
                    "key": "-1",
                    "u1_vnum": "6611"
                },
                {
                    "door": "D3",
                    "description": "You see the playground.\n",
                    "keyword": "",
                    "locks": "0",
                    "key": "-1",
                    "u1_vnum": "6608"
                }
            ]
        },
        {
            "vnum": "6610",
            "name": "The Playground",
            "description": "You are in the south-west corner of the playground.\n",
            "flags": "0",
            "sector": "2",
            "exits": [
                {
                    "door": "D0",
                    "description": "You see the playground.\n",
                    "keyword": "",
                    "locks": "0",
                    "key": "-1",
                    "u1_vnum": "6608"
                },
                {
                    "door": "D1",
                    "description": "You see the playground.\n",
                    "keyword": "",
                    "locks": "0",
                    "key": "-1",
                    "u1_vnum": "6611"
                },
                {
                    "door": "D3",
                    "description": "You see a large room full of noisy brats.\n",
                    "keyword": "",
                    "locks": "0",
                    "key": "-1",
                    "u1_vnum": "6604"
                }
            ]
        },
        {
            "vnum": "6611",
            "name": "The Playground",
            "description": "You are in the south-east corner of the playground.\n",
            "flags": "0",
            "sector": "2",
            "exits": [
                {
                    "door": "D0",
                    "description": "You see the playground.\n",
                    "keyword": "",
                    "locks": "0",
                    "key": "-1",
                    "u1_vnum": "6609"
                },
                {
                    "door": "D3",
                    "description": "You see the playground.\n",
                    "keyword": "",
                    "locks": "0",
                    "key": "-1",
                    "u1_vnum": "6610"
                }
            ]
        },
        {
            "vnum": "6612",
            "name": "Entrance to the Mini-Maze",
            "description": "You stand in the entrance to a small, but confusing maze.  You really hope\nthat you don't get lost.\n",
            "flags": "ACD",
            "sector": "2",
            "exits": [
                {
                    "door": "D1",
                    "description": "",
                    "keyword": "",
                    "locks": "0",
                    "key": "-1",
                    "u1_vnum": "6613"
                },
                {
                    "door": "D4",
                    "description": "You see some stairs.\n",
                    "keyword": "",
                    "locks": "0",
                    "key": "-1",
                    "u1_vnum": "6607"
                }
            ]
        },
        {
            "vnum": "6613",
            "name": "Mini-Maze",
            "description": "You are in a small passage that looks just like every other one.\n",
            "flags": "AD",
            "sector": "2",
            "exits": [
                {
                    "door": "D1",
                    "description": "",
                    "keyword": "",
                    "locks": "0",
                    "key": "-1",
                    "u1_vnum": "6614"
                },
                {
                    "door": "D2",
                    "description": "",
                    "keyword": "",
                    "locks": "0",
                    "key": "-1",
                    "u1_vnum": "6615"
                },
                {
                    "door": "D3",
                    "description": "",
                    "keyword": "",
                    "locks": "0",
                    "key": "-1",
                    "u1_vnum": "6612"
                }
            ]
        },
        {
            "vnum": "6614",
            "name": "Mini-Maze",
            "description": "You are in a small passage that looks just like every other one.\n",
            "flags": "AD",
            "sector": "2",
            "exits": [
                {
                    "door": "D2",
                    "description": "",
                    "keyword": "",
                    "locks": "0",
                    "key": "-1",
                    "u1_vnum": "6616"
                },
                {
                    "door": "D3",
                    "description": "",
                    "keyword": "",
                    "locks": "0",
                    "key": "-1",
                    "u1_vnum": "6613"
                }
            ]
        },
        {
            "vnum": "6615",
            "name": "Mini-Maze",
            "description": "You are in a small passage that looks just like every other one.\n",
            "flags": "AD",
            "sector": "2",
            "exits": [
                {
                    "door": "D0",
                    "description": "",
                    "keyword": "",
                    "locks": "0",
                    "key": "-1",
                    "u1_vnum": "6613"
                },
                {
                    "door": "D1",
                    "description": "",
                    "keyword": "",
                    "locks": "0",
                    "key": "-1",
                    "u1_vnum": "6616"
                }
            ]
        },
        {
            "vnum": "6616",
            "name": "Mini-Maze",
            "description": "You are in a small passage that looks just like every other one.\n",
            "flags": "AD",
            "sector": "2",
            "exits": [
                {
                    "door": "D0",
                    "description": "",
                    "keyword": "",
                    "locks": "0",
                    "key": "-1",
                    "u1_vnum": "6614"
                },
                {
                    "door": "D2",
                    "description": "",
                    "keyword": "",
                    "locks": "0",
                    "key": "-1",
                    "u1_vnum": "6624"
                },
                {
                    "door": "D3",
                    "description": "",
                    "keyword": "",
                    "locks": "0",
                    "key": "-1",
                    "u1_vnum": "6615"
                }
            ]
        },
        {
            "vnum": "6624",
            "name": "End of the Mini-Maze",
            "description": "You stand at the end of your journey.  There is a big sign here and you had\nbetter read it!\n",
            "flags": "AD",
            "sector": "2",
            "exits": [
                {
                    "door": "D0",
                    "description": "",
                    "keyword": "",
                    "locks": "0",
                    "key": "-1",
                    "u1_vnum": "6616"
                },
                {
                    "door": "D2",
                    "description": "",
                    "keyword": "",
                    "locks": "0",
                    "key": "-1",
                    "u1_vnum": "6631"
                }
            ],
            "extra_descriptions": [
                {
                    "keyword": "sign",
                    "description": "If you are not level 6 or above, then don't go south!!!!  It is a dangerous\narea, but congrats for getting this far - Sandman\n"
                }
            ]
        },
        {
            "vnum": "6626",
            "name": "Messy Kitchen",
            "description": "You stand in the kitchen and eating area of the day care center.  Pots and\npans are everywhere, while the toddlers continue to create chaos.\n",
            "flags": "D",
            "sector": "0",
            "exits": [
                {
                    "door": "D3",
                    "description": "You see a large room full of noisy brats.\n",
                    "keyword": "",
                    "locks": "0",
                    "key": "-1",
                    "u1_vnum": "6602"
                }
            ]
        },
        {
            "vnum": "6631",
            "name": "The End?",
            "description": "You have reached the final lair.  It is dominated by a huge five headed\ndragon (actually an overgrown brat with a Halloween mask).\n",
            "flags": "AD",
            "sector": "2",
            "exits": [
                {
                    "door": "D0",
                    "description": "",
                    "keyword": "",
                    "locks": "0",
                    "key": "-1",
                    "u1_vnum": "6624"
                }
            ]
        }
    ],
    "resets": [
        {
            "command": "R",
            "arg1": "6613",
            "arg2": "4"
        },
        {
            "command": "R",
            "arg1": "6614",
            "arg2": "4"
        },
        {
            "command": "R",
            "arg1": "6615",
            "arg2": "4"
        },
        {
            "command": "R",
            "arg1": "6616",
            "arg2": "4"
        },
        {
            "command": "M",
            "arg1": "6607",
            "arg2": "1",
            "arg3": "6624",
            "arg4": "1"
        },
        {
            "command": "E",
            "arg1": "3023",
            "arg2": "-1",
            "arg3": "16"
        },
        {
            "command": "M",
            "arg1": "6608",
            "arg2": "1",
            "arg3": "6631",
            "arg4": "1"
        },
        {
            "command": "M",
            "arg1": "6600",
            "arg2": "7",
            "arg3": "6602",
            "arg4": "1"
        },
        {
            "command": "E",
            "arg1": "6600",
            "arg2": "18",
            "arg3": "16"
        },
        {
            "command": "M",
            "arg1": "6601",
            "arg2": "2",
            "arg3": "6602",
            "arg4": "1"
        },
        {
            "command": "M",
            "arg1": "6606",
            "arg2": "2",
            "arg3": "6602",
            "arg4": "1"
        },
        {
            "command": "G",
            "arg1": "6646",
            "arg2": "20"
        },
        {
            "command": "G",
            "arg1": "6644",
            "arg2": "20"
        },
        {
            "command": "E",
            "arg1": "6621",
            "arg2": "20",
            "arg3": "12"
        },
        {
            "command": "M",
            "arg1": "6600",
            "arg2": "7",
            "arg3": "6603",
            "arg4": "1"
        },
        {
            "command": "E",
            "arg1": "6600",
            "arg2": "18",
            "arg3": "16"
        },
        {
            "command": "M",
            "arg1": "6600",
            "arg2": "7",
            "arg3": "6604",
            "arg4": "1"
        },
        {
            "command": "E",
            "arg1": "6600",
            "arg2": "18",
            "arg3": "16"
        },
        {
            "command": "M",
            "arg1": "6602",
            "arg2": "2",
            "arg3": "6604",
            "arg4": "1"
        },
        {
            "command": "M",
            "arg1": "6606",
            "arg2": "2",
            "arg3": "6604",
            "arg4": "1"
        },
        {
            "command": "G",
            "arg1": "6646",
            "arg2": "20"
        },
        {
            "command": "E",
            "arg1": "6622",
            "arg2": "20",
            "arg3": "16"
        },
        {
            "command": "M",
            "arg1": "6600",
            "arg2": "7",
            "arg3": "6605",
            "arg4": "1"
        },
        {
            "command": "E",
            "arg1": "6600",
            "arg2": "18",
            "arg3": "16"
        },
        {
            "command": "M",
            "arg1": "6602",
            "arg2": "2",
            "arg3": "6605",
            "arg4": "1"
        },
        {
            "command": "G",
            "arg1": "6645",
            "arg2": "20"
        },
        {
            "command": "M",
            "arg1": "6605",
            "arg2": "3",
            "arg3": "6605",
            "arg4": "1"
        },
        {
            "command": "E",
            "arg1": "6601",
            "arg2": "20",
            "arg3": "1"
        },
        {
            "command": "M",
            "arg1": "6600",
            "arg2": "7",
            "arg3": "6608",
            "arg4": "1"
        },
        {
            "command": "E",
            "arg1": "6600",
            "arg2": "18",
            "arg3": "16"
        },
        {
            "command": "M",
            "arg1": "6603",
            "arg2": "4",
            "arg3": "6608",
            "arg4": "1"
        },
        {
            "command": "E",
            "arg1": "6647",
            "arg2": "-1",
            "arg3": "16"
        },
        {
            "command": "M",
            "arg1": "6600",
            "arg2": "7",
            "arg3": "6609",
            "arg4": "1"
        },
        {
            "command": "E",
            "arg1": "6600",
            "arg2": "18",
            "arg3": "16"
        },
        {
            "command": "M",
            "arg1": "6604",
            "arg2": "2",
            "arg3": "6609",
            "arg4": "1"
        },
        {
            "command": "M",
            "arg1": "6603",
            "arg2": "3",
            "arg3": "6609",
            "arg4": "1"
        },
        {
            "command": "E",
            "arg1": "6647",
            "arg2": "10",
            "arg3": "16"
        },
        {
            "command": "M",
            "arg1": "6603",
            "arg2": "4",
            "arg3": "6609",
            "arg4": "1"
        },
        {
            "command": "E",
            "arg1": "6647",
            "arg2": "-1",
            "arg3": "16"
        },
        {
            "command": "M",
            "arg1": "6600",
            "arg2": "7",
            "arg3": "6610",
            "arg4": "1"
        },
        {
            "command": "E",
            "arg1": "6600",
            "arg2": "18",
            "arg3": "16"
        },
        {
            "command": "M",
            "arg1": "6603",
            "arg2": "4",
            "arg3": "6610",
            "arg4": "1"
        },
        {
            "command": "E",
            "arg1": "6647",
            "arg2": "-1",
            "arg3": "16"
        },
        {
            "command": "M",
            "arg1": "6605",
            "arg2": "3",
            "arg3": "6610",
            "arg4": "1"
        },
        {
            "command": "M",
            "arg1": "6604",
            "arg2": "2",
            "arg3": "6611",
            "arg4": "1"
        },
        {
            "command": "M",
            "arg1": "6603",
            "arg2": "4",
            "arg3": "6611",
            "arg4": "1"
        },
        {
            "command": "E",
            "arg1": "6647",
            "arg2": "-1",
            "arg3": "16"
        },
        {
            "command": "M",
            "arg1": "6605",
            "arg2": "3",
            "arg3": "6606",
            "arg4": "1"
        },
        {
            "command": "M",
            "arg1": "6601",
            "arg2": "2",
            "arg3": "6606",
            "arg4": "1"
        }
    ],
    "shops": [],
    "specials": [
        {
            "vnum": "6600",
            "spec_fun": "spec_thief"
        },
        {
            "vnum": "6604",
            "spec_fun": "spec_thief"
        },
        {
            "vnum": "6606",
            "spec_fun": "spec_cast_cleric"
        },
        {
            "vnum": "6608",
            "spec_fun": "spec_thief"
        }
    ]
}