{
    "area": {
        "file": "dream.are",
        "name": "Machine Dreams",
        "low_range": "1",
        "high_range": "5",
        "writer": "Furey",
        "credits": "Machine Dreams",
        "min_vnum": "8600",
        "max_vnum": "8699"
    },
    "mobiles": [
        {
            "vnum": "8600",
            "name": "oldstyle keeper",
            "short_description": "the keeper",
            "long_description": "The keeper of the Morris equipment is here.\n",
            "description": "Her job is to set the level for this equipment.\n",
            "race": "human",
            "act": "A",
            "affected_by": "0",
            "alignment": "1000",
            "group": "0",
            "level": "8",
            "hitroll": "0",
            "hit_dice": "2d7+96",
            "mana_dice": "4d9+100",
            "dam_dice": "1d7+2",
            "dam_type": "none",
            "ac_pierce": "3",
            "ac_bash": "3",
            "ac_slash": "3",
            "ac_exotic": "9",
            "off_flags": "EFNU",
            "imm_flags": "0",
            "res_flags": "0",
            "vuln_flags": "0",
            "start_pos": "stand",
            "default_pos": "stand",
            "sex": "female",
            "wealth": "5",
            "form": "0",
            "parts": "0",
            "size": "medium",
            "material": "0"
        }
    ],
    "objects": [
        {
            "vnum": "8600",
            "name": "bells morris leggings",
            "short_description": "morris bells",
            "description": "A set of leggings with a dozen brass bells sewn on has been left here.",
            "material": "leather brass",
            "type": "armor",
            "extra_flags": "0",
            "wear_flags": "AF",
            "values": "3 3 3 0 0",
            "level": "3",
            "weight": "50",
            "cost": "310",
            "condition": "P",
            "extra_descriptions": [
                {
                    "keyword": "motto",
                    "description": "'Time on the ground is time wasted.'\n"
                },
                {
                    "keyword": "bells morris",
                    "description": "These are a set of sturdy leather leggings with small brass bells sewn on.\nThey look like the leggings worn by Morris dancers.  There is a motto tooled\ninto the leather.\n"
                }
            ]
        },
        {
            "vnum": "8601",
            "name": "handkerchief hankie kerchief morris",
            "short_description": "a morris handkerchief",
            "description": "A white handkerchief is here.",
            "material": "cloth",
            "type": "armor",
            "extra_flags": "0",
            "wear_flags": "AM",
            "values": "3 3 3 0 0",
            "level": "3",
            "weight": "50",
            "cost": "310",
            "condition": "P",
            "extra_descriptions": [
                {
                    "keyword": "handkerchief hankie kerchief",
                    "description": "This is a fine linen handkerchief used for ritual Morris dances.\n"
                }
            ]
        },
        {
            "vnum": "8602",
            "name": "sash morris white",
            "short_description": "a morris sash",
            "description": "A white sash is here.",
            "material": "cloth",
            "type": "armor",
            "extra_flags": "0",
            "wear_flags": "AL",
            "values": "3 3 3 0 0",
            "level": "3",
            "weight": "50",
            "cost": "310",
            "condition": "P",
            "extra_descriptions": [
                {
                    "keyword": "sash",
                    "description": "This is a fine linen sash used for ritual Morris dances.\n"
                }
            ]
        },
        {
            "vnum": "8603",
            "name": "staff morris",
            "short_description": "a morris staff",
            "description": "A short, stout staff made of polished wood is here.",
            "material": "wood",
            "type": "staff",
            "extra_flags": "0",
            "wear_flags": "AO",
            "values": "10 4 4 'protection evil' 0",
            "level": "6",
            "weight": "50",
            "cost": "1460",
            "condition": "P",
            "extra_descriptions": [
                {
                    "keyword": "stick staff",
                    "description": "Made from the wood of a Yule Tree, this staff is about one meter long and\nhighly polished.  It looks more like a ritual device than a weapon.\n"
                }
            ]
        }
    ],
    "rooms": [
        {
            "vnum": "8600",
            "name": "The Void",
            "description": "You are suspended in cool electric space above a translucent plain.  You feel\nsynesthesia invading your nerves and reshuffling your senses.  The sky is the\nsame obsidian color as the ground and you can't find a horizon.\n",
            "flags": "N",
            "sector": "2",
            "exits": [
                {
                    "door": "D0",
                    "description": "You see machine dreams and taste violet phosphor.\n",
                    "keyword": "",
                    "locks": "0",
                    "key": "0",
                    "u1_vnum": "8606"
                },
                {
                    "door": "D1",
                    "description": "You see machine dreams and taste violet phosphor.\n",
                    "keyword": "",
                    "locks": "0",
                    "key": "0",
                    "u1_vnum": "8601"
                },
                {
                    "door": "D2",
                    "description": "You see machine dreams and taste violet phosphor.\n",
                    "keyword": "",
                    "locks": "0",
                    "key": "0",
                    "u1_vnum": "8603"
                },
                {
                    "door": "D3",
                    "description": "You see machine dreams and taste violet phosphor.\n",
                    "keyword": "",
                    "locks": "0",
                    "key": "0",
                    "u1_vnum": "8602"
                },
                {
                    "door": "D4",
                    "description": "You see machine dreams and taste violet phosphor.\n",
                    "keyword": "",
                    "locks": "0",
                    "key": "0",
                    "u1_vnum": "8610"
                },
                {
                    "door": "D5",
                    "description": "You see machine dreams and taste violet phosphor.\n",
                    "keyword": "",
                    "locks": "0",
                    "key": "0",
                    "u1_vnum": "8620"
                }
            ]
        },
        {
            "vnum": "8601",
            "name": "The Void",
            "description": "You are suspended in cool electric space above a translucent plain.  You feel\nsynesthesia invading your nerves and reshuffling your senses.  The sky is the\nsame obsidian color as the ground and you can't find a horizon.\n",
            "flags": "N",
            "sector": "2",
            "exits": [
                {
                    "door": "D0",
                    "description": "You see machine dreams and taste violet phosphor.\n",
                    "keyword": "",
                    "locks": "0",
                    "key": "0",
                    "u1_vnum": "8607"
                },
                {
                    "door": "D1",
                    "description": "You see machine dreams and taste violet phosphor.\n",
                    "keyword": "",
                    "locks": "0",
                    "key": "0",
                    "u1_vnum": "8602"
                },
                {
                    "door": "D2",
                    "description": "You see machine dreams and taste violet phosphor.\n",
                    "keyword": "",
                    "locks": "0",
                    "key": "0",
                    "u1_vnum": "8604"
                },
                {
                    "door": "D3",
                    "description": "You see machine dreams and taste violet phosphor.\n",
                    "keyword": "",
                    "locks": "0",
                    "key": "0",
                    "u1_vnum": "8600"
                },
                {
                    "door": "D4",
                    "description": "You see machine dreams and taste violet phosphor.\n",
                    "keyword": "",
                    "locks": "0",
                    "key": "0",
                    "u1_vnum": "8611"
                },
                {
                    "door": "D5",
                    "description": "You see machine dreams and taste violet phosphor.\n",
                    "keyword": "",
                    "locks": "0",
                    "key": "0",
                    "u1_vnum": "8621"
                }
            ]
        },
        {
            "vnum": "8602",
            "name": "The Void",
            "description": "You are suspended in cool electric space above a translucent plain.  You feel\nsynesthesia invading your nerves and reshuffling your senses.  The sky is the\nsame obsidian color as the ground and you can't find a horizon.\n",
            "flags": "N",
            "sector": "2",
            "exits": [
                {
                    "door": "D0",
                    "description": "You see machine dreams and taste violet phosphor.\n",
                    "keyword": "",
                    "locks": "0",
                    "key": "0",
                    "u1_vnum": "8608"
                },
                {
                    "door": "D1",
                    "description": "You see machine dreams and taste violet phosphor.\n",
                    "keyword": "",
                    "locks": "0",
                    "key": "0",
                    "u1_vnum": "8600"
                },
                {
                    "door": "D2",
                    "description": "You see machine dreams and taste violet phosphor.\n",
                    "keyword": "",
                    "locks": "0",
                    "key": "0",
                    "u1_vnum": "8605"
                },
                {
                    "door": "D3",
                    "description": "You see machine dreams and taste violet phosphor.\n",
                    "keyword": "",
                    "locks": "0",
                    "key": "0",
                    "u1_vnum": "8601"
                },
                {
                    "door": "D4",
                    "description": "You see machine dreams and taste violet phosphor.\n",
                    "keyword": "",
                    "locks": "0",
                    "key": "0",
                    "u1_vnum": "8612"
                },
                {
                    "door": "D5",
                    "description": "You see machine dreams and taste violet phosphor.\n",
                    "keyword": "",
                    "locks": "0",
                    "key": "0",
                    "u1_vnum": "8622"
                }
            ]
        },
        {
            "vnum": "8603",
            "name": "The Void",
            "description": "You are suspended in cool electric space above a translucent plain.  You feel\nsynesthesia invading your nerves and reshuffling your senses.  The sky is the\nsame obsidian color as the ground and you can't find a horizon.\n",
            "flags": "N",
            "sector": "2",
            "exits": [
                {
                    "door": "D0",
                    "description": "You see machine dreams and taste violet phosphor.\n",
                    "keyword": "",
                    "locks": "0",
                    "key": "0",
                    "u1_vnum": "8600"
                },
                {
                    "door": "D1",
                    "description": "You see machine dreams and taste violet phosphor.\n",
                    "keyword": "",
                    "locks": "0",
                    "key": "0",
                    "u1_vnum": "8604"
                },
                {
                    "door": "D2",
                    "description": "You see machine dreams and taste violet phosphor.\n",
                    "keyword": "",
                    "locks": "0",
                    "key": "0",
                    "u1_vnum": "8606"
                },
                {
                    "door": "D3",
                    "description": "You see machine dreams and taste violet phosphor.\n",
                    "keyword": "",
                    "locks": "0",
                    "key": "0",
                    "u1_vnum": "8605"
                },
                {
                    "door": "D4",
                    "description": "You see machine dreams and taste violet phosphor.\n",
                    "keyword": "",
                    "locks": "0",
                    "key": "0",
                    "u1_vnum": "8613"
                },
                {
                    "door": "D5",
                    "description": "You see machine dreams and taste violet phosphor.\n",
                    "keyword": "",
                    "locks": "0",
                    "key": "0",
                    "u1_vnum": "8623"
                }
            ]
        },
        {
            "vnum": "8604",
            "name": "The Void",
            "description": "You are suspended in cool electric space above a translucent plain.  You feel\nsynesthesia invading your nerves and reshuffling your senses.  The sky is the\nsame obsidian color as the ground and you can't find a horizon.\n",
            "flags": "CN",
            "sector": "2",
            "exits": [
                {
                    "door": "D0",
                    "description": "You see machine dreams and taste violet phosphor.\n",
                    "keyword": "",
                    "locks": "0",
                    "key": "0",
                    "u1_vnum": "8601"
                },
                {
                    "door": "D1",
                    "description": "You see machine dreams and taste violet phosphor.\n",
                    "keyword": "",
                    "locks": "0",
                    "key": "0",
                    "u1_vnum": "8605"
                },
                {
                    "door": "D2",
                    "description": "You see machine dreams and taste violet phosphor.\n",
                    "keyword": "",
                    "locks": "0",
                    "key": "0",
                    "u1_vnum": "8607"
                },
                {
                    "door": "D3",
                    "description": "You see machine dreams and taste violet phosphor.\n",
                    "keyword": "",
                    "locks": "0",
                    "key": "0",
                    "u1_vnum": "8603"
                },
                {
                    "door": "D4",
                    "description": "You see machine dreams and taste violet phosphor.\n",
                    "keyword": "",
                    "locks": "0",
                    "key": "0",
                    "u1_vnum": "8614"
                },
                {
                    "door": "D5",
                    "description": "You see an abandoned warehouse.\n",
                    "keyword": "",
                    "locks": "0",
                    "key": "0",
                    "u1_vnum": "3050"
                }
            ]
        },
        {
            "vnum": "8605",
            "name": "The Void",
            "description": "You are suspended in cool electric space above a translucent plain.  You feel\nsynesthesia invading your nerves and reshuffling your senses.  The sky is the\nsame obsidian color as the ground and you can't find a horizon.\n",
            "flags": "N",
            "sector": "2",
            "exits": [
                {
                    "door": "D0",
                    "description": "You see machine dreams and taste violet phosphor.\n",
                    "keyword": "",
                    "locks": "0",
                    "key": "0",
                    "u1_vnum": "8602"
                },
                {
                    "door": "D1",
                    "description": "You see machine dreams and taste violet phosphor.\n",
                    "keyword": "",
                    "locks": "0",
                    "key": "0",
                    "u1_vnum": "8603"
                },
                {
                    "door": "D2",
                    "description": "You see machine dreams and taste violet phosphor.\n",
                    "keyword": "",
                    "locks": "0",
                    "key": "0",
                    "u1_vnum": "8608"
                },
                {
                    "door": "D3",
                    "description": "You see machine dreams and taste violet phosphor.\n",
                    "keyword": "",
                    "locks": "0",
                    "key": "0",
                    "u1_vnum": "8604"
                },
                {
                    "door": "D4",
                    "description": "You see machine dreams and taste violet phosphor.\n",
                    "keyword": "",
                    "locks": "0",
                    "key": "0",
                    "u1_vnum": "8615"
                },
                {
                    "door": "D5",
                    "description": "You see machine dreams and taste violet phosphor.\n",
                    "keyword": "",
                    "locks": "0",
                    "key": "0",
                    "u1_vnum": "8625"
                }
            ]
        },
        {
            "vnum": "8606",
            "name": "The Void",
            "description": "You are suspended in cool electric space above a translucent plain.  You feel\nsynesthesia invading your nerves and reshuffling your senses.  The sky is the\nsame obsidian color as the ground and you can't find a horizon.\n",
            "flags": "N",
            "sector": "2",
            "exits": [
                {
                    "door": "D0",
                    "description": "You see machine dreams and taste violet phosphor.\n",
                    "keyword": "",
                    "locks": "0",
                    "key": "0",
                    "u1_vnum": "8603"
                },
                {
                    "door": "D1",
                    "description": "You see machine dreams and taste violet phosphor.\n",
                    "keyword": "",
                    "locks": "0",
                    "key": "0",
                    "u1_vnum": "8607"
                },
                {
                    "door": "D2",
                    "description": "You see machine dreams and taste violet phosphor.\n",
                    "keyword": "",
                    "locks": "0",
                    "key": "0",
                    "u1_vnum": "8600"
                },
                {
                    "door": "D3",
                    "description": "You see machine dreams and taste violet phosphor.\n",
                    "keyword": "",
                    "locks": "0",
                    "key": "0",
                    "u1_vnum": "8608"
                },
                {
                    "door": "D4",
                    "description": "You see machine dreams and taste violet phosphor.\n",
                    "keyword": "",
                    "locks": "0",
                    "key": "0",
                    "u1_vnum": "8616"
                },
                {
                    "door": "D5",
                    "description": "You see machine dreams and taste violet phosphor.\n",
                    "keyword": "",
                    "locks": "0",
                    "key": "0",
                    "u1_vnum": "8626"
                }
            ]
        },
        {
            "vnum": "8607",
            "name": "The Void",
            "description": "You are suspended in cool electric space above a translucent plain.  You feel\nsynesthesia invading your nerves and reshuffling your senses.  The sky is the\nsame obsidian color as the ground and you can't find a horizon.\n",
            "flags": "N",
            "sector": "2",
            "exits": [
                {
                    "door": "D0",
                    "description": "You see machine dreams and taste violet phosphor.\n",
                    "keyword": "",
                    "locks": "0",
                    "key": "0",
                    "u1_vnum": "8604"
                },
                {
                    "door": "D1",
                    "description": "You see machine dreams and taste violet phosphor.\n",
                    "keyword": "",
                    "locks": "0",
                    "key": "0",
                    "u1_vnum": "8608"
                },
                {
                    "door": "D2",
                    "description": "You see machine dreams and taste violet phosphor.\n",
                    "keyword": "",
                    "locks": "0",
                    "key": "0",
                    "u1_vnum": "8601"
                },
                {
                    "door": "D3",
                    "description": "You see machine dreams and taste violet phosphor.\n",
                    "keyword": "",
                    "locks": "0",
                    "key": "0",
                    "u1_vnum": "8606"
                },
                {
                    "door": "D4",
                    "description": "You see machine dreams and taste violet phosphor.\n",
                    "keyword": "",
                    "locks": "0",
                    "key": "0",
                    "u1_vnum": "8617"
                },
                {
                    "door": "D5",
                    "description": "You see machine dreams and taste violet phosphor.\n",
                    "keyword": "",
                    "locks": "0",
                    "key": "0",
                    "u1_vnum": "8627"
                }
            ]
        },
        {
            "vnum": "8608",
            "name": "The Void",
            "description": "You are suspended in cool electric space above a translucent plain.  You feel\nsynesthesia invading your nerves and reshuffling your senses.  The sky is the\nsame obsidian color as the ground and you can't find a horizon.\n",
            "flags": "N",
            "sector": "2",
            "exits": [
                {
                    "door": "D0",
                    "description": "You see machine dreams and taste violet phosphor.\n",
                    "keyword": "",
                    "locks": "0",
                    "key": "0",
                    "u1_vnum": "8605"
                },
                {
                    "door": "D1",
                    "description": "You see machine dreams and taste violet phosphor.\n",
                    "keyword": "",
                    "locks": "0",
                    "key": "0",
                    "u1_vnum": "8606"
                },
                {
                    "door": "D2",
                    "description": "You see machine dreams and taste violet phosphor.\n",
                    "keyword": "",
                    "locks": "0",
                    "key": "0",
                    "u1_vnum": "8602"
                },
                {
                    "door": "D3",
                    "description": "You see machine dreams and taste violet phosphor.\n",
                    "keyword": "",
                    "locks": "0",
                    "key": "0",
                    "u1_vnum": "8607"
                },
                {
                    "door": "D4",
                    "description": "You see machine dreams and taste violet phosphor.\n",
                    "keyword": "",
                    "locks": "0",
                    "key": "0",
                    "u1_vnum": "8618"
                },
                {
                    "door": "D5",
                    "description": "You see machine dreams and taste violet phosphor.\n",
                    "keyword": "",
                    "locks": "0",
                    "key": "0",
                    "u1_vnum": "8628"
                }
            ]
        },
        {
            "vnum": "8610",
            "name": "The Void",
            "description": "You are suspended in cool electric space above a translucent plain.  You feel\nsynesthesia invading your nerves and reshuffling your senses.  The sky is the\nsame obsidian color as the ground and you can't find a horizon.\n",
            "flags": "N",
            "sector": "2",
            "exits": [
                {
                    "door": "D0",
                    "description": "You see machine dreams and taste violet phosphor.\n",
                    "keyword": "",
                    "locks": "0",
                    "key": "0",
                    "u1_vnum": "8616"
                },
                {
                    "door": "D1",
                    "description": "You see machine dreams and taste violet phosphor.\n",
                    "keyword": "",
                    "locks": "0",
                    "key": "0",
                    "u1_vnum": "8611"
                },
                {
                    "door": "D2",
                    "description": "You see machine dreams and taste violet phosphor.\n",
                    "keyword": "",
                    "locks": "0",
                    "key": "0",
                    "u1_vnum": "8613"
                },
                {
                    "door": "D3",
                    "description": "You see machine dreams and taste violet phosphor.\n",
                    "keyword": "",
                    "locks": "0",
                    "key": "0",
                    "u1_vnum": "8612"
                },
                {
                    "door": "D4",
                    "description": "You see machine dreams and taste violet phosphor.\n",
                    "keyword": "",
                    "locks": "0",
                    "key": "0",
                    "u1_vnum": "8620"
                },
                {
                    "door": "D5",
                    "description": "You see machine dreams and taste violet phosphor.\n",
                    "keyword": "",
                    "locks": "0",
                    "key": "0",
                    "u1_vnum": "8600"
                }
            ]
        },
        {
            "vnum": "8611",
            "name": "The Void",
            "description": "You are suspended in cool electric space above a translucent plain.  You feel\nsynesthesia invading your nerves and reshuffling your senses.  The sky is the\nsame obsidian color as the ground and you can't find a horizon.\n",
            "flags": "N",
            "sector": "2",
            "exits": [
                {
                    "door": "D0",
                    "description": "You see the Road to Newfane.\n",
                    "keyword": "",
                    "locks": "0",
                    "key": "0",
                    "u1_vnum": "8630"
                },
                {
                    "door": "D1",
                    "description": "You see machine dreams and taste violet phosphor.\n",
                    "keyword": "",
                    "locks": "0",
                    "key": "0",
                    "u1_vnum": "8612"
                },
                {
                    "door": "D2",
                    "description": "You see machine dreams and taste violet phosphor.\n",
                    "keyword": "",
                    "locks": "0",
                    "key": "0",
                    "u1_vnum": "8614"
                },
                {
                    "door": "D3",
                    "description": "You see machine dreams and taste violet phosphor.\n",
                    "keyword": "",
                    "locks": "0",
                    "key": "0",
                    "u1_vnum": "8610"
                },
                {
                    "door": "D4",
                    "description": "You see machine dreams and taste violet phosphor.\n",
                    "keyword": "",
                    "locks": "0",
                    "key": "0",
                    "u1_vnum": "8621"
                },
                {
                    "door": "D5",
                    "description": "You see machine dreams and taste violet phosphor.\n",
                    "keyword": "",
                    "locks": "0",
                    "key": "0",
                    "u1_vnum": "8601"
                }
            ]
        },
        {
            "vnum": "8612",
            "name": "The Void",
            "description": "You are suspended in cool electric space above a translucent plain.  You feel\nsynesthesia invading your nerves and reshuffling your senses.  The sky is the\nsame obsidian color as the ground and you can't find a horizon.\n",
            "flags": "N",
            "sector": "2",
            "exits": [
                {
                    "door": "D0",
                    "description": "You see machine dreams and taste violet phosphor.\n",
                    "keyword": "",
                    "locks": "0",
                    "key": "0",
                    "u1_vnum": "8618"
                },
                {
                    "door": "D1",
                    "description": "You see machine dreams and taste violet phosphor.\n",
                    "keyword": "",
                    "locks": "0",
                    "key": "0",
                    "u1_vnum": "8610"
                },
                {
                    "door": "D2",
                    "description": "You see machine dreams and taste violet phosphor.\n",
                    "keyword": "",
                    "locks": "0",
                    "key": "0",
                    "u1_vnum": "8615"
                },
                {
                    "door": "D3",
                    "description": "You see machine dreams and taste violet phosphor.\n",
                    "keyword": "",
                    "locks": "0",
                    "key": "0",
                    "u1_vnum": "8611"
                },
                {
                    "door": "D4",
                    "description": "You see machine dreams and taste violet phosphor.\n",
                    "keyword": "",
                    "locks": "0",
                    "key": "0",
                    "u1_vnum": "8622"
                },
                {
                    "door": "D5",
                    "description": "You see machine dreams and taste violet phosphor.\n",
                    "keyword": "",
                    "locks": "0",
                    "key": "0",
                    "u1_vnum": "8602"
                }
            ]
        },
        {
            "vnum": "8613",
            "name": "The Void",
            "description": "You are suspended in cool electric space above a translucent plain.  You feel\nsynesthesia invading your nerves and reshuffling your senses.  The sky is the\nsame obsidian color as the ground and you can't find a horizon.\n",
            "flags": "N",
            "sector": "2",
            "exits": [
                {
                    "door": "D0",
                    "description": "You see machine dreams and taste violet phosphor.\n",
                    "keyword": "",
                    "locks": "0",
                    "key": "0",
                    "u1_vnum": "8610"
                },
                {
                    "door": "D1",
                    "description": "You see machine dreams and taste violet phosphor.\n",
                    "keyword": "",
                    "locks": "0",
                    "key": "0",
                    "u1_vnum": "8614"
                },
                {
                    "door": "D2",
                    "description": "You see machine dreams and taste violet phosphor.\n",
                    "keyword": "",
                    "locks": "0",
                    "key": "0",
                    "u1_vnum": "8616"
                },
                {
                    "door": "D3",
                    "description": "You see a road by a pond.\n",
                    "keyword": "",
                    "locks": "0",
                    "key": "0",
                    "u1_vnum": "8636"
                },
                {
                    "door": "D4",
                    "description": "You see machine dreams and taste violet phosphor.\n",
                    "keyword": "",
                    "locks": "0",
                    "key": "0",
                    "u1_vnum": "8623"
                },
                {
                    "door": "D5",
                    "description": "You see machine dreams and taste violet phosphor.\n",
                    "keyword": "",
                    "locks": "0",
                    "key": "0",
                    "u1_vnum": "8603"
                }
            ]
        },
        {
            "vnum": "8614",
            "name": "The Void",
            "description": "You are suspended in cool electric space above a translucent plain.  You feel\nsynesthesia invading your nerves and reshuffling your senses.  The sky is the\nsame obsidian color as the ground and you can't find a horizon.\n",
            "flags": "N",
            "sector": "2",
            "exits": [
                {
                    "door": "D0",
                    "description": "You see machine dreams and taste violet phosphor.\n",
                    "keyword": "",
                    "locks": "0",
                    "key": "0",
                    "u1_vnum": "8611"
                },
                {
                    "door": "D1",
                    "description": "You see machine dreams and taste violet phosphor.\n",
                    "keyword": "",
                    "locks": "0",
                    "key": "0",
                    "u1_vnum": "8615"
                },
                {
                    "door": "D2",
                    "description": "You see machine dreams and taste violet phosphor.\n",
                    "keyword": "",
                    "locks": "0",
                    "key": "0",
                    "u1_vnum": "8617"
                },
                {
                    "door": "D3",
                    "description": "You see machine dreams and taste violet phosphor.\n",
                    "keyword": "",
                    "locks": "0",
                    "key": "0",
                    "u1_vnum": "8613"
                },
                {
                    "door": "D4",
                    "description": "You see machine dreams and taste violet phosphor.\n",
                    "keyword": "",
                    "locks": "0",
                    "key": "0",
                    "u1_vnum": "8624"
                },
                {
                    "door": "D5",
                    "description": "You see machine dreams and taste violet phosphor.\n",
                    "keyword": "",
                    "locks": "0",
                    "key": "0",
                    "u1_vnum": "8604"
                }
            ]
        },
        {
            "vnum": "8615",
            "name": "The Void",
            "description": "You are suspended in cool electric space above a translucent plain.  You feel\nsynesthesia invading your nerves and reshuffling your senses.  The sky is the\nsame obsidian color as the ground and you can't find a horizon.\n",
            "flags": "N",
            "sector": "2",
            "exits": [
                {
                    "door": "D0",
                    "description": "You see machine dreams and taste violet phosphor.\n",
                    "keyword": "",
                    "locks": "0",
                    "key": "0",
                    "u1_vnum": "8612"
                },
                {
                    "door": "D1",
                    "description": "You see a large dance hall.\n",
                    "keyword": "",
                    "locks": "0",
                    "key": "0",
                    "u1_vnum": "8632"
                },
                {
                    "door": "D2",
                    "description": "You see machine dreams and taste violet phosphor.\n",
                    "keyword": "",
                    "locks": "0",
                    "key": "0",
                    "u1_vnum": "8618"
                },
                {
                    "door": "D3",
                    "description": "You see machine dreams and taste violet phosphor.\n",
                    "keyword": "",
                    "locks": "0",
                    "key": "0",
                    "u1_vnum": "8614"
                },
                {
                    "door": "D4",
                    "description": "You see machine dreams and taste violet phosphor.\n",
                    "keyword": "",
                    "locks": "0",
                    "key": "0",
                    "u1_vnum": "8625"
                },
                {
                    "door": "D5",
                    "description": "You see machine dreams and taste violet phosphor.\n",
                    "keyword": "",
                    "locks": "0",
                    "key": "0",
                    "u1_vnum": "8605"
                }
            ]
        },
        {
            "vnum": "8616",
            "name": "The Void",
            "description": "You are suspended in cool electric space above a translucent plain.  You feel\nsynesthesia invading your nerves and reshuffling your senses.  The sky is the\nsame obsidian color as the ground and you can't find a horizon.\n",
            "flags": "N",
            "sector": "2",
            "exits": [
                {
                    "door": "D0",
                    "description": "You see machine dreams and taste violet phosphor.\n",
                    "keyword": "",
                    "locks": "0",
                    "key": "0",
                    "u1_vnum": "8613"
                },
                {
                    "door": "D1",
                    "description": "You see machine dreams and taste violet phosphor.\n",
                    "keyword": "",
                    "locks": "0",
                    "key": "0",
                    "u1_vnum": "8617"
                },
                {
                    "door": "D2",
                    "description": "You see machine dreams and taste violet phosphor.\n",
                    "keyword": "",
                    "locks": "0",
                    "key": "0",
                    "u1_vnum": "8610"
                },
                {
                    "door": "D3",
                    "description": "You see machine dreams and taste violet phosphor.\n",
                    "keyword": "",
                    "locks": "0",
                    "key": "0",
                    "u1_vnum": "8618"
                },
                {
                    "door": "D4",
                    "description": "You see machine dreams and taste violet phosphor.\n",
                    "keyword": "",
                    "locks": "0",
                    "key": "0",
                    "u1_vnum": "8626"
                },
                {
                    "door": "D5",
                    "description": "You see machine dreams and taste violet phosphor.\n",
                    "keyword": "",
                    "locks": "0",
                    "key": "0",
                    "u1_vnum": "8606"
                }
            ]
        },
        {
            "vnum": "8617",
            "name": "The Void",
            "description": "You are suspended in cool electric space above a translucent plain.  You feel\nsynesthesia invading your nerves and reshuffling your senses.  The sky is the\nsame obsidian color as the ground and you can't find a horizon.\n",
            "flags": "N",
            "sector": "2",
            "exits": [
                {
                    "door": "D0",
                    "description": "You see machine dreams and taste violet phosphor.\n",
                    "keyword": "",
                    "locks": "0",
                    "key": "0",
                    "u1_vnum": "8614"
                },
                {
                    "door": "D1",
                    "description": "You see machine dreams and taste violet phosphor.\n",
                    "keyword": "",
                    "locks": "0",
                    "key": "0",
                    "u1_vnum": "8618"
                },
                {
                    "door": "D2",
                    "description": "You see a small hall.\n",
                    "keyword": "",
                    "locks": "0",
                    "key": "0",
                    "u1_vnum": "8634"
                },
                {
                    "door": "D3",
                    "description": "You see machine dreams and taste violet phosphor.\n",
                    "keyword": "",
                    "locks": "0",
                    "key": "0",
                    "u1_vnum": "8616"
                },
                {
                    "door": "D4",
                    "description": "You see machine dreams and taste violet phosphor.\n",
                    "keyword": "",
                    "locks": "0",
                    "key": "0",
                    "u1_vnum": "8627"
                },
                {
                    "door": "D5",
                    "description": "You see machine dreams and taste violet phosphor.\n",
                    "keyword": "",
                    "locks": "0",
                    "key": "0",
                    "u1_vnum": "8607"
                }
            ]
        },
        {
            "vnum": "8618",
            "name": "The Void",
            "description": "You are suspended in cool electric space above a translucent plain.  You feel\nsynesthesia invading your nerves and reshuffling your senses.  The sky is the\nsame obsidian color as the ground and you can't find a horizon.\n",
            "flags": "N",
            "sector": "2",
            "exits": [
                {
                    "door": "D0",
                    "description": "You see machine dreams and taste violet phosphor.\n",
                    "keyword": "",
                    "locks": "0",
                    "key": "0",
                    "u1_vnum": "8615"
                },
                {
                    "door": "D1",
                    "description": "You see machine dreams and taste violet phosphor.\n",
                    "keyword": "",
                    "locks": "0",
                    "key": "0",
                    "u1_vnum": "8616"
                },
                {
                    "door": "D2",
                    "description": "You see machine dreams and taste violet phosphor.\n",
                    "keyword": "",
                    "locks": "0",
                    "key": "0",
                    "u1_vnum": "8612"
                },
                {
                    "door": "D3",
                    "description": "You see machine dreams and taste violet phosphor.\n",
                    "keyword": "",
                    "locks": "0",
                    "key": "0",
                    "u1_vnum": "8617"
                },
                {
                    "door": "D4",
                    "description": "You see machine dreams and taste violet phosphor.\n",
                    "keyword": "",
                    "locks": "0",
                    "key": "0",
                    "u1_vnum": "8628"
                },
                {
                    "door": "D5",
                    "description": "You see machine dreams and taste violet phosphor.\n",
                    "keyword": "",
                    "locks": "0",
                    "key": "0",
                    "u1_vnum": "8608"
                }
            ]
        },
        {
            "vnum": "8620",
            "name": "The Void",
            "description": "You are suspended in cool electric space above a translucent plain.  You feel\nsynesthesia invading your nerves and reshuffling your senses.  The sky is the\nsame obsidian color as the ground and you can't find a horizon.\n",
            "flags": "N",
            "sector": "2",
            "exits": [
                {
                    "door": "D0",
                    "description": "You see machine dreams and taste violet phosphor.\n",
                    "keyword": "",
                    "locks": "0",
                    "key": "0",
                    "u1_vnum": "8626"
                },
                {
                    "door": "D1",
                    "description": "You see machine dreams and taste violet phosphor.\n",
                    "keyword": "",
                    "locks": "0",
                    "key": "0",
                    "u1_vnum": "8621"
                },
                {
                    "door": "D2",
                    "description": "You see machine dreams and taste violet phosphor.\n",
                    "keyword": "",
                    "locks": "0",
                    "key": "0",
                    "u1_vnum": "8623"
                },
                {
                    "door": "D3",
                    "description": "You see machine dreams and taste violet phosphor.\n",
                    "keyword": "",
                    "locks": "0",
                    "key": "0",
                    "u1_vnum": "8622"
                },
                {
                    "door": "D4",
                    "description": "You see machine dreams and taste violet phosphor.\n",
                    "keyword": "",
                    "locks": "0",
                    "key": "0",
                    "u1_vnum": "8600"
                },
                {
                    "door": "D5",
                    "description": "You see machine dreams and taste violet phosphor.\n",
                    "keyword": "",
                    "locks": "0",
                    "key": "0",
                    "u1_vnum": "8610"
                }
            ]
        },
        {
            "vnum": "8621",
            "name": "The Void",
            "description": "You are suspended in cool electric space above a translucent plain.  You feel\nsynesthesia invading your nerves and reshuffling your senses.  The sky is the\nsame obsidian color as the ground and you can't find a horizon.\n",
            "flags": "N",
            "sector": "2",
            "exits": [
                {
                    "door": "D0",
                    "description": "You see machine dreams and taste violet phosphor.\n",
                    "keyword": "",
                    "locks": "0",
                    "key": "0",
                    "u1_vnum": "8627"
                },
                {
                    "door": "D1",
                    "description": "You see machine dreams and taste violet phosphor.\n",
                    "keyword": "",
                    "locks": "0",
                    "key": "0",
                    "u1_vnum": "8622"
                },
                {
                    "door": "D2",
                    "description": "You see machine dreams and taste violet phosphor.\n",
                    "keyword": "",
                    "locks": "0",
                    "key": "0",
                    "u1_vnum": "8624"
                },
                {
                    "door": "D3",
                    "description": "You see machine dreams and taste violet phosphor.\n",
                    "keyword": "",
                    "locks": "0",
                    "key": "0",
                    "u1_vnum": "8620"
                },
                {
                    "door": "D4",
                    "description": "You see machine dreams and taste violet phosphor.\n",
                    "keyword": "",
                    "locks": "0",
                    "key": "0",
                    "u1_vnum": "8601"
                },
                {
                    "door": "D5",
                    "description": "You see machine dreams and taste violet phosphor.\n",
                    "keyword": "",
                    "locks": "0",
                    "key": "0",
                    "u1_vnum": "8611"
                }
            ]
        },
        {
            "vnum": "8622",
            "name": "The Void",
            "description": "You are suspended in cool electric space above a translucent plain.  You feel\nsynesthesia invading your nerves and reshuffling your senses.  The sky is the\nsame obsidian color as the ground and you can't find a horizon.\n",
            "flags": "N",
            "sector": "2",
            "exits": [
                {
                    "door": "D0",
                    "description": "You see machine dreams and taste violet phosphor.\n",
                    "keyword": "",
                    "locks": "0",
                    "key": "0",
                    "u1_vnum": "8628"
                },
                {
                    "door": "D1",
                    "description": "You see machine dreams and taste violet phosphor.\n",
                    "keyword": "",
                    "locks": "0",
                    "key": "0",
                    "u1_vnum": "8620"
                },
                {
                    "door": "D2",
                    "description": "You see machine dreams and taste violet phosphor.\n",
                    "keyword": "",
                    "locks": "0",
                    "key": "0",
                    "u1_vnum": "8625"
                },
                {
                    "door": "D3",
                    "description": "You see machine dreams and taste violet phosphor.\n",
                    "keyword": "",
                    "locks": "0",
                    "key": "0",
                    "u1_vnum": "8621"
                },
                {
                    "door": "D4",
                    "description": "You see machine dreams and taste violet phosphor.\n",
                    "keyword": "",
                    "locks": "0",
                    "key": "0",
                    "u1_vnum": "8602"
                },
                {
                    "door": "D5",
                    "description": "You see machine dreams and taste violet phosphor.\n",
                    "keyword": "",
                    "locks": "0",
                    "key": "0",
                    "u1_vnum": "8612"
                }
            ]
        },
        {
            "vnum": "8623",
            "name": "The Void",
            "description": "You are suspended in cool electric space above a translucent plain.  You feel\nsynesthesia invading your nerves and reshuffling your senses.  The sky is the\nsame obsidian color as the ground and you can't find a horizon.\n",
            "flags": "N",
            "sector": "2",
            "exits": [
                {
                    "door": "D0",
                    "description": "You see machine dreams and taste violet phosphor.\n",
                    "keyword": "",
                    "locks": "0",
                    "key": "0",
                    "u1_vnum": "8620"
                },
                {
                    "door": "D1",
                    "description": "You see machine dreams and taste violet phosphor.\n",
                    "keyword": "",
                    "locks": "0",
                    "key": "0",
                    "u1_vnum": "8624"
                },
                {
                    "door": "D2",
                    "description": "You see machine dreams and taste violet phosphor.\n",
                    "keyword": "",
                    "locks": "0",
                    "key": "0",
                    "u1_vnum": "8626"
                },
                {
                    "door": "D3",
                    "description": "You see machine dreams and taste violet phosphor.\n",
                    "keyword": "",
                    "locks": "0",
                    "key": "0",
                    "u1_vnum": "8625"
                },
                {
                    "door": "D4",
                    "description": "You see machine dreams and taste violet phosphor.\n",
                    "keyword": "",
                    "locks": "0",
                    "key": "0",
                    "u1_vnum": "8603"
                },
                {
                    "door": "D5",
                    "description": "You see machine dreams and taste violet phosphor.\n",
                    "keyword": "",
                    "locks": "0",
                    "key": "0",
                    "u1_vnum": "8613"
                }
            ]
        },
        {
            "vnum": "8624",
            "name": "The Void",
            "description": "You are suspended in cool electric space above a translucent plain.  You feel\nsynesthesia invading your nerves and reshuffling your senses.  The sky is the\nsame obsidian color as the ground and you can't find a horizon.\n",
            "flags": "N",
            "sector": "2",
            "exits": [
                {
                    "door": "D0",
                    "description": "You see machine dreams and taste violet phosphor.\n",
                    "keyword": "",
                    "locks": "0",
                    "key": "0",
                    "u1_vnum": "8621"
                },
                {
                    "door": "D1",
                    "description": "You see machine dreams and taste violet phosphor.\n",
                    "keyword": "",
                    "locks": "0",
                    "key": "0",
                    "u1_vnum": "8625"
                },
                {
                    "door": "D2",
                    "description": "You see machine dreams and taste violet phosphor.\n",
                    "keyword": "",
                    "locks": "0",
                    "key": "0",
                    "u1_vnum": "8627"
                },
                {
                    "door": "D3",
                    "description": "You see machine dreams and taste violet phosphor.\n",
                    "keyword": "",
                    "locks": "0",
                    "key": "0",
                    "u1_vnum": "8623"
                },
                {
                    "door": "D4",
                    "description": "You see a mountain ridge against the sky.\n",
                    "keyword": "",
                    "locks": "0",
                    "key": "0",
                    "u1_vnum": "8638"
                },
                {
                    "door": "D5",
                    "description": "You see machine dreams and taste violet phosphor.\n",
                    "keyword": "",
                    "locks": "0",
                    "key": "0",
                    "u1_vnum": "8614"
                }
            ]
        },
        {
            "vnum": "8625",
            "name": "The Void",
            "description": "You are suspended in cool electric space above a translucent plain.  You feel\nsynesthesia invading your nerves and reshuffling your senses.  The sky is the\nsame obsidian color as the ground and you can't find a horizon.\n",
            "flags": "N",
            "sector": "2",
            "exits": [
                {
                    "door": "D0",
                    "description": "You see machine dreams and taste violet phosphor.\n",
                    "keyword": "",
                    "locks": "0",
                    "key": "0",
                    "u1_vnum": "8622"
                },
                {
                    "door": "D1",
                    "description": "You see machine dreams and taste violet phosphor.\n",
                    "keyword": "",
                    "locks": "0",
                    "key": "0",
                    "u1_vnum": "8623"
                },
                {
                    "door": "D2",
                    "description": "You see machine dreams and taste violet phosphor.\n",
                    "keyword": "",
                    "locks": "0",
                    "key": "0",
                    "u1_vnum": "8628"
                },
                {
                    "door": "D3",
                    "description": "You see machine dreams and taste violet phosphor.\n",
                    "keyword": "",
                    "locks": "0",
                    "key": "0",
                    "u1_vnum": "8624"
                },
                {
                    "door": "D4",
                    "description": "You see machine dreams and taste violet phosphor.\n",
                    "keyword": "",
                    "locks": "0",
                    "key": "0",
                    "u1_vnum": "8605"
                },
                {
                    "door": "D5",
                    "description": "You see machine dreams and taste violet phosphor.\n",
                    "keyword": "",
                    "locks": "0",
                    "key": "0",
                    "u1_vnum": "8615"
                }
            ]
        },
        {
            "vnum": "8626",
            "name": "The Void",
            "description": "You are suspended in cool electric space above a translucent plain.  You feel\nsynesthesia invading your nerves and reshuffling your senses.  The sky is the\nsame obsidian color as the ground and you can't find a horizon.\n",
            "flags": "N",
            "sector": "2",
            "exits": [
                {
                    "door": "D0",
                    "description": "You see machine dreams and taste violet phosphor.\n",
                    "keyword": "",
                    "locks": "0",
                    "key": "0",
                    "u1_vnum": "8623"
                },
                {
                    "door": "D1",
                    "description": "You see machine dreams and taste violet phosphor.\n",
                    "keyword": "",
                    "locks": "0",
                    "key": "0",
                    "u1_vnum": "8627"
                },
                {
                    "door": "D2",
                    "description": "You see machine dreams and taste violet phosphor.\n",
                    "keyword": "",
                    "locks": "0",
                    "key": "0",
                    "u1_vnum": "8620"
                },
                {
                    "door": "D3",
                    "description": "You see machine dreams and taste violet phosphor.\n",
                    "keyword": "",
                    "locks": "0",
                    "key": "0",
                    "u1_vnum": "8628"
                },
                {
                    "door": "D4",
                    "description": "You see machine dreams and taste violet phosphor.\n",
                    "keyword": "",
                    "locks": "0",
                    "key": "0",
                    "u1_vnum": "8606"
                },
                {
                    "door": "D5",
                    "description": "You see machine dreams and taste violet phosphor.\n",
                    "keyword": "",
                    "locks": "0",
                    "key": "0",
                    "u1_vnum": "8616"
                }
            ]
        },
        {
            "vnum": "8627",
            "name": "The Void",
            "description": "You are suspended in cool electric space above a translucent plain.  You feel\nsynesthesia invading your nerves and reshuffling your senses.  The sky is the\nsame obsidian color as the ground and you can't find a horizon.\n",
            "flags": "N",
            "sector": "2",
            "exits": [
                {
                    "door": "D0",
                    "description": "You see machine dreams and taste violet phosphor.\n",
                    "keyword": "",
                    "locks": "0",
                    "key": "0",
                    "u1_vnum": "8624"
                },
                {
                    "door": "D1",
                    "description": "You see machine dreams and taste violet phosphor.\n",
                    "keyword": "",
                    "locks": "0",
                    "key": "0",
                    "u1_vnum": "8628"
                },
                {
                    "door": "D2",
                    "description": "You see machine dreams and taste violet phosphor.\n",
                    "keyword": "",
                    "locks": "0",
                    "key": "0",
                    "u1_vnum": "8621"
                },
                {
                    "door": "D3",
                    "description": "You see machine dreams and taste violet phosphor.\n",
                    "keyword": "",
                    "locks": "0",
                    "key": "0",
                    "u1_vnum": "8626"
                },
                {
                    "door": "D4",
                    "description": "You see machine dreams and taste violet phosphor.\n",
                    "keyword": "",
                    "locks": "0",
                    "key": "0",
                    "u1_vnum": "8607"
                },
                {
                    "door": "D5",
                    "description": "You see machine dreams and taste violet phosphor.\n",
                    "keyword": "",
                    "locks": "0",
                    "key": "0",
                    "u1_vnum": "8617"
                }
            ]
        },
        {
            "vnum": "8628",
            "name": "The Void",
            "description": "You are suspended in cool electric space above a translucent plain.  You feel\nsynesthesia invading your nerves and reshuffling your senses.  The sky is the\nsame obsidian color as the ground and you can't find a horizon.\n",
            "flags": "N",
            "sector": "2",
            "exits": [
                {
                    "door": "D0",
                    "description": "You see machine dreams and taste violet phosphor.\n",
                    "keyword": "",
                    "locks": "0",
                    "key": "0",
                    "u1_vnum": "8625"
                },
                {
                    "door": "D1",
                    "description": "You see machine dreams and taste violet phosphor.\n",
                    "keyword": "",
                    "locks": "0",
                    "key": "0",
                    "u1_vnum": "8626"
                },
                {
                    "door": "D2",
                    "description": "You see machine dreams and taste violet phosphor.\n",
                    "keyword": "",
                    "locks": "0",
                    "key": "0",
                    "u1_vnum": "8622"
                },
                {
                    "door": "D3",
                    "description": "You see machine dreams and taste violet phosphor.\n",
                    "keyword": "",
                    "locks": "0",
                    "key": "0",
                    "u1_vnum": "8627"
                },
                {
                    "door": "D4",
                    "description": "You see machine dreams and taste violet phosphor.\n",
                    "keyword": "",
                    "locks": "0",
                    "key": "0",
                    "u1_vnum": "8608"
                },
                {
                    "door": "D5",
                    "description": "You see machine dreams and taste violet phosphor.\n",
                    "keyword": "",
                    "locks": "0",
                    "key": "0",
                    "u1_vnum": "8618"
                }
            ]
        },
        {
            "vnum": "8630",
            "name": "Road to Newfane",
            "description": "You are on a gently curving north-south road.  On your east side a youthful\nriver sparkles blue and rushes in the sunlight.  On the west, green leaves and\ngreen ferns burst against the rich brown earth.  You feel the heat of your\nhealthy muscles as you travel swiftly down the well-paved road.\nYou may recall now if you like.\n",
            "flags": "0",
            "sector": "2",
            "exits": [
                {
                    "door": "D0",
                    "description": "You see a village square.\n",
                    "keyword": "",
                    "locks": "0",
                    "key": "0",
                    "u1_vnum": "8631"
                },
                {
                    "door": "D2",
                    "description": "You see machine dreams and taste violet phosphor.\n",
                    "keyword": "",
                    "locks": "0",
                    "key": "0",
                    "u1_vnum": "8611"
                }
            ]
        },
        {
            "vnum": "8631",
            "name": "Newfane Village Square",
            "description": "You are on the lawn of the village square of Newfane, resting against an oak\nafter your vigorous journey.  The late spring breeze feels warm and sensuous\non your body.  An Ale is in progress: you spy more than a dozen fiddlers and\nhundreds of Morris Dancers dressed in white cotton and wearing colorful hats\nand bells.\n",
            "flags": "0",
            "sector": "2",
            "exits": [
                {
                    "door": "D2",
                    "description": "You see the Road to Newfane.\n",
                    "keyword": "",
                    "locks": "0",
                    "key": "0",
                    "u1_vnum": "8630"
                }
            ]
        },
        {
            "vnum": "8632",
            "name": "A Large Dance Hall",
            "description": "You are inside a large dance hall with a very polished, very slippery wooden\nfloor.  You see three long lines of dancers, alternating men and women, in\nsome sort of progressive country dance.  Two fiddlers, a flautist, and a\nharpsichord player provide the music.  You hear scattered screams of joy\nfrom the dancers.\nYou may recall now if you like.\n",
            "flags": "0",
            "sector": "2",
            "exits": [
                {
                    "door": "D3",
                    "description": "You see machine dreams and taste violet phosphor.\n",
                    "keyword": "",
                    "locks": "0",
                    "key": "0",
                    "u1_vnum": "8615"
                }
            ],
            "extra_descriptions": [
                {
                    "keyword": "dancer dancers",
                    "description": "The dancers have been here all night and intend to dance until dawn.\n"
                }
            ]
        },
        {
            "vnum": "8634",
            "name": "A Small Hall",
            "description": "You are inside a small hall with a rough wooden floor.  You see dozens of\npeople in the hall chasing one poor man who is yelling at the top of\nhis lungs.  Wait a minute.  These people are all holding hands and smiling!\nThe man in front is leading them in a spiral!  They're DANCING!  And you\nthought people didn't dance like this any more!\nYou may recall now if you like.\n",
            "flags": "0",
            "sector": "2",
            "exits": [
                {
                    "door": "D0",
                    "description": "You see machine dreams and taste violet phosphor.\n",
                    "keyword": "",
                    "locks": "0",
                    "key": "0",
                    "u1_vnum": "8617"
                }
            ]
        },
        {
            "vnum": "8636",
            "name": "Road by a Pond",
            "description": "You are passing by a large pond, almost a small lake.  You notice a small\nwooden shack by the side of the road.\nYou may recall now if you like.\n",
            "flags": "0",
            "sector": "2",
            "exits": [
                {
                    "door": "D1",
                    "description": "You see machine dreams and taste violet phosphor.\n",
                    "keyword": "",
                    "locks": "0",
                    "key": "0",
                    "u1_vnum": "8613"
                },
                {
                    "door": "D3",
                    "description": "You see a wooden church set back among the trees.\n",
                    "keyword": "",
                    "locks": "0",
                    "key": "0",
                    "u1_vnum": "8637"
                }
            ],
            "extra_descriptions": [
                {
                    "keyword": "shack",
                    "description": "The shack looks hand-made by an amateur.\n"
                }
            ]
        },
        {
            "vnum": "8637",
            "name": "An Old Wooden Church",
            "description": "As you enter the hall, you see the largest crowd of people you've ever seen in\nyour life.  They're also the noisiest crowd you've ever heard, and as they\npress around you, the SWEATIEST crowd you've ever felt!  At the front of the\nhall, a group of musicians are playing 'Chorus Jig'.\n",
            "flags": "0",
            "sector": "2",
            "exits": [
                {
                    "door": "D1",
                    "description": "You see a road by a pond.\n",
                    "keyword": "",
                    "locks": "0",
                    "key": "0",
                    "u1_vnum": "8636"
                }
            ]
        },
        {
            "vnum": "8638",
            "name": "Mountain Road",
            "description": "You are following a road at the top of a mountain ridge with sky all around\nyou.  Distant valleys are spread out below you on both sides.  There are\nmany horsemen and horsewomen on this road, riding hell-for-leather out of\nsheer exhilaration.  You wish you had a horse!\nYou may recall now if you like.\n",
            "flags": "0",
            "sector": "2",
            "exits": [
                {
                    "door": "D4",
                    "description": "You see several acres of thickly planted, very young Yule Trees.\n",
                    "keyword": "",
                    "locks": "0",
                    "key": "0",
                    "u1_vnum": "8639"
                },
                {
                    "door": "D5",
                    "description": "You see machine dreams and taste violet phosphor.\n",
                    "keyword": "",
                    "locks": "0",
                    "key": "0",
                    "u1_vnum": "8624"
                }
            ]
        },
        {
            "vnum": "8639",
            "name": "Yule Tree Farm",
            "description": "This is the Yule Tree Farm at the top of Mountain Road.  All around you,\nyoung Yule Trees saturate your senses with dark green needles and pine\nessence.\n",
            "flags": "0",
            "sector": "2",
            "exits": [
                {
                    "door": "D5",
                    "description": "You see a mountain ridge against the sky.\n",
                    "keyword": "",
                    "locks": "0",
                    "key": "0",
                    "u1_vnum": "8638"
                }
            ]
        },
        {
            "vnum": "8699",
            "name": "The Void",
            "description": "You are suspended in cool electric space above a translucent plain.  You feel\nsynesthesia invading your nerves and reshuffling your senses.  The sky is the\nsame obsidian color as the ground and you can't find a horizon.\n",
            "flags": "CL",
            "sector": "2"
        }
    ],
    "resets": [
        {
            "command": "R",
            "arg1": "8600",
            "arg2": "6"
        },
        {
            "command": "R",
            "arg1": "8601",
            "arg2": "6"
        },
        {
            "command": "R",
            "arg1": "8602",
            "arg2": "6"
        },
        {
            "command": "R",
            "arg1": "8603",
            "arg2": "6"
        },
        {
            "command": "R",
            "arg1": "8604",
            "arg2": "6"
        },
        {
            "command": "R",
            "arg1": "8605",
            "arg2": "6"
        },
        {
            "command": "R",
            "arg1": "8606",
            "arg2": "6"
        },
        {
            "command": "R",
            "arg1": "8607",
            "arg2": "6"
        },
        {
            "command": "R",
            "arg1": "8608",
            "arg2": "6"
        },
        {
            "command": "R",
            "arg1": "8610",
            "arg2": "6"
        },
        {
            "command": "R",
            "arg1": "8611",
            "arg2": "6"
        },
        {
            "command": "R",
            "arg1": "8612",
            "arg2": "6"
        },
        {
            "command": "R",
            "arg1": "8613",
            "arg2": "6"
        },
        {
            "command": "R",
            "arg1": "8614",
            "arg2": "6"
        },
        {
            "command": "R",
            "arg1": "8615",
            "arg2": "6"
        },
        {
            "command": "R",
            "arg1": "8616",
            "arg2": "6"
        },
        {
            "command": "R",
            "arg1": "8617",
            "arg2": "6"
        },
        {
            "command": "R",
            "arg1": "8618",
            "arg2": "6"
        },
        {
            "command": "R",
            "arg1": "8620",
            "arg2": "6"
        },
        {
            "command": "R",
            "arg1": "8621",
            "arg2": "6"
        },
        {
            "command": "R",
            "arg1": "8622",
            "arg2": "6"
        },
        {
            "command": "R",
            "arg1": "8623",
            "arg2": "6"
        },
        {
            "command": "R",
            "arg1": "8624",
            "arg2": "6"
        },
        {
            "command": "R",
            "arg1": "8625",
            "arg2": "6"
        },
        {
            "command": "R",
            "arg1": "8626",
            "arg2": "6"
        },
        {
            "command": "R",
            "arg1": "8627",
            "arg2": "6"
        },
        {
            "command": "R",
            "arg1": "8628",
            "arg2": "6"
        },
        {
            "command": "M",
            "arg1": "8600",
            "arg2": "1",
            "arg3": "8699",
            "arg4": "1"
        },
        {
            "command": "O",
            "arg1": "8600",
            "arg2": "80",
            "arg3": "8631"
        },
        {
            "command": "O",
            "arg1": "8601",
            "arg2": "80",
            "arg3": "8632"
        },
        {
            "command": "O",
            "arg1": "8601",
            "arg2": "80",
            "arg3": "8634"
        },
        {
            "command": "O",
            "arg1": "8602",
            "arg2": "80",
            "arg3": "8637"
        },
        {
            "command": "O",
            "arg1": "8603",
            "arg2": "4",
            "arg3": "8639"
        }
    ],
    "shops": [],
    "specials": []
}