{
    "area": {
        "file": "dwarven.are",
        "name": "Dwarven Kingdom",
        "low_range": "10",
        "high_range": "25",
        "writer": "Anon",
        "credits": "Dwarven Kingdom",
        "min_vnum": "6500",
        "max_vnum": "6599"
    },
    "mobiles": [
        {
            "vnum": "6500",
            "name": "oldstyle dwarf guard",
            "short_description": "the dwarven guard",
            "long_description": "A dwarven guard is here.\n",
            "description": "The guard looks very tough and mean.\n",
            "race": "dwarf",
            "act": "AB",
            "affected_by": "D",
            "alignment": "500",
            "group": "0",
            "level": "20",
            "hitroll": "0",
            "hit_dice": "3d9+333",
            "mana_dice": "10d9+100",
            "dam_dice": "2d8+5",
            "dam_type": "none",
            "ac_pierce": "-4",
            "ac_bash": "-4",
            "ac_slash": "-4",
            "ac_exotic": "7",
            "off_flags": "EFNR",
            "imm_flags": "0",
            "res_flags": "0",
            "vuln_flags": "0",
            "start_pos": "stand",
            "default_pos": "stand",
            "sex": "male",
            "wealth": "500",
            "form": "0",
            "parts": "0",
            "size": "medium",
            "material": "0"
        },
        {
            "vnum": "6501",
            "name": "oldstyle dwarf worker miner",
            "short_description": "the dwarven worker",
            "long_description": "A dwarven mining worker is here.\n",
            "description": "He is very dirty, and looks extremely over-worked.\n",
            "race": "dwarf",
            "act": "AG",
            "affected_by": "0",
            "alignment": "900",
            "group": "0",
            "level": "12",
            "hitroll": "0",
            "hit_dice": "2d10+150",
            "mana_dice": "6d9+100",
            "dam_dice": "1d10+3",
            "dam_type": "none",
            "ac_pierce": "0",
            "ac_bash": "0",
            "ac_slash": "0",
            "ac_exotic": "8",
            "off_flags": "EFNR",
            "imm_flags": "0",
            "res_flags": "0",
            "vuln_flags": "0",
            "start_pos": "stand",
            "default_pos": "stand",
            "sex": "male",
            "wealth": "175",
            "form": "0",
            "parts": "0",
            "size": "medium",
            "material": "0"
        },
        {
            "vnum": "6502",
            "name": "oldstyle wraith",
            "short_description": "the wraith",
            "long_description": "A wraith is awaiting your first move here.\n",
            "description": "A black, almost transparent wraith.\n",
            "race": "human",
            "act": "AB",
            "affected_by": "DF",
            "alignment": "-900",
            "group": "0",
            "level": "29",
            "hitroll": "0",
            "hit_dice": "20d20+778",
            "mana_dice": "20d20+500",
            "dam_dice": "5d17+8",
            "dam_type": "none",
            "ac_pierce": "-9",
            "ac_bash": "-9",
            "ac_slash": "-9",
            "ac_exotic": "6",
            "off_flags": "EFNU",
            "imm_flags": "0",
            "res_flags": "0",
            "vuln_flags": "0",
            "start_pos": "stand",
            "default_pos": "stand",
            "sex": "male",
            "wealth": "2500",
            "form": "0",
            "parts": "0",
            "size": "medium",
            "material": "0"
        },
        {
            "vnum": "6503",
            "name": "oldstyle storekeeper",
            "short_description": "the storekeeper",
            "long_description": "There is the Hide & Tooth storekeeper standing here, waiting patiently.\n",
            "description": "The storekeeper is very rotund, but looks like a sharp guy.\n",
            "race": "human",
            "act": "AB",
            "affected_by": "0",
            "alignment": "900",
            "group": "0",
            "level": "35",
            "hitroll": "0",
            "hit_dice": "10d10+1300",
            "mana_dice": "17d9+100",
            "dam_dice": "4d7+11",
            "dam_type": "none",
            "ac_pierce": "-11",
            "ac_bash": "-11",
            "ac_slash": "-11",
            "ac_exotic": "5",
            "off_flags": "EFNU",
            "imm_flags": "0",
            "res_flags": "0",
            "vuln_flags": "0",
            "start_pos": "stand",
            "default_pos": "stand",
            "sex": "male",
            "wealth": "5000",
            "form": "0",
            "parts": "0",
            "size": "medium",
            "material": "0"
        },
        {
            "vnum": "6504",
            "name": "oldstyle baker",
            "short_description": "the baker",
            "long_description": "Granite Head, the baker, is waiting for a customer here.\n",
            "description": "Granite Head is covered with flour and grains.\n",
            "race": "human",
            "act": "AB",
            "affected_by": "0",
            "alignment": "900",
            "group": "0",
            "level": "35",
            "hitroll": "0",
            "hit_dice": "10d10+1700",
            "mana_dice": "17d9+100",
            "dam_dice": "4d7+11",
            "dam_type": "none",
            "ac_pierce": "-31",
            "ac_bash": "-31",
            "ac_slash": "-31",
            "ac_exotic": "5",
            "off_flags": "EFNU",
            "imm_flags": "0",
            "res_flags": "0",
            "vuln_flags": "0",
            "start_pos": "stand",
            "default_pos": "stand",
            "sex": "male",
            "wealth": "50",
            "form": "0",
            "parts": "0",
            "size": "medium",
            "material": "0"
        },
        {
            "vnum": "6505",
            "name": "oldstyle lizard",
            "short_description": "the giant lizard",
            "long_description": "A giant lizard is here.\n",
            "description": "This scaly creature looks like it is well adapted to it's underground\nhabitat.  He looks very powerful.\n",
            "race": "lizard",
            "act": "AG",
            "affected_by": "D",
            "alignment": "100",
            "group": "0",
            "level": "18",
            "hitroll": "0",
            "hit_dice": "3d9+283",
            "mana_dice": "9d9+100",
            "dam_dice": "2d7+4",
            "dam_type": "none",
            "ac_pierce": "-3",
            "ac_bash": "-3",
            "ac_slash": "-3",
            "ac_exotic": "7",
            "off_flags": "EFNR",
            "imm_flags": "0",
            "res_flags": "0",
            "vuln_flags": "0",
            "start_pos": "stand",
            "default_pos": "stand",
            "sex": "male",
            "wealth": "60",
            "form": "0",
            "parts": "0",
            "size": "medium",
            "material": "0"
        },
        {
            "vnum": "6506",
            "name": "oldstyle giant",
            "short_description": "the giant",
            "long_description": "A giant is here.\n",
            "description": "The giant is about 8 feet tall, with arms of steel, and looks very strong.\n",
            "race": "giant",
            "act": "AG",
            "affected_by": "0",
            "alignment": "0",
            "group": "0",
            "level": "16",
            "hitroll": "0",
            "hit_dice": "3d9+233",
            "mana_dice": "8d9+100",
            "dam_dice": "2d6+4",
            "dam_type": "none",
            "ac_pierce": "-2",
            "ac_bash": "-2",
            "ac_slash": "-2",
            "ac_exotic": "7",
            "off_flags": "EFNR",
            "imm_flags": "0",
            "res_flags": "0",
            "vuln_flags": "0",
            "start_pos": "stand",
            "default_pos": "stand",
            "sex": "male",
            "wealth": "100",
            "form": "0",
            "parts": "0",
            "size": "medium",
            "material": "0"
        },
        {
            "vnum": "6507",
            "name": "oldstyle dwarf miner",
            "short_description": "the dwarven miner",
            "long_description": "A dwarven miner is here.\n",
            "description": "The mineworker is very tired, and very dirty, and he has bulging muscles.\n",
            "race": "dwarf",
            "act": "AB",
            "affected_by": "0",
            "alignment": "0",
            "group": "0",
            "level": "8",
            "hitroll": "0",
            "hit_dice": "2d7+96",
            "mana_dice": "4d9+100",
            "dam_dice": "1d7+2",
            "dam_type": "none",
            "ac_pierce": "3",
            "ac_bash": "3",
            "ac_slash": "3",
            "ac_exotic": "9",
            "off_flags": "EFNR",
            "imm_flags": "0",
            "res_flags": "0",
            "vuln_flags": "0",
            "start_pos": "stand",
            "default_pos": "stand",
            "sex": "male",
            "wealth": "2",
            "form": "0",
            "parts": "0",
            "size": "medium",
            "material": "0"
        },
        {
            "vnum": "6508",
            "name": "oldstyle dwarf leader",
            "short_description": "the dwarven mine leader",
            "long_description": "A dwarven mine leader is here.\n",
            "description": "The mine leader is very big and very strong.\n",
            "race": "dwarf",
            "act": "AB",
            "affected_by": "0",
            "alignment": "0",
            "group": "0",
            "level": "21",
            "hitroll": "0",
            "hit_dice": "4d10+360",
            "mana_dice": "10d9+100",
            "dam_dice": "4d4+5",
            "dam_type": "none",
            "ac_pierce": "-5",
            "ac_bash": "-5",
            "ac_slash": "-5",
            "ac_exotic": "7",
            "off_flags": "EFNR",
            "imm_flags": "0",
            "res_flags": "0",
            "vuln_flags": "0",
            "start_pos": "stand",
            "default_pos": "stand",
            "sex": "male",
            "wealth": "1000",
            "form": "0",
            "parts": "0",
            "size": "medium",
            "material": "0"
        },
        {
            "vnum": "6509",
            "name": "oldstyle dwarf doctor",
            "short_description": "the dwarven doctor",
            "long_description": "The dwarven doctor is here.\n",
            "description": "He is a very skilled surgeon, with hands of steel.\n",
            "race": "dwarf",
            "act": "AB",
            "affected_by": "DH",
            "alignment": "1000",
            "group": "0",
            "level": "9",
            "hitroll": "0",
            "hit_dice": "2d6+110",
            "mana_dice": "4d9+100",
            "dam_dice": "1d8+2",
            "dam_type": "none",
            "ac_pierce": "2",
            "ac_bash": "2",
            "ac_slash": "2",
            "ac_exotic": "8",
            "off_flags": "EFNR",
            "imm_flags": "0",
            "res_flags": "0",
            "vuln_flags": "0",
            "start_pos": "stand",
            "default_pos": "stand",
            "sex": "male",
            "wealth": "75",
            "form": "0",
            "parts": "0",
            "size": "medium",
            "material": "0"
        },
        {
            "vnum": "6510",
            "name": "oldstyle dwarf peon",
            "short_description": "the dwarven peon",
            "long_description": "A dwarven peon is awaiting help here.\n",
            "description": "",
            "race": "dwarf",
            "act": "AB",
            "affected_by": "0",
            "alignment": "500",
            "group": "0",
            "level": "3",
            "hitroll": "0",
            "hit_dice": "2d6+35",
            "mana_dice": "1d9+100",
            "dam_dice": "1d6+0",
            "dam_type": "none",
            "ac_pierce": "7",
            "ac_bash": "7",
            "ac_slash": "7",
            "ac_exotic": "10",
            "off_flags": "EFNR",
            "imm_flags": "0",
            "res_flags": "0",
            "vuln_flags": "0",
            "start_pos": "stand",
            "default_pos": "stand",
            "sex": "male",
            "wealth": "3",
            "form": "0",
            "parts": "0",
            "size": "medium",
            "material": "0"
        },
        {
            "vnum": "6511",
            "name": "oldstyle dwarf",
            "short_description": "the dwarf",
            "long_description": "A grinning dwarf is here.\n",
            "description": "",
            "race": "dwarf",
            "act": "AB",
            "affected_by": "0",
            "alignment": "500",
            "group": "0",
            "level": "9",
            "hitroll": "0",
            "hit_dice": "2d6+110",
            "mana_dice": "4d9+100",
            "dam_dice": "1d8+2",
            "dam_type": "none",
            "ac_pierce": "2",
            "ac_bash": "2",
            "ac_slash": "2",
            "ac_exotic": "8",
            "off_flags": "EFNR",
            "imm_flags": "0",
            "res_flags": "0",
            "vuln_flags": "0",
            "start_pos": "stand",
            "default_pos": "stand",
            "sex": "male",
            "wealth": "62",
            "form": "0",
            "parts": "0",
            "size": "medium",
            "material": "0"
        },
        {
            "vnum": "6512",
            "name": "oldstyle dwarf son",
            "short_description": "the unwanted son",
            "long_description": "An unwanted son is here.  You feel sorry for the guy.\n",
            "description": "",
            "race": "dwarf",
            "act": "AG",
            "affected_by": "0",
            "alignment": "250",
            "group": "0",
            "level": "9",
            "hitroll": "0",
            "hit_dice": "2d6+110",
            "mana_dice": "4d9+100",
            "dam_dice": "1d8+2",
            "dam_type": "none",
            "ac_pierce": "2",
            "ac_bash": "2",
            "ac_slash": "2",
            "ac_exotic": "8",
            "off_flags": "EFNR",
            "imm_flags": "0",
            "res_flags": "0",
            "vuln_flags": "0",
            "start_pos": "stand",
            "default_pos": "stand",
            "sex": "male",
            "wealth": "2",
            "form": "0",
            "parts": "0",
            "size": "medium",
            "material": "0"
        },
        {
            "vnum": "6513",
            "name": "oldstyle dwarf daughter",
            "short_description": "the unwanted daughter",
            "long_description": "An unwanted daughter is here.  You feel sorry for her.\n",
            "description": "",
            "race": "dwarf",
            "act": "AG",
            "affected_by": "0",
            "alignment": "250",
            "group": "0",
            "level": "10",
            "hitroll": "0",
            "hit_dice": "2d7+121",
            "mana_dice": "5d9+100",
            "dam_dice": "2d4+2",
            "dam_type": "none",
            "ac_pierce": "1",
            "ac_bash": "1",
            "ac_slash": "1",
            "ac_exotic": "8",
            "off_flags": "EFNR",
            "imm_flags": "0",
            "res_flags": "0",
            "vuln_flags": "0",
            "start_pos": "stand",
            "default_pos": "stand",
            "sex": "female",
            "wealth": "2",
            "form": "0",
            "parts": "0",
            "size": "medium",
            "material": "0"
        },
        {
            "vnum": "6514",
            "name": "oldstyle dwarf guard",
            "short_description": "the barracks guard",
            "long_description": "A barrack guard is here.\n",
            "description": "",
            "race": "dwarf",
            "act": "AB",
            "affected_by": "0",
            "alignment": "100",
            "group": "0",
            "level": "16",
            "hitroll": "0",
            "hit_dice": "3d9+233",
            "mana_dice": "8d9+100",
            "dam_dice": "2d6+4",
            "dam_type": "none",
            "ac_pierce": "-2",
            "ac_bash": "-2",
            "ac_slash": "-2",
            "ac_exotic": "7",
            "off_flags": "EFNR",
            "imm_flags": "0",
            "res_flags": "0",
            "vuln_flags": "0",
            "start_pos": "stand",
            "default_pos": "stand",
            "sex": "male",
            "wealth": "150",
            "form": "0",
            "parts": "0",
            "size": "medium",
            "material": "0"
        },
        {
            "vnum": "6515",
            "name": "oldstyle man",
            "short_description": "the man in waiting",
            "long_description": "A man in waiting is here.  He looks nervous and unsure of himself.\n",
            "description": "",
            "race": "human",
            "act": "AB",
            "affected_by": "0",
            "alignment": "300",
            "group": "0",
            "level": "15",
            "hitroll": "0",
            "hit_dice": "3d9+208",
            "mana_dice": "7d9+100",
            "dam_dice": "2d6+3",
            "dam_type": "none",
            "ac_pierce": "-2",
            "ac_bash": "-2",
            "ac_slash": "-2",
            "ac_exotic": "7",
            "off_flags": "EFNU",
            "imm_flags": "0",
            "res_flags": "0",
            "vuln_flags": "0",
            "start_pos": "stand",
            "default_pos": "stand",
            "sex": "male",
            "wealth": "348",
            "form": "0",
            "parts": "0",
            "size": "medium",
            "material": "0"
        },
        {
            "vnum": "6516",
            "name": "oldstyle mazekeeper",
            "short_description": "the mazekeeper",
            "long_description": "A mazekeeper is here.\n",
            "description": "He looks VERY tough.\n",
            "race": "human",
            "act": "ABF",
            "affected_by": "H",
            "alignment": "-1000",
            "group": "0",
            "level": "29",
            "hitroll": "0",
            "hit_dice": "6d12+778",
            "mana_dice": "14d9+100",
            "dam_dice": "2d12+8",
            "dam_type": "none",
            "ac_pierce": "-9",
            "ac_bash": "-9",
            "ac_slash": "-9",
            "ac_exotic": "6",
            "off_flags": "EFNU",
            "imm_flags": "0",
            "res_flags": "0",
            "vuln_flags": "0",
            "start_pos": "stand",
            "default_pos": "stand",
            "sex": "male",
            "wealth": "4000",
            "form": "0",
            "parts": "0",
            "size": "medium",
            "material": "0"
        },
        {
            "vnum": "6517",
            "name": "oldstyle snake",
            "short_description": "the giant snake",
            "long_description": "There is a giant snake here.\n",
            "description": "",
            "race": "snake",
            "act": "ABF",
            "affected_by": "0",
            "alignment": "-1000",
            "group": "0",
            "level": "15",
            "hitroll": "0",
            "hit_dice": "3d9+208",
            "mana_dice": "7d9+100",
            "dam_dice": "2d6+3",
            "dam_type": "none",
            "ac_pierce": "-2",
            "ac_bash": "-2",
            "ac_slash": "-2",
            "ac_exotic": "7",
            "off_flags": "EFNR",
            "imm_flags": "0",
            "res_flags": "0",
            "vuln_flags": "0",
            "start_pos": "stand",
            "default_pos": "stand",
            "sex": "male",
            "wealth": "150",
            "form": "0",
            "parts": "0",
            "size": "medium",
            "material": "0"
        },
        {
            "vnum": "6518",
            "name": "oldstyle dwarf seller",
            "short_description": "the dwarven worker",
            "long_description": "A dwarven mining worker is here.\n",
            "description": "He is very dirty, and looks extremely over-worked. But unlike the others \nthis one seems to be waiting for someone\n",
            "race": "dwarf",
            "act": "ABG",
            "affected_by": "0",
            "alignment": "0",
            "group": "0",
            "level": "12",
            "hitroll": "0",
            "hit_dice": "2d10+150",
            "mana_dice": "6d9+100",
            "dam_dice": "1d10+3",
            "dam_type": "none",
            "ac_pierce": "0",
            "ac_bash": "0",
            "ac_slash": "0",
            "ac_exotic": "8",
            "off_flags": "EFNR",
            "imm_flags": "0",
            "res_flags": "0",
            "vuln_flags": "0",
            "start_pos": "stand",
            "default_pos": "stand",
            "sex": "male",
            "wealth": "175",
            "form": "0",
            "parts": "0",
            "size": "medium",
            "material": "0"
        }
    ],
    "objects": [
        {
            "vnum": "6502",
            "name": "key green",
            "short_description": "a deep green key",
            "description": "A deep green key is on the floor.",
            "material": "wood",
            "type": "key",
            "extra_flags": "0",
            "wear_flags": "A",
            "values": "0 0 0 0 0",
            "level": "0",
            "weight": "10",
            "cost": "0",
            "condition": "P"
        },
        {
            "vnum": "6504",
            "name": "dwarven hammer",
            "short_description": "a hammer",
            "description": "There is a dwarven hammer laying here.",
            "material": "iron wood",
            "type": "weapon",
            "extra_flags": "0",
            "wear_flags": "AN",
            "values": "mace 4 5 pound 0",
            "level": "17",
            "weight": "30",
            "cost": "880",
            "condition": "P"
        },
        {
            "vnum": "6505",
            "name": "dwarven plate",
            "short_description": "dwarven plate mail",
            "description": "There is dwarven plate mail laying here.",
            "material": "iron",
            "type": "armor",
            "extra_flags": "0",
            "wear_flags": "AD",
            "values": "7 7 7 0 0",
            "level": "20",
            "weight": "40",
            "cost": "2900",
            "condition": "P"
        },
        {
            "vnum": "6506",
            "name": "stick",
            "short_description": "long, black stick",
            "description": "There is a long, black stick lying here.",
            "material": "wood cloth",
            "type": "staff",
            "extra_flags": "0",
            "wear_flags": "AO",
            "values": "4 10 10 'cure critical' 0",
            "level": "11",
            "weight": "10",
            "cost": "4800",
            "condition": "P"
        },
        {
            "vnum": "6507",
            "name": "stick",
            "short_description": "long, black stick",
            "description": "There is a long, black stick here.",
            "material": "wood cloth",
            "type": "light",
            "extra_flags": "0",
            "wear_flags": "AO",
            "values": "0 0 50 0 0",
            "level": "0",
            "weight": "10",
            "cost": "0",
            "condition": "P"
        },
        {
            "vnum": "6508",
            "name": "club",
            "short_description": "dwarven club",
            "description": "There is a dwarven club laying here.",
            "material": "wood",
            "type": "weapon",
            "extra_flags": "0",
            "wear_flags": "AN",
            "values": "mace 2 7 pound 0",
            "level": "10",
            "weight": "10",
            "cost": "510",
            "condition": "P"
        },
        {
            "vnum": "6509",
            "name": "two-handed dwarven axe",
            "short_description": "a two-handed dwarven axe",
            "description": "A two-handed Dwarven axe is here.",
            "material": "wood steel",
            "type": "weapon",
            "extra_flags": "0",
            "wear_flags": "AN",
            "values": "axe 3 7 cleave F",
            "level": "17",
            "weight": "50",
            "cost": "4100",
            "condition": "P",
            "affects_a": [
                {
                    "location": "1",
                    "modifier": "2"
                },
                {
                    "location": "18",
                    "modifier": "2"
                },
                {
                    "location": "19",
                    "modifier": "2"
                }
            ]
        },
        {
            "vnum": "6510",
            "name": "helmet",
            "short_description": "a dwarven helmet",
            "description": "A dwarven helmet is here.",
            "material": "iron",
            "type": "armor",
            "extra_flags": "0",
            "wear_flags": "AE",
            "values": "7 7 7 0 0",
            "level": "20",
            "weight": "40",
            "cost": "1450",
            "condition": "P"
        },
        {
            "vnum": "6511",
            "name": "ring golden dwarven",
            "short_description": "a dwarven golden ring",
            "description": "A pretty golden ring is here.",
            "material": "gold",
            "type": "gem",
            "extra_flags": "G",
            "wear_flags": "AB",
            "values": "0 0 0 0 0",
            "level": "7",
            "weight": "10",
            "cost": "460",
            "condition": "P",
            "affects_a": [
                {
                    "location": "19",
                    "modifier": "1"
                },
                {
                    "location": "18",
                    "modifier": "1"
                }
            ]
        },
        {
            "vnum": "6512",
            "name": "gloves",
            "short_description": "dwarven gloves",
            "description": "Thick dwarven gloves lay here.",
            "material": "leather",
            "type": "armor",
            "extra_flags": "0",
            "wear_flags": "AH",
            "values": "5 5 5 0 0",
            "level": "13",
            "weight": "20",
            "cost": "2000",
            "condition": "P",
            "affects_a": [
                {
                    "location": "2",
                    "modifier": "1"
                },
                {
                    "location": "1",
                    "modifier": "1"
                }
            ]
        },
        {
            "vnum": "6513",
            "name": "note",
            "short_description": "a note",
            "description": "A crumpled note is here.",
            "material": "paper",
            "type": "furniture",
            "extra_flags": "0",
            "wear_flags": "A",
            "values": "0 0 0 0 0",
            "level": "0",
            "weight": "0",
            "cost": "0",
            "condition": "P",
            "extra_descriptions": [
                {
                    "keyword": "note letter letters",
                    "description": "It seems to be a hot love letter from the Queen.  Unfortunately,\nit's not suitable for transmission across a public data network.\n"
                }
            ]
        },
        {
            "vnum": "6514",
            "name": "castle key",
            "short_description": "a castle key",
            "description": "There is a key to Strangelove Castle here.",
            "material": "iron",
            "type": "key",
            "extra_flags": "0",
            "wear_flags": "A",
            "values": "0 0 0 0 0",
            "level": "0",
            "weight": "0",
            "cost": "0",
            "condition": "P"
        },
        {
            "vnum": "6516",
            "name": "key mine",
            "short_description": "a mine key",
            "description": "There is a key to the mines here.",
            "material": "iron",
            "type": "key",
            "extra_flags": "0",
            "wear_flags": "A",
            "values": "0 0 0 0 0",
            "level": "0",
            "weight": "0",
            "cost": "0",
            "condition": "P"
        },
        {
            "vnum": "6517",
            "name": "coal",
            "short_description": "a chunk of coal",
            "description": "There is a chunk of coal here.",
            "material": "coal",
            "type": "trash",
            "extra_flags": "T",
            "wear_flags": "AO",
            "values": "0 0 0 0 0",
            "level": "0",
            "weight": "10",
            "cost": "0",
            "condition": "P"
        },
        {
            "vnum": "6518",
            "name": "pick",
            "short_description": "a mining pick",
            "description": "There is a mining pick here.",
            "material": "iron wood",
            "type": "weapon",
            "extra_flags": "I",
            "wear_flags": "AN",
            "values": "mace 2 3 pierce 0",
            "level": "3",
            "weight": "10",
            "cost": "240",
            "condition": "P"
        },
        {
            "vnum": "6519",
            "name": "pills",
            "short_description": "a box of birth control pills",
            "description": "There is a box of birth control pills here.",
            "material": "unknown",
            "type": "pill",
            "extra_flags": "0",
            "wear_flags": "A",
            "values": "20 'cure light' 'cure light' 'cure light' ''",
            "level": "0",
            "weight": "10",
            "cost": "300",
            "condition": "P",
            "extra_descriptions": [
                {
                    "keyword": "birth control pills pill",
                    "description": "They are in a circular container, and there are numbers corresponding\nto the day that they are to be taken.  You can tell they haven't been\nused for a while.\n"
                }
            ]
        },
        {
            "vnum": "6520",
            "name": "map castle strangelove",
            "short_description": "a map of Castle Strangelove",
            "description": "A rolled up map is here.",
            "material": "paper",
            "type": "map",
            "extra_flags": "0",
            "wear_flags": "A",
            "values": "1 0 0 0 0",
            "level": "0",
            "weight": "10",
            "cost": "500",
            "condition": "P",
            "extra_descriptions": [
                {
                    "keyword": "map castle strangelove",
                    "description": ".\n* * * Castle Strangelove * * *       __________\n = = ==================== = =        \\ Queen's \\\n                                      \\ Bedroom \\\n                                       \\_________\\\n                                                *\n                               __________    ____\\_____\n     North  Up                 \\  Top of \\    \\ Waiting \\\n        \\   |                   \\ Stairs  \\----\\  Room   \\\n          \\ |                    \\_________\\    \\_________\\\n  West ---- + ---- East             |\n            | \\                _____|____\n            |   \\              \\         \\\n          Down  South           \\ Stairs  \\    [] - You need the Castle Key\n                                 \\_________\\        to get beyond this point.\n                                    |               The Castle Key can be\n                               _____|____           found on the Grinning\n                               \\         \\          Dwarves in the Barracks.\n                                \\ Stairs  \\\n                                 \\_________\\    * - You need the Deep Green\n                                    |               Key to get beyond this\n                __________     _____|____           point.  This key can be\n                \\ Door to \\    \\ Inside  \\          found on the Wraith in\n                 \\ Castle  \\-[]-\\ Castle  \\         the wine cellar or on one\n                  \\_________\\    \\_________\\        of the Dwarven Guards on\n                           \\                        the Dark path.\n                         ____\\_____\n                         \\ Path to \\\n                          \\ Castle  \\\n                           \\_________\\\n                                    \\\n                   __________     ____\\_____\n                   \\ Door to \\    \\ Path to \\\n                    \\ Kingdom \\----\\ Castle  \\\n                     \\_________\\    \\_________\\\n                              \\\n                           To Dwarven\n                             Kingdom\n"
                }
            ]
        },
        {
            "vnum": "6521",
            "name": "iron bars",
            "short_description": "a chunk of iron bars",
            "description": "There is a chunk of iron bars here.",
            "material": "iron",
            "type": "trash",
            "extra_flags": "T",
            "wear_flags": "AO",
            "values": "0 0 0 0 0",
            "level": "0",
            "weight": "30",
            "cost": "0",
            "condition": "P"
        },
        {
            "vnum": "6522",
            "name": "dwarven hammer",
            "short_description": "a hammer",
            "description": "There is a hammer lying on the floor here.",
            "material": "iron",
            "type": "trash",
            "extra_flags": "T",
            "wear_flags": "AO",
            "values": "0 0 0 0 0",
            "level": "0",
            "weight": "30",
            "cost": "0",
            "condition": "P"
        }
    ],
    "rooms": [
        {
            "vnum": "6500",
            "name": "Path to Dwarven Village",
            "description": "All around you are the mountains of the southern range, home of dwarves and \ngiants.  You can climb back down the mountains to the west and leave these \nrealms, or seek riches in the northern mineshafts.  A dirt road leads south, \ntowards a small building.  You can hear crying and shrieking coming from it.\n",
            "flags": "0",
            "sector": "2",
            "exits": [
                {
                    "door": "D0",
                    "description": "The path continues.\n",
                    "keyword": "",
                    "locks": "0",
                    "key": "-1",
                    "u1_vnum": "6501"
                },
                {
                    "door": "D2",
                    "description": "You hear the patter of little feet.\n",
                    "keyword": "",
                    "locks": "0",
                    "key": "-1",
                    "u1_vnum": "6601"
                },
                {
                    "door": "D3",
                    "description": "A rocky road leads back to Midgaard and the mines of Moria.\n",
                    "keyword": "",
                    "locks": "0",
                    "key": "-1",
                    "u1_vnum": "6562"
                }
            ]
        },
        {
            "vnum": "6501",
            "name": "Path, base of mountain",
            "description": "Now you are at the bottom of a rugged mountain.  The forest around you is\nvery dense, and it seems very dark to the north.\n",
            "flags": "0",
            "sector": "4",
            "exits": [
                {
                    "door": "D0",
                    "description": "The path continues up the mountain.\n",
                    "keyword": "",
                    "locks": "0",
                    "key": "-1",
                    "u1_vnum": "6502"
                },
                {
                    "door": "D2",
                    "description": "The path heads toward the main city.\n",
                    "keyword": "",
                    "locks": "0",
                    "key": "-1",
                    "u1_vnum": "6500"
                }
            ]
        },
        {
            "vnum": "6502",
            "name": "Path, middle of mountain",
            "description": "Standing on the middle of the mountain, you can easily see the turning\npoint to the south, and the top of the mountain is very near to the north.\n",
            "flags": "0",
            "sector": "5",
            "exits": [
                {
                    "door": "D0",
                    "description": "The top of the mountain is easily seen from here.\n",
                    "keyword": "",
                    "locks": "0",
                    "key": "-1",
                    "u1_vnum": "6503"
                },
                {
                    "door": "D2",
                    "description": "The base of the mountain is near.\n",
                    "keyword": "",
                    "locks": "0",
                    "key": "-1",
                    "u1_vnum": "6501"
                }
            ]
        },
        {
            "vnum": "6503",
            "name": "Top of mountain",
            "description": "You are now on the top of the mountain.  To the south you see a path\nleading down the mountain.  To the east and west you see entrances to\nwhat seems like mines.\n",
            "flags": "0",
            "sector": "4",
            "exits": [
                {
                    "door": "D1",
                    "description": "An entrance to the mountain which seems to lead underground.\n",
                    "keyword": "",
                    "locks": "0",
                    "key": "-1",
                    "u1_vnum": "6540"
                },
                {
                    "door": "D2",
                    "description": "The path leads down the mountain to the main city.\n",
                    "keyword": "",
                    "locks": "0",
                    "key": "-1",
                    "u1_vnum": "6502"
                },
                {
                    "door": "D3",
                    "description": "There is an entrance to the mountain.\n",
                    "keyword": "",
                    "locks": "0",
                    "key": "-1",
                    "u1_vnum": "6505"
                }
            ]
        },
        {
            "vnum": "6504",
            "name": "Narrow Path",
            "description": "This is a narrow path leading to the Dwarven Kingdom.  It looks less\ntravelled than the others, and it is very creepy.  The path opens up\nto the south, and continues to the north.\n",
            "flags": "D",
            "sector": "0",
            "exits": [
                {
                    "door": "D0",
                    "description": "",
                    "keyword": "",
                    "locks": "0",
                    "key": "-1",
                    "u1_vnum": "6506"
                },
                {
                    "door": "D2",
                    "description": "",
                    "keyword": "",
                    "locks": "0",
                    "key": "-1",
                    "u1_vnum": "6540"
                }
            ]
        },
        {
            "vnum": "6505",
            "name": "Entrance to Mountain",
            "description": "Here is an entrance to the mountain.  The door looks very well built,\nand you can hear noise coming from within.\n",
            "flags": "0",
            "sector": "2",
            "exits": [
                {
                    "door": "D1",
                    "description": "",
                    "keyword": "",
                    "locks": "0",
                    "key": "-1",
                    "u1_vnum": "6503"
                },
                {
                    "door": "D3",
                    "description": "",
                    "keyword": "door",
                    "locks": "2",
                    "key": "6502",
                    "u1_vnum": "6513"
                }
            ]
        },
        {
            "vnum": "6506",
            "name": "Bend in Narrow Path",
            "description": "This is a narrow path that bends to the east here.  The trees hang over\nthe path, and it is very overgrown.  The narrow path continues to the\nsouth and to the east.\n",
            "flags": "D",
            "sector": "0",
            "exits": [
                {
                    "door": "D1",
                    "description": "",
                    "keyword": "",
                    "locks": "0",
                    "key": "-1",
                    "u1_vnum": "6507"
                },
                {
                    "door": "D2",
                    "description": "",
                    "keyword": "",
                    "locks": "0",
                    "key": "-1",
                    "u1_vnum": "6504"
                }
            ],
            "extra_descriptions": [
                {
                    "keyword": "tree trees",
                    "description": "They hang over the road in the most ominous of ways.\n"
                }
            ]
        },
        {
            "vnum": "6507",
            "name": "Narrow path",
            "description": "This path is very narrow, and it continues to the north and west.\n",
            "flags": "D",
            "sector": "0",
            "exits": [
                {
                    "door": "D0",
                    "description": "",
                    "keyword": "",
                    "locks": "0",
                    "key": "-1",
                    "u1_vnum": "6508"
                },
                {
                    "door": "D3",
                    "description": "",
                    "keyword": "",
                    "locks": "0",
                    "key": "-1",
                    "u1_vnum": "6506"
                }
            ]
        },
        {
            "vnum": "6508",
            "name": "Narrow north-south path",
            "description": "This path leads to the north and south.  To the north you can see a\ndoor, and to the south the path continues.\n",
            "flags": "D",
            "sector": "0",
            "exits": [
                {
                    "door": "D0",
                    "description": "",
                    "keyword": "",
                    "locks": "0",
                    "key": "-1",
                    "u1_vnum": "6509"
                },
                {
                    "door": "D2",
                    "description": "",
                    "keyword": "",
                    "locks": "0",
                    "key": "-1",
                    "u1_vnum": "6507"
                }
            ]
        },
        {
            "vnum": "6509",
            "name": "Door to Kingdom",
            "description": "Here the path turns to the west.  You can see a door in front of you,\nand the path continues to the west and south.\n",
            "flags": "D",
            "sector": "0",
            "exits": [
                {
                    "door": "D1",
                    "description": "",
                    "keyword": "door",
                    "locks": "2",
                    "key": "6502",
                    "u1_vnum": "6510"
                },
                {
                    "door": "D2",
                    "description": "",
                    "keyword": "",
                    "locks": "0",
                    "key": "-1",
                    "u1_vnum": "6508"
                },
                {
                    "door": "D3",
                    "description": "",
                    "keyword": "",
                    "locks": "0",
                    "key": "-1",
                    "u1_vnum": "6522"
                }
            ]
        },
        {
            "vnum": "6510",
            "name": "Path to the Castle",
            "description": "You are on a path that will eventually lead to the castle.  It\ncontinues north to the castle, and there is a door on the western wall.\n",
            "flags": "D",
            "sector": "0",
            "exits": [
                {
                    "door": "D0",
                    "description": "",
                    "keyword": "",
                    "locks": "0",
                    "key": "-1",
                    "u1_vnum": "6511"
                },
                {
                    "door": "D3",
                    "description": "",
                    "keyword": "door",
                    "locks": "2",
                    "key": "6502",
                    "u1_vnum": "6509"
                }
            ]
        },
        {
            "vnum": "6511",
            "name": "Still on the path to the Castle",
            "description": "You are still on the path to the castle, or back to the\nDwarven village, whichever way you wish to go.  The path\ncontinues to the north and south.\n",
            "flags": "D",
            "sector": "0",
            "exits": [
                {
                    "door": "D0",
                    "description": "",
                    "keyword": "",
                    "locks": "0",
                    "key": "-1",
                    "u1_vnum": "6512"
                },
                {
                    "door": "D2",
                    "description": "",
                    "keyword": "",
                    "locks": "0",
                    "key": "-1",
                    "u1_vnum": "6510"
                }
            ]
        },
        {
            "vnum": "6512",
            "name": "Door to Castle",
            "description": "Here there is a door to the castle to the east.  The castle\nis elegantly designed, and looks much like a roll of toilet paper\nstanding on end.  A sign says:\n              ******************************************\n              *  WELCOME TO THE CASTLE OF STRANGELOVE  *\n              *      Here, celibacy is uninvited       *\n              ******************************************\n",
            "flags": "D",
            "sector": "0",
            "exits": [
                {
                    "door": "D1",
                    "description": "",
                    "keyword": "door",
                    "locks": "2",
                    "key": "6514",
                    "u1_vnum": "6525"
                },
                {
                    "door": "D2",
                    "description": "",
                    "keyword": "",
                    "locks": "0",
                    "key": "-1",
                    "u1_vnum": "6511"
                }
            ]
        },
        {
            "vnum": "6513",
            "name": "Inside the entrance",
            "description": "Everything here is covered in soot and very grimy.  The path continues\nto the east and north, and there is a door to the west.\n",
            "flags": "D",
            "sector": "0",
            "exits": [
                {
                    "door": "D0",
                    "description": "The little underground path continues to the north.\n",
                    "keyword": "",
                    "locks": "0",
                    "key": "-1",
                    "u1_vnum": "6514"
                },
                {
                    "door": "D1",
                    "description": "The path leads outside the entrance.\n",
                    "keyword": "door",
                    "locks": "2",
                    "key": "6502",
                    "u1_vnum": "6505"
                },
                {
                    "door": "D3",
                    "description": "This looks like an entrance to some type of store room.\n",
                    "keyword": "",
                    "locks": "0",
                    "key": "-1",
                    "u1_vnum": "6526"
                }
            ]
        },
        {
            "vnum": "6514",
            "name": "Path",
            "description": "You are on a path in the dwarven village which leads north to the shops\nand south to the corner of the area.\n",
            "flags": "D",
            "sector": "0",
            "exits": [
                {
                    "door": "D0",
                    "description": "",
                    "keyword": "",
                    "locks": "0",
                    "key": "-1",
                    "u1_vnum": "6515"
                },
                {
                    "door": "D2",
                    "description": "",
                    "keyword": "",
                    "locks": "0",
                    "key": "-1",
                    "u1_vnum": "6513"
                }
            ]
        },
        {
            "vnum": "6515",
            "name": "Turn in road",
            "description": "You are on a path that leads to a Hide & Tooth shop to the west, and the\npath continues to the south.\n",
            "flags": "D",
            "sector": "0",
            "exits": [
                {
                    "door": "D2",
                    "description": "",
                    "keyword": "",
                    "locks": "0",
                    "key": "-1",
                    "u1_vnum": "6514"
                },
                {
                    "door": "D3",
                    "description": "The Hide & Tooth shop is seen to the west.\n",
                    "keyword": "",
                    "locks": "0",
                    "key": "-1",
                    "u1_vnum": "6516"
                }
            ]
        },
        {
            "vnum": "6516",
            "name": "Hide & Tooth Shop",
            "description": "You are in the Hide & Tooth shop.  Here you may buy the finest in Dwarven\nweapons and armors. The path continues to the north and east.\n",
            "flags": "D",
            "sector": "0",
            "exits": [
                {
                    "door": "D0",
                    "description": "",
                    "keyword": "",
                    "locks": "0",
                    "key": "-1",
                    "u1_vnum": "6517"
                },
                {
                    "door": "D1",
                    "description": "",
                    "keyword": "",
                    "locks": "0",
                    "key": "-1",
                    "u1_vnum": "6515"
                }
            ]
        },
        {
            "vnum": "6517",
            "name": "Path to the north of shop",
            "description": "You are on a path to the north of the Hide & Tooth shop.  The path continues\nto the north, and there is Granite Head's bakery to the west.\n",
            "flags": "D",
            "sector": "0",
            "exits": [
                {
                    "door": "D0",
                    "description": "",
                    "keyword": "",
                    "locks": "0",
                    "key": "-1",
                    "u1_vnum": "6518"
                },
                {
                    "door": "D2",
                    "description": "",
                    "keyword": "",
                    "locks": "0",
                    "key": "-1",
                    "u1_vnum": "6516"
                },
                {
                    "door": "D3",
                    "description": "",
                    "keyword": "",
                    "locks": "0",
                    "key": "-1",
                    "u1_vnum": "6535"
                }
            ]
        },
        {
            "vnum": "6518",
            "name": "North of Shops",
            "description": "Here the path bends to the east towards the barracks. To the\nsouth you can see the shops.\n",
            "flags": "D",
            "sector": "0",
            "exits": [
                {
                    "door": "D1",
                    "description": "",
                    "keyword": "",
                    "locks": "0",
                    "key": "-1",
                    "u1_vnum": "6519"
                },
                {
                    "door": "D2",
                    "description": "",
                    "keyword": "",
                    "locks": "0",
                    "key": "-1",
                    "u1_vnum": "6517"
                }
            ]
        },
        {
            "vnum": "6519",
            "name": "Path by Hospital",
            "description": "Here the path passes by the Hospital to the north.  It continues\nto the east to the barracks, and to the west.\n",
            "flags": "D",
            "sector": "0",
            "exits": [
                {
                    "door": "D0",
                    "description": "",
                    "keyword": "",
                    "locks": "0",
                    "key": "-1",
                    "u1_vnum": "6534"
                },
                {
                    "door": "D1",
                    "description": "",
                    "keyword": "",
                    "locks": "0",
                    "key": "-1",
                    "u1_vnum": "6520"
                },
                {
                    "door": "D3",
                    "description": "",
                    "keyword": "",
                    "locks": "0",
                    "key": "-1",
                    "u1_vnum": "6518"
                }
            ]
        },
        {
            "vnum": "6520",
            "name": "Path next to barracks",
            "description": "Here the path continues west, and east to the barracks.\n",
            "flags": "D",
            "sector": "0",
            "exits": [
                {
                    "door": "D1",
                    "description": "",
                    "keyword": "",
                    "locks": "0",
                    "key": "-1",
                    "u1_vnum": "6521"
                },
                {
                    "door": "D3",
                    "description": "",
                    "keyword": "",
                    "locks": "0",
                    "key": "-1",
                    "u1_vnum": "6519"
                }
            ]
        },
        {
            "vnum": "6521",
            "name": "Entrance to barracks",
            "description": "Here there is an entrance to the barracks to the south, and\nthe path continues to the west.\n",
            "flags": "D",
            "sector": "0",
            "exits": [
                {
                    "door": "D2",
                    "description": "",
                    "keyword": "door",
                    "locks": "1",
                    "key": "-1",
                    "u1_vnum": "6523"
                },
                {
                    "door": "D3",
                    "description": "",
                    "keyword": "",
                    "locks": "0",
                    "key": "-1",
                    "u1_vnum": "6520"
                }
            ]
        },
        {
            "vnum": "6522",
            "name": "Guard House",
            "description": "You are in the guard house to the west of the entrance\nto the castle.  There are nude posters covering the walls.\n",
            "flags": "D",
            "sector": "0",
            "exits": [
                {
                    "door": "D1",
                    "description": "",
                    "keyword": "",
                    "locks": "0",
                    "key": "-1",
                    "u1_vnum": "6509"
                }
            ],
            "extra_descriptions": [
                {
                    "keyword": "poster",
                    "description": "There is a wall poster of a nude Minne Pearl.\n"
                }
            ]
        },
        {
            "vnum": "6523",
            "name": "First Barrack room",
            "description": "Here is the first of two main rooms of barracks.  The\nbarracks continue to the south, and you can leave the room\nto the north.\n",
            "flags": "D",
            "sector": "0",
            "exits": [
                {
                    "door": "D0",
                    "description": "",
                    "keyword": "door",
                    "locks": "1",
                    "key": "-1",
                    "u1_vnum": "6521"
                },
                {
                    "door": "D2",
                    "description": "",
                    "keyword": "",
                    "locks": "0",
                    "key": "-1",
                    "u1_vnum": "6524"
                }
            ]
        },
        {
            "vnum": "6524",
            "name": "Back of Barracks",
            "description": "Here is the back of the dwarven barracks.  There are rows\nof beds here, and there is a stench that is unbearable.\n",
            "flags": "D",
            "sector": "0",
            "exits": [
                {
                    "door": "D0",
                    "description": "",
                    "keyword": "",
                    "locks": "0",
                    "key": "-1",
                    "u1_vnum": "6523"
                },
                {
                    "door": "D5",
                    "description": "",
                    "keyword": "floorboards boards",
                    "locks": "1",
                    "key": "-1",
                    "u1_vnum": "2001"
                }
            ]
        },
        {
            "vnum": "6525",
            "name": "Inside of Castle Strangelove",
            "description": "You are just inside the castle.  It is very tubular in shape,\nand it is very featureless.  There is a set of stairs that lead\nup, and the door leads out of the castle to the west.\n",
            "flags": "D",
            "sector": "0",
            "exits": [
                {
                    "door": "D3",
                    "description": "",
                    "keyword": "door",
                    "locks": "2",
                    "key": "6514",
                    "u1_vnum": "6512"
                },
                {
                    "door": "D4",
                    "description": "",
                    "keyword": "",
                    "locks": "0",
                    "key": "-1",
                    "u1_vnum": "6528"
                }
            ]
        },
        {
            "vnum": "6526",
            "name": "A store room",
            "description": "There is a layer of dust on the floor at least 3 inches thick!  It is\nprobable that not many people have been in here for many months.\n",
            "flags": "AD",
            "sector": "0",
            "exits": [
                {
                    "door": "D1",
                    "description": "A lighted area that looks like a well worn path.\n",
                    "keyword": "",
                    "locks": "0",
                    "key": "-1",
                    "u1_vnum": "6513"
                },
                {
                    "door": "D5",
                    "description": "",
                    "keyword": "trapdoor",
                    "locks": "1",
                    "key": "0",
                    "u1_vnum": "6527"
                }
            ],
            "extra_descriptions": [
                {
                    "keyword": "floor dust",
                    "description": "After blowing all the dust off the floor, you notice a trapdoor!\n"
                }
            ]
        },
        {
            "vnum": "6527",
            "name": "Wine cellar",
            "description": "This room smells like wine, and you can only assume it used to be\na wine cellar at one time.\n",
            "flags": "AD",
            "sector": "0",
            "exits": [
                {
                    "door": "D4",
                    "description": "",
                    "keyword": "",
                    "locks": "1",
                    "key": "-1",
                    "u1_vnum": "6526"
                },
                {
                    "door": "D5",
                    "description": "",
                    "keyword": "floorboards boards",
                    "locks": "1",
                    "key": "-1",
                    "u1_vnum": "2065"
                }
            ]
        },
        {
            "vnum": "6528",
            "name": "Stairs in castle",
            "description": "The stairs continue to circle up and down here.\n",
            "flags": "D",
            "sector": "0",
            "exits": [
                {
                    "door": "D4",
                    "description": "",
                    "keyword": "",
                    "locks": "0",
                    "key": "-1",
                    "u1_vnum": "6529"
                },
                {
                    "door": "D5",
                    "description": "",
                    "keyword": "",
                    "locks": "0",
                    "key": "-1",
                    "u1_vnum": "6525"
                }
            ]
        },
        {
            "vnum": "6529",
            "name": "Stairs",
            "description": "You are still circling around on the stairs.  You are starting to\nget dizzy from going around and around and around and around and\naround.  The stairs continue up and down.\n",
            "flags": "D",
            "sector": "0",
            "exits": [
                {
                    "door": "D4",
                    "description": "",
                    "keyword": "",
                    "locks": "0",
                    "key": "-1",
                    "u1_vnum": "6530"
                },
                {
                    "door": "D5",
                    "description": "",
                    "keyword": "",
                    "locks": "0",
                    "key": "-1",
                    "u1_vnum": "6528"
                }
            ]
        },
        {
            "vnum": "6530",
            "name": "Top of stairs",
            "description": "You are at the top of the stairs in the castle.  There is an exit\nto the east, and the stairs lead down.\n",
            "flags": "D",
            "sector": "0",
            "exits": [
                {
                    "door": "D1",
                    "description": "",
                    "keyword": "",
                    "locks": "0",
                    "key": "-1",
                    "u1_vnum": "6531"
                },
                {
                    "door": "D5",
                    "description": "",
                    "keyword": "",
                    "locks": "0",
                    "key": "-1",
                    "u1_vnum": "6529"
                }
            ]
        },
        {
            "vnum": "6531",
            "name": "Queen's waiting room",
            "description": "This is the Queen's waiting room.  Here the men literally\n'wait' for the queen.  You've heard that the queen really likes\nto get to 'know' her people, in the biblical sense.  The queen's\nbedroom is to the north, and you can see stairs to the west.\n",
            "flags": "D",
            "sector": "0",
            "exits": [
                {
                    "door": "D0",
                    "description": "",
                    "keyword": "door",
                    "locks": "2",
                    "key": "6502",
                    "u1_vnum": "6532"
                },
                {
                    "door": "D3",
                    "description": "",
                    "keyword": "",
                    "locks": "0",
                    "key": "-1",
                    "u1_vnum": "6530"
                }
            ]
        },
        {
            "vnum": "6532",
            "name": "Bedroom",
            "description": "This is the Queen's bedroom.  The bed is all ruffled, and there\nis a stack of dirty sheets piled in the corner.\nA note has been scrawled in lipstick on the mirror:\n    I'm out looking for my birth control pills.\n    Why don't you slip into something comfortable while you're waiting?\n",
            "flags": "D",
            "sector": "0",
            "exits": [
                {
                    "door": "D2",
                    "description": "",
                    "keyword": "door",
                    "locks": "2",
                    "key": "6502",
                    "u1_vnum": "6531"
                }
            ]
        },
        {
            "vnum": "6534",
            "name": "Hospital",
            "description": "You are inside the Dwarven Hospital.  It smells like rubbing\nalcohol, and there is blood all over the walls.\n",
            "flags": "D",
            "sector": "0",
            "exits": [
                {
                    "door": "D2",
                    "description": "",
                    "keyword": "",
                    "locks": "0",
                    "key": "-1",
                    "u1_vnum": "6519"
                }
            ]
        },
        {
            "vnum": "6535",
            "name": "Granite Head's Bakery",
            "description": "The aroma coming from this room is sensuous.  You can almost taste\nthe pastries dissolving in your mouth.\n",
            "flags": "D",
            "sector": "0",
            "exits": [
                {
                    "door": "D1",
                    "description": "",
                    "keyword": "",
                    "locks": "0",
                    "key": "-1",
                    "u1_vnum": "6517"
                }
            ]
        },
        {
            "vnum": "6540",
            "name": "Dark path",
            "description": "This path is very well worn, and there is an entrance to the mines to the\neast, while the path continues to the north and west.\n",
            "flags": "D",
            "sector": "0",
            "exits": [
                {
                    "door": "D0",
                    "description": "",
                    "keyword": "",
                    "locks": "0",
                    "key": "-1",
                    "u1_vnum": "6504"
                },
                {
                    "door": "D1",
                    "description": "",
                    "keyword": "door",
                    "locks": "2",
                    "key": "6502",
                    "u1_vnum": "6541"
                },
                {
                    "door": "D3",
                    "description": "",
                    "keyword": "",
                    "locks": "0",
                    "key": "-1",
                    "u1_vnum": "6503"
                }
            ]
        },
        {
            "vnum": "6541",
            "name": "Mine entrance",
            "description": "The little path here leads down toward the mines, while the worn path\ncontinues to the west.\n",
            "flags": "D",
            "sector": "0",
            "exits": [
                {
                    "door": "D3",
                    "description": "",
                    "keyword": "door",
                    "locks": "2",
                    "key": "6502",
                    "u1_vnum": "6540"
                },
                {
                    "door": "D5",
                    "description": "",
                    "keyword": "",
                    "locks": "0",
                    "key": "-1",
                    "u1_vnum": "6542"
                }
            ]
        },
        {
            "vnum": "6542",
            "name": "Inside the mine",
            "description": "There are holes everywhere from the places that the workers blew\naway the rock to get to whatever they were looking for.  A path leads\ndown and up.\n",
            "flags": "AD",
            "sector": "0",
            "exits": [
                {
                    "door": "D4",
                    "description": "",
                    "keyword": "",
                    "locks": "0",
                    "key": "-1",
                    "u1_vnum": "6541"
                },
                {
                    "door": "D5",
                    "description": "",
                    "keyword": "",
                    "locks": "0",
                    "key": "-1",
                    "u1_vnum": "6554"
                }
            ]
        },
        {
            "vnum": "6543",
            "name": "Path in the mine",
            "description": "You are deep inside the mine, and you feel very uncomfortable.  The\npath continues to the east, and leads to the mineshaft to the west.\n",
            "flags": "AD",
            "sector": "0",
            "exits": [
                {
                    "door": "D1",
                    "description": "",
                    "keyword": "",
                    "locks": "0",
                    "key": "-1",
                    "u1_vnum": "6544"
                },
                {
                    "door": "D3",
                    "description": "",
                    "keyword": "",
                    "locks": "0",
                    "key": "-1",
                    "u1_vnum": "6554"
                }
            ]
        },
        {
            "vnum": "6544",
            "name": "Mine crossroad",
            "description": "You are at a crossroad in the mine.  There is a door to the north,\nand the path continues to the south, east, and west.\n",
            "flags": "AD",
            "sector": "0",
            "exits": [
                {
                    "door": "D0",
                    "description": "",
                    "keyword": "door",
                    "locks": "2",
                    "key": "6502",
                    "u1_vnum": "6546"
                },
                {
                    "door": "D1",
                    "description": "",
                    "keyword": "",
                    "locks": "0",
                    "key": "-1",
                    "u1_vnum": "6545"
                },
                {
                    "door": "D2",
                    "description": "",
                    "keyword": "",
                    "locks": "0",
                    "key": "-1",
                    "u1_vnum": "6551"
                },
                {
                    "door": "D3",
                    "description": "",
                    "keyword": "",
                    "locks": "0",
                    "key": "-1",
                    "u1_vnum": "6543"
                }
            ]
        },
        {
            "vnum": "6545",
            "name": "Coal Room",
            "description": "You are inside the storage area for the raw materials\nthat are found down here.  The room is very unsturdy as the\nsupports are very rickety.\n",
            "flags": "AD",
            "sector": "0",
            "exits": [
                {
                    "door": "D3",
                    "description": "",
                    "keyword": "",
                    "locks": "0",
                    "key": "-1",
                    "u1_vnum": "6544"
                }
            ]
        },
        {
            "vnum": "6546",
            "name": "Mine Maze",
            "description": "You have entered the maze of the mines.  To the east you\ncan see some inscriptions, and you can exit to the south.\n",
            "flags": "AD",
            "sector": "0",
            "exits": [
                {
                    "door": "D1",
                    "description": "",
                    "keyword": "",
                    "locks": "0",
                    "key": "-1",
                    "u1_vnum": "6547"
                },
                {
                    "door": "D2",
                    "description": "",
                    "keyword": "door",
                    "locks": "2",
                    "key": "6502",
                    "u1_vnum": "6544"
                }
            ]
        },
        {
            "vnum": "6547",
            "name": "Maze inscription",
            "description": "You are inside the maze, but not far enough in that you could get lost.\n",
            "flags": "AD",
            "sector": "0",
            "exits": [
                {
                    "door": "D0",
                    "description": "",
                    "keyword": "",
                    "locks": "0",
                    "key": "-1",
                    "u1_vnum": "6548"
                },
                {
                    "door": "D3",
                    "description": "",
                    "keyword": "",
                    "locks": "0",
                    "key": "-1",
                    "u1_vnum": "6546"
                }
            ]
        },
        {
            "vnum": "6548",
            "name": "Maze",
            "description": "You are in a maze.\n",
            "flags": "AD",
            "sector": "0",
            "exits": [
                {
                    "door": "D0",
                    "description": "",
                    "keyword": "",
                    "locks": "0",
                    "key": "-1",
                    "u1_vnum": "6549"
                },
                {
                    "door": "D2",
                    "description": "",
                    "keyword": "",
                    "locks": "0",
                    "key": "-1",
                    "u1_vnum": "6547"
                }
            ]
        },
        {
            "vnum": "6549",
            "name": "Maze",
            "description": "You are in a maze.\n",
            "flags": "AD",
            "sector": "0",
            "exits": [
                {
                    "door": "D0",
                    "description": "",
                    "keyword": "",
                    "locks": "0",
                    "key": "-1",
                    "u1_vnum": "6550"
                },
                {
                    "door": "D3",
                    "description": "",
                    "keyword": "",
                    "locks": "0",
                    "key": "-1",
                    "u1_vnum": "6548"
                }
            ]
        },
        {
            "vnum": "6550",
            "name": "Maze",
            "description": "You are in a maze.\n",
            "flags": "AD",
            "sector": "0",
            "exits": [
                {
                    "door": "D2",
                    "description": "",
                    "keyword": "",
                    "locks": "0",
                    "key": "-1",
                    "u1_vnum": "6549"
                },
                {
                    "door": "D3",
                    "description": "",
                    "keyword": "",
                    "locks": "0",
                    "key": "-1",
                    "u1_vnum": "6552"
                }
            ]
        },
        {
            "vnum": "6551",
            "name": "Mining equipment room",
            "description": "This is the storage room for equipment used by the\nDwarven miners.  It is very small, and you can tell that\nnot many miners actually use any equipment.\n",
            "flags": "AD",
            "sector": "0",
            "exits": [
                {
                    "door": "D0",
                    "description": "",
                    "keyword": "",
                    "locks": "0",
                    "key": "-1",
                    "u1_vnum": "6544"
                }
            ]
        },
        {
            "vnum": "6552",
            "name": "Solved the Maze.",
            "description": "You have solved the maze.  You can tell by the last few moves\nthat there is no way that a dumb worker could have figured that\nout.  It seems pretty desolate here.  To the south is a bleak room.\nTo the north, you see the maze.  There is a sign above the south exit:\n    Those who enter, plan on a timely death.\n    Especially if you're loyal to the queen.\n",
            "flags": "AD",
            "sector": "0",
            "exits": [
                {
                    "door": "D1",
                    "description": "",
                    "keyword": "",
                    "locks": "0",
                    "key": "-1",
                    "u1_vnum": "6550"
                },
                {
                    "door": "D3",
                    "description": "",
                    "keyword": "",
                    "locks": "0",
                    "key": "-1",
                    "u1_vnum": "6553"
                }
            ]
        },
        {
            "vnum": "6553",
            "name": "The Mazekeeper's Room",
            "description": "You have entered the Mazekeeper's room.  There are pictures of\nthe Queen with darts thrown in it.  Spray-painted on the wall are\nthings like 'the queen shall suffer' and 'Catholics Rule'.\n",
            "flags": "AD",
            "sector": "0",
            "exits": [
                {
                    "door": "D1",
                    "description": "",
                    "keyword": "",
                    "locks": "0",
                    "key": "-1",
                    "u1_vnum": "6552"
                }
            ]
        },
        {
            "vnum": "6554",
            "name": "Bottom of mineshaft",
            "description": "You are at the bottom of the mineshaft.  The air here is very sooty, and\nit is very hard to breath.  The mineshaft leads up and east.\n",
            "flags": "AD",
            "sector": "0",
            "exits": [
                {
                    "door": "D1",
                    "description": "",
                    "keyword": "",
                    "locks": "0",
                    "key": "-1",
                    "u1_vnum": "6543"
                },
                {
                    "door": "D4",
                    "description": "",
                    "keyword": "",
                    "locks": "0",
                    "key": "-1",
                    "u1_vnum": "6542"
                }
            ]
        },
        {
            "vnum": "6562",
            "name": "The mountains of the dwarven kingdom",
            "description": "You are standing at the foot of the mountains of the dwarven kingdom, where\ndwarves and giants toil endlessly to pry gems and mithril from the mother \nearth.  Here lies the palace of the dwarven queen, and untold riches.\nBut beware, for the mines are said to be haunted by demon and spirit alike.\nThe dwarven kingdom lies to the east.\n",
            "flags": "0",
            "sector": "5",
            "exits": [
                {
                    "door": "D1",
                    "description": "The dwarven kingdom awaits!\n",
                    "keyword": "",
                    "locks": "0",
                    "key": "-1",
                    "u1_vnum": "6500"
                },
                {
                    "door": "D3",
                    "description": "You see the foothills of this mighty mountain range.\n",
                    "keyword": "",
                    "locks": "0",
                    "key": "-1",
                    "u1_vnum": "4000"
                }
            ]
        }
    ],
    "resets": [
        {
            "command": "D",
            "arg1": "6527",
            "arg2": "5",
            "arg3": "1"
        },
        {
            "command": "D",
            "arg1": "6524",
            "arg2": "5",
            "arg3": "1"
        },
        {
            "command": "D",
            "arg1": "6505",
            "arg2": "3",
            "arg3": "2"
        },
        {
            "command": "D",
            "arg1": "6513",
            "arg2": "1",
            "arg3": "2"
        },
        {
            "command": "D",
            "arg1": "6509",
            "arg2": "1",
            "arg3": "2"
        },
        {
            "command": "D",
            "arg1": "6510",
            "arg2": "3",
            "arg3": "2"
        },
        {
            "command": "D",
            "arg1": "6512",
            "arg2": "1",
            "arg3": "2"
        },
        {
            "command": "D",
            "arg1": "6525",
            "arg2": "3",
            "arg3": "2"
        },
        {
            "command": "D",
            "arg1": "6521",
            "arg2": "2",
            "arg3": "1"
        },
        {
            "command": "D",
            "arg1": "6523",
            "arg2": "0",
            "arg3": "1"
        },
        {
            "command": "D",
            "arg1": "6526",
            "arg2": "5",
            "arg3": "1"
        },
        {
            "command": "D",
            "arg1": "6527",
            "arg2": "4",
            "arg3": "1"
        },
        {
            "command": "D",
            "arg1": "6540",
            "arg2": "1",
            "arg3": "2"
        },
        {
            "command": "D",
            "arg1": "6541",
            "arg2": "3",
            "arg3": "2"
        },
        {
            "command": "D",
            "arg1": "6544",
            "arg2": "0",
            "arg3": "2"
        },
        {
            "command": "D",
            "arg1": "6546",
            "arg2": "2",
            "arg3": "2"
        },
        {
            "command": "D",
            "arg1": "6531",
            "arg2": "0",
            "arg3": "1"
        },
        {
            "command": "D",
            "arg1": "6532",
            "arg2": "2",
            "arg3": "1"
        },
        {
            "command": "M",
            "arg1": "6500",
            "arg2": "10",
            "arg3": "6505",
            "arg4": "2"
        },
        {
            "command": "E",
            "arg1": "6504",
            "arg2": "10",
            "arg3": "16"
        },
        {
            "command": "E",
            "arg1": "6505",
            "arg2": "10",
            "arg3": "5"
        },
        {
            "command": "G",
            "arg1": "6502",
            "arg2": "10"
        },
        {
            "command": "M",
            "arg1": "6500",
            "arg2": "10",
            "arg3": "6505",
            "arg4": "2"
        },
        {
            "command": "E",
            "arg1": "6504",
            "arg2": "10",
            "arg3": "16"
        },
        {
            "command": "E",
            "arg1": "6505",
            "arg2": "10",
            "arg3": "5"
        },
        {
            "command": "M",
            "arg1": "6500",
            "arg2": "10",
            "arg3": "6540",
            "arg4": "2"
        },
        {
            "command": "E",
            "arg1": "6504",
            "arg2": "10",
            "arg3": "16"
        },
        {
            "command": "E",
            "arg1": "6505",
            "arg2": "10",
            "arg3": "5"
        },
        {
            "command": "G",
            "arg1": "6502",
            "arg2": "10"
        },
        {
            "command": "M",
            "arg1": "6500",
            "arg2": "10",
            "arg3": "6540",
            "arg4": "2"
        },
        {
            "command": "E",
            "arg1": "6504",
            "arg2": "10",
            "arg3": "16"
        },
        {
            "command": "E",
            "arg1": "6505",
            "arg2": "10",
            "arg3": "5"
        },
        {
            "command": "O",
            "arg1": "6506",
            "arg2": "1",
            "arg3": "6534"
        },
        {
            "command": "O",
            "arg1": "6507",
            "arg2": "2",
            "arg3": "6513"
        },
        {
            "command": "O",
            "arg1": "6507",
            "arg2": "2",
            "arg3": "6505"
        },
        {
            "command": "O",
            "arg1": "6507",
            "arg2": "2",
            "arg3": "6503"
        },
        {
            "command": "O",
            "arg1": "6507",
            "arg2": "1",
            "arg3": "6540"
        },
        {
            "command": "M",
            "arg1": "6501",
            "arg2": "6",
            "arg3": "6503",
            "arg4": "2"
        },
        {
            "command": "M",
            "arg1": "6501",
            "arg2": "6",
            "arg3": "6502",
            "arg4": "2"
        },
        {
            "command": "M",
            "arg1": "6501",
            "arg2": "6",
            "arg3": "6501",
            "arg4": "2"
        },
        {
            "command": "M",
            "arg1": "6502",
            "arg2": "2",
            "arg3": "6527",
            "arg4": "1"
        },
        {
            "command": "G",
            "arg1": "6502",
            "arg2": "10"
        },
        {
            "command": "M",
            "arg1": "6503",
            "arg2": "1",
            "arg3": "6516",
            "arg4": "1"
        },
        {
            "command": "G",
            "arg1": "6504",
            "arg2": "10"
        },
        {
            "command": "G",
            "arg1": "6505",
            "arg2": "10"
        },
        {
            "command": "G",
            "arg1": "6510",
            "arg2": "10"
        },
        {
            "command": "G",
            "arg1": "6511",
            "arg2": "10"
        },
        {
            "command": "G",
            "arg1": "6512",
            "arg2": "10"
        },
        {
            "command": "E",
            "arg1": "6504",
            "arg2": "10",
            "arg3": "16"
        },
        {
            "command": "M",
            "arg1": "6504",
            "arg2": "1",
            "arg3": "6535",
            "arg4": "1"
        },
        {
            "command": "G",
            "arg1": "3000",
            "arg2": "10"
        },
        {
            "command": "G",
            "arg1": "3003",
            "arg2": "10"
        },
        {
            "command": "G",
            "arg1": "3009",
            "arg2": "10"
        },
        {
            "command": "G",
            "arg1": "3031",
            "arg2": "10"
        },
        {
            "command": "E",
            "arg1": "6504",
            "arg2": "10",
            "arg3": "16"
        },
        {
            "command": "M",
            "arg1": "6505",
            "arg2": "2",
            "arg3": "6515",
            "arg4": "1"
        },
        {
            "command": "M",
            "arg1": "6506",
            "arg2": "2",
            "arg3": "6508",
            "arg4": "2"
        },
        {
            "command": "M",
            "arg1": "6500",
            "arg2": "10",
            "arg3": "6509",
            "arg4": "2"
        },
        {
            "command": "E",
            "arg1": "6509",
            "arg2": "10",
            "arg3": "16"
        },
        {
            "command": "E",
            "arg1": "6510",
            "arg2": "10",
            "arg3": "6"
        },
        {
            "command": "E",
            "arg1": "6511",
            "arg2": "10",
            "arg3": "1"
        },
        {
            "command": "M",
            "arg1": "6500",
            "arg2": "10",
            "arg3": "6509",
            "arg4": "2"
        },
        {
            "command": "E",
            "arg1": "6512",
            "arg2": "10",
            "arg3": "9"
        },
        {
            "command": "E",
            "arg1": "6509",
            "arg2": "10",
            "arg3": "16"
        },
        {
            "command": "E",
            "arg1": "6505",
            "arg2": "10",
            "arg3": "5"
        },
        {
            "command": "M",
            "arg1": "6507",
            "arg2": "4",
            "arg3": "6543",
            "arg4": "3"
        },
        {
            "command": "E",
            "arg1": "6508",
            "arg2": "10",
            "arg3": "16"
        },
        {
            "command": "M",
            "arg1": "6507",
            "arg2": "4",
            "arg3": "6543",
            "arg4": "3"
        },
        {
            "command": "E",
            "arg1": "6508",
            "arg2": "10",
            "arg3": "16"
        },
        {
            "command": "M",
            "arg1": "6507",
            "arg2": "4",
            "arg3": "6542",
            "arg4": "2"
        },
        {
            "command": "E",
            "arg1": "6508",
            "arg2": "10",
            "arg3": "16"
        },
        {
            "command": "M",
            "arg1": "6508",
            "arg2": "2",
            "arg3": "6543",
            "arg4": "2"
        },
        {
            "command": "E",
            "arg1": "6512",
            "arg2": "10",
            "arg3": "9"
        },
        {
            "command": "E",
            "arg1": "6504",
            "arg2": "10",
            "arg3": "16"
        },
        {
            "command": "M",
            "arg1": "6510",
            "arg2": "4",
            "arg3": "6534",
            "arg4": "4"
        },
        {
            "command": "M",
            "arg1": "6510",
            "arg2": "4",
            "arg3": "6534",
            "arg4": "4"
        },
        {
            "command": "M",
            "arg1": "6514",
            "arg2": "4",
            "arg3": "6521",
            "arg4": "4"
        },
        {
            "command": "E",
            "arg1": "6509",
            "arg2": "10",
            "arg3": "16"
        },
        {
            "command": "M",
            "arg1": "6514",
            "arg2": "4",
            "arg3": "6521",
            "arg4": "4"
        },
        {
            "command": "E",
            "arg1": "6509",
            "arg2": "10",
            "arg3": "16"
        },
        {
            "command": "M",
            "arg1": "6500",
            "arg2": "10",
            "arg3": "6521",
            "arg4": "2"
        },
        {
            "command": "M",
            "arg1": "6500",
            "arg2": "10",
            "arg3": "6521",
            "arg4": "2"
        },
        {
            "command": "M",
            "arg1": "6511",
            "arg2": "8",
            "arg3": "6523",
            "arg4": "6"
        },
        {
            "command": "M",
            "arg1": "6511",
            "arg2": "8",
            "arg3": "6523",
            "arg4": "6"
        },
        {
            "command": "E",
            "arg1": "6508",
            "arg2": "10",
            "arg3": "16"
        },
        {
            "command": "E",
            "arg1": "6514",
            "arg2": "10",
            "arg3": "17"
        },
        {
            "command": "M",
            "arg1": "6511",
            "arg2": "8",
            "arg3": "6523",
            "arg4": "6"
        },
        {
            "command": "M",
            "arg1": "6511",
            "arg2": "8",
            "arg3": "6523",
            "arg4": "6"
        },
        {
            "command": "M",
            "arg1": "6511",
            "arg2": "8",
            "arg3": "6524",
            "arg4": "6"
        },
        {
            "command": "O",
            "arg1": "6513",
            "arg2": "1",
            "arg3": "6524"
        },
        {
            "command": "M",
            "arg1": "6502",
            "arg2": "2",
            "arg3": "6524",
            "arg4": "1"
        },
        {
            "command": "M",
            "arg1": "6511",
            "arg2": "8",
            "arg3": "6524",
            "arg4": "6"
        },
        {
            "command": "G",
            "arg1": "6520",
            "arg2": "10"
        },
        {
            "command": "M",
            "arg1": "6512",
            "arg2": "3",
            "arg3": "6528",
            "arg4": "2"
        },
        {
            "command": "M",
            "arg1": "6512",
            "arg2": "3",
            "arg3": "6529",
            "arg4": "2"
        },
        {
            "command": "M",
            "arg1": "6513",
            "arg2": "3",
            "arg3": "6529",
            "arg4": "2"
        },
        {
            "command": "M",
            "arg1": "6513",
            "arg2": "3",
            "arg3": "6530",
            "arg4": "2"
        },
        {
            "command": "M",
            "arg1": "6515",
            "arg2": "4",
            "arg3": "6531",
            "arg4": "4"
        },
        {
            "command": "M",
            "arg1": "6515",
            "arg2": "4",
            "arg3": "6531",
            "arg4": "4"
        },
        {
            "command": "M",
            "arg1": "6509",
            "arg2": "1",
            "arg3": "6534",
            "arg4": "1"
        },
        {
            "command": "E",
            "arg1": "6506",
            "arg2": "10",
            "arg3": "17"
        },
        {
            "command": "G",
            "arg1": "6519",
            "arg2": "10"
        },
        {
            "command": "M",
            "arg1": "6516",
            "arg2": "1",
            "arg3": "6553",
            "arg4": "1"
        },
        {
            "command": "G",
            "arg1": "6519",
            "arg2": "10"
        },
        {
            "command": "M",
            "arg1": "6517",
            "arg2": "2",
            "arg3": "6548",
            "arg4": "1"
        },
        {
            "command": "M",
            "arg1": "6517",
            "arg2": "2",
            "arg3": "6549",
            "arg4": "1"
        },
        {
            "command": "O",
            "arg1": "6516",
            "arg2": "1",
            "arg3": "6532"
        },
        {
            "command": "O",
            "arg1": "6517",
            "arg2": "6",
            "arg3": "6545"
        },
        {
            "command": "O",
            "arg1": "6518",
            "arg2": "3",
            "arg3": "6551"
        },
        {
            "command": "M",
            "arg1": "6500",
            "arg2": "10",
            "arg3": "6512",
            "arg4": "2"
        },
        {
            "command": "E",
            "arg1": "6504",
            "arg2": "10",
            "arg3": "16"
        },
        {
            "command": "M",
            "arg1": "6500",
            "arg2": "10",
            "arg3": "6512",
            "arg4": "2"
        },
        {
            "command": "E",
            "arg1": "6504",
            "arg2": "10",
            "arg3": "16"
        },
        {
            "command": "M",
            "arg1": "6505",
            "arg2": "2",
            "arg3": "6520",
            "arg4": "1"
        },
        {
            "command": "M",
            "arg1": "6518",
            "arg2": "1",
            "arg3": "6505",
            "arg4": "1"
        },
        {
            "command": "G",
            "arg1": "6521",
            "arg2": "1"
        },
        {
            "command": "G",
            "arg1": "6522",
            "arg2": "1"
        }
    ],
    "shops": [
        {
            "keeper": "6503",
            "buy_type_0": "0",
            "buy_type_1": "0",
            "buy_type_2": "0",
            "buy_type_3": "0",
            "buy_type_4": "0",
            "profit_buy": "150",
            "profit_sell": "50",
            "open_hour": "0",
            "close_hour": "23"
        },
        {
            "keeper": "6504",
            "buy_type_0": "0",
            "buy_type_1": "0",
            "buy_type_2": "0",
            "buy_type_3": "0",
            "buy_type_4": "0",
            "profit_buy": "150",
            "profit_sell": "50",
            "open_hour": "0",
            "close_hour": "23"
        }
    ],
    "specials": []
}