{
    "area": {
        "file": "eastern.are",
        "name": "Sands of Sorrow",
        "low_range": "10",
        "high_range": "20",
        "writer": "Anon",
        "credits": "Sands of Sorrow",
        "min_vnum": "5000",
        "max_vnum": "5099"
    },
    "mobiles": [
        {
            "vnum": "5000",
            "name": "oldstyle dervish raggity",
            "short_description": "The dervish",
            "long_description": "The raggity dervish walks on aimlessly.\n",
            "description": "Dressed in loose fitting rags, this man looks like he could use\nsome rest.\n",
            "race": "human",
            "act": "ACGH",
            "affected_by": "P",
            "alignment": "900",
            "group": "0",
            "level": "5",
            "hitroll": "0",
            "hit_dice": "2d6+60",
            "mana_dice": "2d9+100",
            "dam_dice": "1d6+1",
            "dam_type": "none",
            "ac_pierce": "5",
            "ac_bash": "5",
            "ac_slash": "5",
            "ac_exotic": "9",
            "off_flags": "EFNU",
            "imm_flags": "0",
            "res_flags": "0",
            "vuln_flags": "0",
            "start_pos": "stand",
            "default_pos": "stand",
            "sex": "male",
            "wealth": "3",
            "form": "0",
            "parts": "0",
            "size": "medium",
            "material": "0"
        },
        {
            "vnum": "5001",
            "name": "oldstyle dervish large",
            "short_description": "The dervish",
            "long_description": "The large dervish watches for signs of trouble.\n",
            "description": "Dressed in loose fitting rags, this man looks like he could use\nLOTS of rest.\n",
            "race": "human",
            "act": "AFG",
            "affected_by": "P",
            "alignment": "650",
            "group": "0",
            "level": "8",
            "hitroll": "0",
            "hit_dice": "2d7+96",
            "mana_dice": "4d9+100",
            "dam_dice": "1d7+2",
            "dam_type": "none",
            "ac_pierce": "3",
            "ac_bash": "3",
            "ac_slash": "3",
            "ac_exotic": "9",
            "off_flags": "EFNU",
            "imm_flags": "0",
            "res_flags": "0",
            "vuln_flags": "0",
            "start_pos": "stand",
            "default_pos": "stand",
            "sex": "male",
            "wealth": "7",
            "form": "0",
            "parts": "0",
            "size": "medium",
            "material": "0"
        },
        {
            "vnum": "5002",
            "name": "oldstyle snake coral",
            "short_description": "The coral snake",
            "long_description": "A brightly colored snake slithers along the sands.\n",
            "description": "This relatively harmless snake has bright alternating bands of red, yellow\nand black.\n",
            "race": "snake",
            "act": "AG",
            "affected_by": "0",
            "alignment": "-10",
            "group": "0",
            "level": "4",
            "hitroll": "0",
            "hit_dice": "2d7+46",
            "mana_dice": "2d9+100",
            "dam_dice": "1d5+1",
            "dam_type": "none",
            "ac_pierce": "6",
            "ac_bash": "6",
            "ac_slash": "6",
            "ac_exotic": "9",
            "off_flags": "EFNR",
            "imm_flags": "0",
            "res_flags": "0",
            "vuln_flags": "0",
            "start_pos": "stand",
            "default_pos": "stand",
            "sex": "none",
            "wealth": "0",
            "form": "0",
            "parts": "0",
            "size": "medium",
            "material": "0"
        },
        {
            "vnum": "5003",
            "name": "oldstyle scorpion small",
            "short_description": "The small scorpion",
            "long_description": "A small, red scorpion scuttles away at your approach.\n",
            "description": "The little tail is mighty dangerous for such a small creature.\n",
            "race": "human",
            "act": "AG",
            "affected_by": "0",
            "alignment": "-50",
            "group": "0",
            "level": "3",
            "hitroll": "0",
            "hit_dice": "2d6+35",
            "mana_dice": "1d9+100",
            "dam_dice": "1d6+0",
            "dam_type": "none",
            "ac_pierce": "7",
            "ac_bash": "7",
            "ac_slash": "7",
            "ac_exotic": "10",
            "off_flags": "EFNU",
            "imm_flags": "0",
            "res_flags": "0",
            "vuln_flags": "0",
            "start_pos": "stand",
            "default_pos": "stand",
            "sex": "none",
            "wealth": "0",
            "form": "0",
            "parts": "0",
            "size": "medium",
            "material": "0"
        },
        {
            "vnum": "5004",
            "name": "oldstyle worm giant purple",
            "short_description": "The giant, purple sand worm",
            "long_description": "A giant, purple sand worm thrusts up out of the sand and attacks!\n",
            "description": "He's big, mean, and purple. Watch out!\n",
            "race": "human",
            "act": "ABF",
            "affected_by": "0",
            "alignment": "-100",
            "group": "0",
            "level": "18",
            "hitroll": "0",
            "hit_dice": "3d9+283",
            "mana_dice": "9d9+100",
            "dam_dice": "2d7+4",
            "dam_type": "none",
            "ac_pierce": "-3",
            "ac_bash": "-3",
            "ac_slash": "-3",
            "ac_exotic": "7",
            "off_flags": "EFNU",
            "imm_flags": "0",
            "res_flags": "0",
            "vuln_flags": "0",
            "start_pos": "stand",
            "default_pos": "stand",
            "sex": "none",
            "wealth": "127",
            "form": "0",
            "parts": "0",
            "size": "medium",
            "material": "0"
        },
        {
            "vnum": "5005",
            "name": "dragon brass",
            "short_description": "the brass dragon",
            "long_description": "The brass dragon steps out of the darkness and says 'Hello'.\nThen adds to it, 'Prepare to die, have a nice day!'\n",
            "description": "",
            "race": "dragon",
            "act": "ABCF",
            "affected_by": "DH",
            "alignment": "450",
            "group": "0",
            "level": "28",
            "hitroll": "45",
            "hit_dice": "6d12+1053",
            "mana_dice": "15d9+100",
            "dam_dice": "4d40+28",
            "dam_type": "none",
            "ac_pierce": "-19",
            "ac_bash": "-19",
            "ac_slash": "-19",
            "ac_exotic": "-10",
            "off_flags": "EFNR",
            "imm_flags": "0",
            "res_flags": "0",
            "vuln_flags": "0",
            "start_pos": "stand",
            "default_pos": "stand",
            "sex": "female",
            "wealth": "275",
            "form": "0",
            "parts": "0",
            "size": "medium",
            "material": "0"
        },
        {
            "vnum": "5006",
            "name": "oldstyle nomad leader",
            "short_description": "The nomad leader",
            "long_description": "The nomad leader sits silently in prayer.\n",
            "description": "He is clad in silk robes lined with gold thread. At his side\nis a large, engraved cutlass. He has an especially haughty air\nabout him.\n",
            "race": "human",
            "act": "AGH",
            "affected_by": "0",
            "alignment": "950",
            "group": "0",
            "level": "14",
            "hitroll": "0",
            "hit_dice": "2d10+190",
            "mana_dice": "7d9+100",
            "dam_dice": "1d12+3",
            "dam_type": "none",
            "ac_pierce": "-1",
            "ac_bash": "-1",
            "ac_slash": "-1",
            "ac_exotic": "8",
            "off_flags": "EFNU",
            "imm_flags": "0",
            "res_flags": "0",
            "vuln_flags": "0",
            "start_pos": "sit",
            "default_pos": "sit",
            "sex": "male",
            "wealth": "50",
            "form": "0",
            "parts": "0",
            "size": "medium",
            "material": "0"
        },
        {
            "vnum": "5007",
            "name": "oldstyle nomad commander",
            "short_description": "The nomad commander",
            "long_description": "The nomad commander stands here staring suspiciously at you.\n",
            "description": "This is the nomad leader's second in command. His clothes are richly\nwoven of silk and gold thread. A nasty cutlass hangs at his side.\n",
            "race": "human",
            "act": "AB",
            "affected_by": "0",
            "alignment": "900",
            "group": "0",
            "level": "12",
            "hitroll": "0",
            "hit_dice": "2d10+150",
            "mana_dice": "6d9+100",
            "dam_dice": "1d10+3",
            "dam_type": "none",
            "ac_pierce": "0",
            "ac_bash": "0",
            "ac_slash": "0",
            "ac_exotic": "8",
            "off_flags": "EFNU",
            "imm_flags": "0",
            "res_flags": "0",
            "vuln_flags": "0",
            "start_pos": "stand",
            "default_pos": "stand",
            "sex": "male",
            "wealth": "30",
            "form": "0",
            "parts": "0",
            "size": "medium",
            "material": "0"
        },
        {
            "vnum": "5008",
            "name": "oldstyle nomad warrior",
            "short_description": "The nomad warrior",
            "long_description": "A proud nomad warrior stands here.\n",
            "description": "",
            "race": "human",
            "act": "AB",
            "affected_by": "0",
            "alignment": "700",
            "group": "0",
            "level": "10",
            "hitroll": "0",
            "hit_dice": "2d7+121",
            "mana_dice": "5d9+100",
            "dam_dice": "2d4+2",
            "dam_type": "none",
            "ac_pierce": "1",
            "ac_bash": "1",
            "ac_slash": "1",
            "ac_exotic": "8",
            "off_flags": "EFNU",
            "imm_flags": "0",
            "res_flags": "0",
            "vuln_flags": "0",
            "start_pos": "stand",
            "default_pos": "stand",
            "sex": "male",
            "wealth": "15",
            "form": "0",
            "parts": "0",
            "size": "medium",
            "material": "0"
        },
        {
            "vnum": "5009",
            "name": "oldstyle slave young",
            "short_description": "The slave",
            "long_description": "A young slave sits here staring at you with pleading eyes.\n",
            "description": "",
            "race": "human",
            "act": "ABH",
            "affected_by": "0",
            "alignment": "1000",
            "group": "0",
            "level": "3",
            "hitroll": "0",
            "hit_dice": "2d6+35",
            "mana_dice": "1d9+100",
            "dam_dice": "1d6+0",
            "dam_type": "none",
            "ac_pierce": "7",
            "ac_bash": "7",
            "ac_slash": "7",
            "ac_exotic": "10",
            "off_flags": "EFNU",
            "imm_flags": "0",
            "res_flags": "0",
            "vuln_flags": "0",
            "start_pos": "rest",
            "default_pos": "rest",
            "sex": "female",
            "wealth": "0",
            "form": "0",
            "parts": "0",
            "size": "medium",
            "material": "0"
        },
        {
            "vnum": "5010",
            "name": "oldstyle dracolich lich",
            "short_description": "The dracolich",
            "long_description": "A pile of bones rises up to form a skeletal dracolich.\n",
            "description": "The dracolich is now only bone with pieces of flesh hanging from it.\nObviously it no longer fears death.\n",
            "race": "human",
            "act": "ABF",
            "affected_by": "DH",
            "alignment": "-1000",
            "group": "0",
            "level": "30",
            "hitroll": "0",
            "hit_dice": "6d12+853",
            "mana_dice": "15d9+100",
            "dam_dice": "4d6+8",
            "dam_type": "none",
            "ac_pierce": "-9",
            "ac_bash": "-9",
            "ac_slash": "-9",
            "ac_exotic": "6",
            "off_flags": "EFNU",
            "imm_flags": "0",
            "res_flags": "0",
            "vuln_flags": "0",
            "start_pos": "stand",
            "default_pos": "stand",
            "sex": "none",
            "wealth": "3750",
            "form": "0",
            "parts": "0",
            "size": "medium",
            "material": "0"
        },
        {
            "vnum": "5011",
            "name": "oldstyle drider drow",
            "short_description": "The drider",
            "long_description": "The drider looks at you viciously while it draws its sword.\n",
            "description": "This half-spider, half-drow creature is a formidable opponent.\n",
            "race": "human",
            "act": "AFG",
            "affected_by": "D",
            "alignment": "-1000",
            "group": "0",
            "level": "8",
            "hitroll": "0",
            "hit_dice": "2d7+96",
            "mana_dice": "4d9+100",
            "dam_dice": "1d7+2",
            "dam_type": "none",
            "ac_pierce": "3",
            "ac_bash": "3",
            "ac_slash": "3",
            "ac_exotic": "9",
            "off_flags": "EFNU",
            "imm_flags": "0",
            "res_flags": "0",
            "vuln_flags": "0",
            "start_pos": "stand",
            "default_pos": "stand",
            "sex": "female",
            "wealth": "10",
            "form": "0",
            "parts": "0",
            "size": "medium",
            "material": "0"
        },
        {
            "vnum": "5012",
            "name": "oldstyle duergar dwarf",
            "short_description": "The dark dwarf",
            "long_description": "A duergar is here mining precious stones with his pick.\n",
            "description": "The duergar could crush your head as easily as it does those rocks.\n",
            "race": "human",
            "act": "AFG",
            "affected_by": "D",
            "alignment": "-850",
            "group": "0",
            "level": "5",
            "hitroll": "0",
            "hit_dice": "2d6+60",
            "mana_dice": "2d9+100",
            "dam_dice": "1d6+1",
            "dam_type": "none",
            "ac_pierce": "5",
            "ac_bash": "5",
            "ac_slash": "5",
            "ac_exotic": "9",
            "off_flags": "EFNU",
            "imm_flags": "0",
            "res_flags": "0",
            "vuln_flags": "0",
            "start_pos": "stand",
            "default_pos": "stand",
            "sex": "male",
            "wealth": "8",
            "form": "0",
            "parts": "0",
            "size": "medium",
            "material": "0"
        },
        {
            "vnum": "5013",
            "name": "oldstyle myconoid",
            "short_description": "the myconoid",
            "long_description": "A myconoid lumbers along peacefully.\n",
            "description": "The myconoid looks something like a giant mushroom (and probably\nhas the same effect).\n",
            "race": "human",
            "act": "AGH",
            "affected_by": "D",
            "alignment": "850",
            "group": "0",
            "level": "6",
            "hitroll": "0",
            "hit_dice": "2d7+71",
            "mana_dice": "3d9+100",
            "dam_dice": "1d7+1",
            "dam_type": "none",
            "ac_pierce": "4",
            "ac_bash": "4",
            "ac_slash": "4",
            "ac_exotic": "9",
            "off_flags": "EFNU",
            "imm_flags": "0",
            "res_flags": "0",
            "vuln_flags": "0",
            "start_pos": "stand",
            "default_pos": "stand",
            "sex": "male",
            "wealth": "2",
            "form": "0",
            "parts": "0",
            "size": "medium",
            "material": "0"
        },
        {
            "vnum": "5014",
            "name": "oldstyle myconoid shaman",
            "short_description": "The myconoid shaman",
            "long_description": "A rather large myconoid stands here chanting in a strange tongue.\n",
            "description": "The shaman shoots spores into the air.\n",
            "race": "human",
            "act": "ABHQ",
            "affected_by": "DH",
            "alignment": "850",
            "group": "0",
            "level": "8",
            "hitroll": "0",
            "hit_dice": "2d7+96",
            "mana_dice": "8d9+100",
            "dam_dice": "1d7+2",
            "dam_type": "none",
            "ac_pierce": "3",
            "ac_bash": "3",
            "ac_slash": "3",
            "ac_exotic": "8",
            "off_flags": "EIKU",
            "imm_flags": "0",
            "res_flags": "0",
            "vuln_flags": "0",
            "start_pos": "stand",
            "default_pos": "stand",
            "sex": "male",
            "wealth": "75",
            "form": "0",
            "parts": "0",
            "size": "medium",
            "material": "0"
        },
        {
            "vnum": "5015",
            "name": "oldstyle dustdigger",
            "short_description": "The dustdigger",
            "long_description": "A small oasis invites you to dive in.\n",
            "description": "",
            "race": "human",
            "act": "ABCF",
            "affected_by": "0",
            "alignment": "-200",
            "group": "0",
            "level": "7",
            "hitroll": "0",
            "hit_dice": "2d6+85",
            "mana_dice": "3d9+100",
            "dam_dice": "1d8+1",
            "dam_type": "none",
            "ac_pierce": "4",
            "ac_bash": "4",
            "ac_slash": "4",
            "ac_exotic": "9",
            "off_flags": "EFNU",
            "imm_flags": "0",
            "res_flags": "0",
            "vuln_flags": "0",
            "start_pos": "stand",
            "default_pos": "stand",
            "sex": "none",
            "wealth": "22",
            "form": "0",
            "parts": "0",
            "size": "medium",
            "material": "0"
        },
        {
            "vnum": "5017",
            "name": "oldstyle camel",
            "short_description": "The rabid camel",
            "long_description": "A very dangerous rabid camel snorts at you.\n",
            "description": "Don't mess with this animal.\n",
            "race": "human",
            "act": "ABF",
            "affected_by": "0",
            "alignment": "-351",
            "group": "0",
            "level": "5",
            "hitroll": "0",
            "hit_dice": "2d6+60",
            "mana_dice": "2d9+100",
            "dam_dice": "1d6+1",
            "dam_type": "none",
            "ac_pierce": "5",
            "ac_bash": "5",
            "ac_slash": "5",
            "ac_exotic": "9",
            "off_flags": "EFNU",
            "imm_flags": "0",
            "res_flags": "0",
            "vuln_flags": "0",
            "start_pos": "stand",
            "default_pos": "stand",
            "sex": "none",
            "wealth": "13",
            "form": "0",
            "parts": "0",
            "size": "medium",
            "material": "0"
        }
    ],
    "objects": [
        {
            "vnum": "5000",
            "name": "pick",
            "short_description": "a small mining pick",
            "description": "A small mining pick made of what appears to be silver lies on the ground.",
            "material": "wood silver-iron",
            "type": "weapon",
            "extra_flags": "J",
            "wear_flags": "AN",
            "values": "mace 1 9 pierce 0",
            "level": "5",
            "weight": "30",
            "cost": "320",
            "condition": "P"
        },
        {
            "vnum": "5001",
            "name": "banded mail",
            "short_description": "a glowing suit of banded mail",
            "description": "A glowing suit of banded mail lies on the ground.",
            "material": "wood-iron",
            "type": "armor",
            "extra_flags": "AG",
            "wear_flags": "AD",
            "values": "7 7 7 0 0",
            "level": "23",
            "weight": "0",
            "cost": "7300",
            "condition": "P",
            "affects_a": [
                {
                    "location": "17",
                    "modifier": "-4"
                },
                {
                    "location": "2",
                    "modifier": "2"
                }
            ]
        },
        {
            "vnum": "5002",
            "name": "halberd",
            "short_description": "the halberd",
            "description": "A mighty halberd lies against the wall.",
            "material": "steel",
            "type": "weapon",
            "extra_flags": "GI",
            "wear_flags": "AN",
            "values": "polearm 3 14 cleave F",
            "level": "29",
            "weight": "160",
            "cost": "1620",
            "condition": "P",
            "affects_a": [
                {
                    "location": "19",
                    "modifier": "3"
                },
                {
                    "location": "18",
                    "modifier": "2"
                }
            ]
        },
        {
            "vnum": "5003",
            "name": "amulet",
            "short_description": "the amulet",
            "description": "A mushroom shaped amulet lies on the ground.",
            "material": "marble ruby",
            "type": "jewelry",
            "extra_flags": "G",
            "wear_flags": "AC",
            "values": "0 0 0 0 0",
            "level": "5",
            "weight": "20",
            "cost": "550",
            "condition": "P",
            "affects_a": [
                {
                    "location": "5",
                    "modifier": "1"
                }
            ]
        },
        {
            "vnum": "5005",
            "name": "bone",
            "short_description": "a large leg bone",
            "description": "A large leg bone rests on the ground.",
            "material": "bone",
            "type": "weapon",
            "extra_flags": "0",
            "wear_flags": "AN",
            "values": "mace 1 4 pound 0",
            "level": "0",
            "weight": "50",
            "cost": "140",
            "condition": "P"
        },
        {
            "vnum": "5006",
            "name": "cactus",
            "short_description": "a small cactus cup",
            "description": "A small cactus cup lies on the ground.",
            "material": "plant_organism",
            "type": "drink",
            "extra_flags": "0",
            "wear_flags": "A",
            "values": "5 5 'water' 0 0",
            "level": "0",
            "weight": "60",
            "cost": "5",
            "condition": "P"
        },
        {
            "vnum": "5007",
            "name": "basket",
            "short_description": "a small wicker basket",
            "description": "A small wicker basket sits on the ground.",
            "material": "leather",
            "type": "container",
            "extra_flags": "0",
            "wear_flags": "A",
            "values": "100 AC 0 10 100",
            "level": "0",
            "weight": "20",
            "cost": "20",
            "condition": "P"
        },
        {
            "vnum": "5008",
            "name": "basket",
            "short_description": "a small wicker basket",
            "description": "A small wicker basket sits on the ground.",
            "material": "leather",
            "type": "container",
            "extra_flags": "0",
            "wear_flags": "A",
            "values": "100 AC 0 10 100",
            "level": "0",
            "weight": "20",
            "cost": "20",
            "condition": "P"
        },
        {
            "vnum": "5009",
            "name": "basket",
            "short_description": "a small wicker basket",
            "description": "A small wicker basket sits on the ground.",
            "material": "wood",
            "type": "container",
            "extra_flags": "0",
            "wear_flags": "A",
            "values": "100 AC 0 10 100",
            "level": "0",
            "weight": "20",
            "cost": "20",
            "condition": "P"
        },
        {
            "vnum": "5010",
            "name": "basket",
            "short_description": "a small wicker basket",
            "description": "A small wicker basket sits on the ground.",
            "material": "wood",
            "type": "container",
            "extra_flags": "0",
            "wear_flags": "0",
            "values": "100 AC 0 0 100",
            "level": "0",
            "weight": "0",
            "cost": "0",
            "condition": "P"
        },
        {
            "vnum": "5011",
            "name": "rope",
            "short_description": "a coil of rope",
            "description": "A long coil of rope lies on the ground.",
            "material": "linen",
            "type": "furniture",
            "extra_flags": "0",
            "wear_flags": "A",
            "values": "0 0 0 0 0",
            "level": "0",
            "weight": "120",
            "cost": "20",
            "condition": "P"
        },
        {
            "vnum": "5012",
            "name": "stakes",
            "short_description": "a bunch of stakes",
            "description": "A small bundle of stakes lies here.",
            "material": "wood",
            "type": "furniture",
            "extra_flags": "0",
            "wear_flags": "A",
            "values": "0 0 0 0 0",
            "level": "0",
            "weight": "60",
            "cost": "20",
            "condition": "P"
        },
        {
            "vnum": "5013",
            "name": "map",
            "short_description": "an old, tattered map",
            "description": "An old, tattered, and much faded map lies here.",
            "material": "paper",
            "type": "furniture",
            "extra_flags": "0",
            "wear_flags": "A",
            "values": "0 0 0 0 0",
            "level": "0",
            "weight": "10",
            "cost": "5",
            "condition": "P"
        },
        {
            "vnum": "5014",
            "name": "turban",
            "short_description": "a thick padded turban",
            "description": "A thick padded turban lies here.",
            "material": "cloth",
            "type": "clothing",
            "extra_flags": "GH",
            "wear_flags": "AE",
            "values": "0 0 0 0 0",
            "level": "0",
            "weight": "10",
            "cost": "10",
            "condition": "P",
            "affects_a": [
                {
                    "location": "17",
                    "modifier": "1"
                }
            ]
        },
        {
            "vnum": "5015",
            "name": "coins",
            "short_description": "a great pile of treasure",
            "description": "A great, gleaming pile of treasure lies at your feet.",
            "material": "silver",
            "type": "money",
            "extra_flags": "0",
            "wear_flags": "A",
            "values": "427 12 0 0 0",
            "level": "0",
            "weight": "0",
            "cost": "0",
            "condition": "P"
        },
        {
            "vnum": "5016",
            "name": "sabre",
            "short_description": "a long, curved sabre",
            "description": "A long, curved sabre stands upright in the ground.",
            "material": "steel",
            "type": "weapon",
            "extra_flags": "L",
            "wear_flags": "AN",
            "values": "sword 3 7 slash 0",
            "level": "16",
            "weight": "70",
            "cost": "1410",
            "condition": "P",
            "affects_a": [
                {
                    "location": "18",
                    "modifier": "3"
                },
                {
                    "location": "19",
                    "modifier": "1"
                }
            ]
        },
        {
            "vnum": "5017",
            "name": "scimitar",
            "short_description": "a curved scimitar",
            "description": "A curved scimitar lies at your feet.",
            "material": "steel",
            "type": "weapon",
            "extra_flags": "L",
            "wear_flags": "AN",
            "values": "sword 2 8 slash 0",
            "level": "12",
            "weight": "60",
            "cost": "990",
            "condition": "P",
            "affects_a": [
                {
                    "location": "18",
                    "modifier": "2"
                },
                {
                    "location": "19",
                    "modifier": "1"
                }
            ]
        },
        {
            "vnum": "5018",
            "name": "cutlass",
            "short_description": "a long, pointed cutlass",
            "description": "A long, pointed cutlass lies here.",
            "material": "adamantite",
            "type": "weapon",
            "extra_flags": "L",
            "wear_flags": "AN",
            "values": "sword 3 6 slash 0",
            "level": "12",
            "weight": "50",
            "cost": "930",
            "condition": "P"
        },
        {
            "vnum": "5019",
            "name": "potion pink",
            "short_description": "a pink potion",
            "description": "A potion in a pink clay pot stands here.",
            "material": "clay",
            "type": "potion",
            "extra_flags": "P",
            "wear_flags": "A",
            "values": "25 'heal' 'remove curse' '' ''",
            "level": "13",
            "weight": "60",
            "cost": "1220",
            "condition": "P"
        },
        {
            "vnum": "5020",
            "name": "wand platinum",
            "short_description": "a platinum wand",
            "description": "A platinum wand lies here.",
            "material": "platinium",
            "type": "wand",
            "extra_flags": "B",
            "wear_flags": "AO",
            "values": "30 10 10 'magic missile' 0",
            "level": "2",
            "weight": "80",
            "cost": "990",
            "condition": "P"
        },
        {
            "vnum": "5021",
            "name": "bow energy strange",
            "short_description": "a strange energy bow",
            "description": "A strange energy bow lies here.",
            "material": "unknown",
            "type": "weapon",
            "extra_flags": "ABGI",
            "wear_flags": "AN",
            "values": "bow 5 5 blast 0",
            "level": "21",
            "weight": "200",
            "cost": "2600",
            "condition": "P"
        },
        {
            "vnum": "5022",
            "name": "scroll encrypted",
            "short_description": "an encrypted scroll",
            "description": "An encrypted scroll lies at your feet.",
            "material": "vellum",
            "type": "scroll",
            "extra_flags": "0",
            "wear_flags": "A",
            "values": "22 'cure blindness' 'remove curse' 'cure poison' ''",
            "level": "11",
            "weight": "70",
            "cost": "1730",
            "condition": "P"
        },
        {
            "vnum": "5023",
            "name": "chest",
            "short_description": "an iron bound chest",
            "description": "An iron bound chest with a shiny lock sits here.",
            "material": "iron-wood",
            "type": "container",
            "extra_flags": "0",
            "wear_flags": "0",
            "values": "200 ACD 5024 200 100",
            "level": "0",
            "weight": "0",
            "cost": "0",
            "condition": "P"
        },
        {
            "vnum": "5024",
            "name": "key golden",
            "short_description": "a golden key",
            "description": "A shiny golden key lies here.",
            "material": "gold",
            "type": "key",
            "extra_flags": "0",
            "wear_flags": "A",
            "values": "10 0 0 0 0",
            "level": "0",
            "weight": "10",
            "cost": "0",
            "condition": "P"
        },
        {
            "vnum": "5025",
            "name": "bracelet copper",
            "short_description": "a copper bracelet",
            "description": "A tarnished copper bracelet lies at your feet.",
            "material": "copper",
            "type": "jewelry",
            "extra_flags": "GH",
            "wear_flags": "AM",
            "values": "0 0 0 0 0",
            "level": "20",
            "weight": "100",
            "cost": "1300",
            "condition": "P",
            "affects_a": [
                {
                    "location": "19",
                    "modifier": "3"
                },
                {
                    "location": "13",
                    "modifier": "15"
                }
            ]
        },
        {
            "vnum": "5026",
            "name": "gem ruby",
            "short_description": "a large ruby",
            "description": "A large ruby lies on the ground collecting dust.",
            "material": "ruby",
            "type": "gem",
            "extra_flags": "G",
            "wear_flags": "AO",
            "values": "20 0 0 0 0",
            "level": "0",
            "weight": "1",
            "cost": "5000",
            "condition": "P"
        },
        {
            "vnum": "5027",
            "name": "gem diamond glittering",
            "short_description": "a glittering diamond",
            "description": "A glittering diamond lies at your feet.",
            "material": "diamond",
            "type": "gem",
            "extra_flags": "G",
            "wear_flags": "AO",
            "values": "21 0 0 0 0",
            "level": "0",
            "weight": "1",
            "cost": "6000",
            "condition": "P"
        },
        {
            "vnum": "5028",
            "name": "gem sapphire",
            "short_description": "a brilliant sapphire",
            "description": "A brilliant sapphire lies here twinkling.",
            "material": "sapphire",
            "type": "gem",
            "extra_flags": "G",
            "wear_flags": "AO",
            "values": "22 0 0 0 0",
            "level": "0",
            "weight": "1",
            "cost": "2000",
            "condition": "P"
        },
        {
            "vnum": "5029",
            "name": "gem lapis",
            "short_description": "a deep blue lapis lazuli",
            "description": "A deep blue lapis lazuli gem lies here.",
            "material": "gem",
            "type": "gem",
            "extra_flags": "G",
            "wear_flags": "AO",
            "values": "24 0 0 0 0",
            "level": "0",
            "weight": "1",
            "cost": "800",
            "condition": "P"
        },
        {
            "vnum": "5030",
            "name": "jewel tiger",
            "short_description": "the tiger jewel",
            "description": "The Tiger Jewel lies here blazing.",
            "material": "gem",
            "type": "gem",
            "extra_flags": "I",
            "wear_flags": "AO",
            "values": "0 0 0 0 0",
            "level": "5",
            "weight": "1",
            "cost": "550",
            "condition": "P",
            "affects_a": [
                {
                    "location": "2",
                    "modifier": "1"
                }
            ]
        },
        {
            "vnum": "5031",
            "name": "jewel red-eyed",
            "short_description": "the red-eyed jewel",
            "description": "The red-eyed jewel glares at you greedily.",
            "material": "gem",
            "type": "gem",
            "extra_flags": "0",
            "wear_flags": "AO",
            "values": "0 0 0 0 0",
            "level": "15",
            "weight": "1",
            "cost": "2600",
            "condition": "P",
            "affects_a": [
                {
                    "location": "3",
                    "modifier": "2"
                }
            ]
        },
        {
            "vnum": "5032",
            "name": "gem emerald",
            "short_description": "a fiery green emerald",
            "description": "A fiery green emerald sits here.",
            "material": "gem",
            "type": "warp_stone",
            "extra_flags": "T",
            "wear_flags": "AO",
            "values": "23 0 0 0 0",
            "level": "0",
            "weight": "1",
            "cost": "4000",
            "condition": "P"
        }
    ],
    "rooms": [
        {
            "vnum": "5001",
            "name": "A long tunnel",
            "description": "You encounter some rapids as you enter this tunnel cut out of\nthe mountains by the river.\n",
            "flags": "AD",
            "sector": "7",
            "exits": [
                {
                    "door": "D1",
                    "description": "",
                    "keyword": "",
                    "locks": "0",
                    "key": "0",
                    "u1_vnum": "5002"
                },
                {
                    "door": "D3",
                    "description": "",
                    "keyword": "",
                    "locks": "0",
                    "key": "0",
                    "u1_vnum": "3205"
                }
            ]
        },
        {
            "vnum": "5002",
            "name": "A long tunnel",
            "description": "The tunnel branches off north.\n",
            "flags": "AD",
            "sector": "7",
            "exits": [
                {
                    "door": "D0",
                    "description": "",
                    "keyword": "",
                    "locks": "0",
                    "key": "0",
                    "u1_vnum": "5008"
                },
                {
                    "door": "D1",
                    "description": "",
                    "keyword": "",
                    "locks": "0",
                    "key": "0",
                    "u1_vnum": "5003"
                },
                {
                    "door": "D3",
                    "description": "",
                    "keyword": "",
                    "locks": "0",
                    "key": "0",
                    "u1_vnum": "5001"
                }
            ]
        },
        {
            "vnum": "5003",
            "name": "A long tunnel",
            "description": "The tunnel branches off south.\n",
            "flags": "AD",
            "sector": "7",
            "exits": [
                {
                    "door": "D1",
                    "description": "",
                    "keyword": "",
                    "locks": "0",
                    "key": "0",
                    "u1_vnum": "5004"
                },
                {
                    "door": "D2",
                    "description": "",
                    "keyword": "",
                    "locks": "0",
                    "key": "0",
                    "u1_vnum": "5017"
                },
                {
                    "door": "D3",
                    "description": "",
                    "keyword": "",
                    "locks": "0",
                    "key": "0",
                    "u1_vnum": "5002"
                }
            ]
        },
        {
            "vnum": "5004",
            "name": "A long tunnel",
            "description": "The tunnel branches off to the south.\n",
            "flags": "AD",
            "sector": "7",
            "exits": [
                {
                    "door": "D1",
                    "description": "",
                    "keyword": "",
                    "locks": "0",
                    "key": "0",
                    "u1_vnum": "5005"
                },
                {
                    "door": "D2",
                    "description": "",
                    "keyword": "",
                    "locks": "0",
                    "key": "0",
                    "u1_vnum": "5018"
                },
                {
                    "door": "D3",
                    "description": "",
                    "keyword": "",
                    "locks": "0",
                    "key": "0",
                    "u1_vnum": "5003"
                }
            ]
        },
        {
            "vnum": "5005",
            "name": "An underground lake",
            "description": "You are floating on a jet-black underground lake fed by dripping\nwater and lime from above. The tunnel continues to the east and the river\nleads back west. To the north is a roughly-hewn hallway. There is also\na tunnel south.\n",
            "flags": "AD",
            "sector": "7",
            "exits": [
                {
                    "door": "D0",
                    "description": "",
                    "keyword": "",
                    "locks": "0",
                    "key": "0",
                    "u1_vnum": "5016"
                },
                {
                    "door": "D1",
                    "description": "",
                    "keyword": "",
                    "locks": "0",
                    "key": "0",
                    "u1_vnum": "5006"
                },
                {
                    "door": "D2",
                    "description": "",
                    "keyword": "",
                    "locks": "0",
                    "key": "0",
                    "u1_vnum": "5023"
                },
                {
                    "door": "D3",
                    "description": "",
                    "keyword": "",
                    "locks": "0",
                    "key": "0",
                    "u1_vnum": "5004"
                }
            ]
        },
        {
            "vnum": "5006",
            "name": "A long narrow tunnel",
            "description": "The tunnel rises sharply to the east.\n",
            "flags": "AD",
            "sector": "5",
            "exits": [
                {
                    "door": "D1",
                    "description": "",
                    "keyword": "",
                    "locks": "0",
                    "key": "0",
                    "u1_vnum": "5007"
                },
                {
                    "door": "D3",
                    "description": "",
                    "keyword": "",
                    "locks": "0",
                    "key": "0",
                    "u1_vnum": "5005"
                }
            ]
        },
        {
            "vnum": "5007",
            "name": "A wide tunnel",
            "description": "The tunnel continues east and west. To the east the tunnel dives\ndown into a bright light.\n",
            "flags": "AD",
            "sector": "5",
            "exits": [
                {
                    "door": "D1",
                    "description": "",
                    "keyword": "",
                    "locks": "0",
                    "key": "0",
                    "u1_vnum": "5027"
                },
                {
                    "door": "D3",
                    "description": "",
                    "keyword": "",
                    "locks": "0",
                    "key": "0",
                    "u1_vnum": "5006"
                }
            ]
        },
        {
            "vnum": "5008",
            "name": "Cave-in",
            "description": "You stand at the edge of a large pile of rubble created from the last\nrockslide.\n",
            "flags": "AD",
            "sector": "5",
            "exits": [
                {
                    "door": "D2",
                    "description": "",
                    "keyword": "",
                    "locks": "0",
                    "key": "0",
                    "u1_vnum": "5002"
                },
                {
                    "door": "D5",
                    "description": "You can easily slide down the rocks without getting hurt.",
                    "keyword": "",
                    "locks": "0",
                    "key": "0",
                    "u1_vnum": "5009"
                }
            ]
        },
        {
            "vnum": "5009",
            "name": "At the foot of the rubble",
            "description": "You are at the bottom of a large pile of rubble. A tunnel branches\noff to the north and east.\n",
            "flags": "AD",
            "sector": "5",
            "exits": [
                {
                    "door": "D0",
                    "description": "",
                    "keyword": "",
                    "locks": "0",
                    "key": "0",
                    "u1_vnum": "5010"
                },
                {
                    "door": "D1",
                    "description": "",
                    "keyword": "",
                    "locks": "0",
                    "key": "0",
                    "u1_vnum": "5012"
                },
                {
                    "door": "D4",
                    "description": "",
                    "keyword": "",
                    "locks": "0",
                    "key": "0",
                    "u1_vnum": "5008"
                }
            ]
        },
        {
            "vnum": "5010",
            "name": "Cave entrance",
            "description": "You stand in the middle of a large and beautiful cave. A path leads\ndeeper into the darkness.\n",
            "flags": "AD",
            "sector": "5",
            "exits": [
                {
                    "door": "D2",
                    "description": "",
                    "keyword": "",
                    "locks": "0",
                    "key": "0",
                    "u1_vnum": "5009"
                },
                {
                    "door": "D5",
                    "description": "You look down into the cave. Bones are strewn about everywhere.",
                    "keyword": "",
                    "locks": "0",
                    "key": "0",
                    "u1_vnum": "5011"
                }
            ]
        },
        {
            "vnum": "5011",
            "name": "Giant cave",
            "description": "This cavern overwhelms you. The walls and ceiling seem miles away.\nBones of previous adventurers lie strewn on the cavern floor.\n",
            "flags": "AD",
            "sector": "5",
            "exits": [
                {
                    "door": "D4",
                    "description": "",
                    "keyword": "",
                    "locks": "0",
                    "key": "0",
                    "u1_vnum": "5010"
                }
            ]
        },
        {
            "vnum": "5012",
            "name": "Narrow bend",
            "description": "The tunnel turns to the south and west.\n",
            "flags": "AD",
            "sector": "5",
            "exits": [
                {
                    "door": "D2",
                    "description": "",
                    "keyword": "",
                    "locks": "0",
                    "key": "0",
                    "u1_vnum": "5013"
                },
                {
                    "door": "D3",
                    "description": "",
                    "keyword": "",
                    "locks": "0",
                    "key": "0",
                    "u1_vnum": "5009"
                }
            ]
        },
        {
            "vnum": "5013",
            "name": "Large cave",
            "description": "You are standing in a large cave. Many furs are spread out on the floor.\n",
            "flags": "AD",
            "sector": "5",
            "exits": [
                {
                    "door": "D0",
                    "description": "",
                    "keyword": "",
                    "locks": "0",
                    "key": "0",
                    "u1_vnum": "5012"
                },
                {
                    "door": "D1",
                    "description": "",
                    "keyword": "",
                    "locks": "0",
                    "key": "0",
                    "u1_vnum": "5014"
                }
            ]
        },
        {
            "vnum": "5014",
            "name": "Damp hallway",
            "description": "The walls here are extremely damp, as well as the floor.\n",
            "flags": "AD",
            "sector": "5",
            "exits": [
                {
                    "door": "D1",
                    "description": "You hear drops of water.",
                    "keyword": "",
                    "locks": "0",
                    "key": "0",
                    "u1_vnum": "5015"
                },
                {
                    "door": "D3",
                    "description": "",
                    "keyword": "",
                    "locks": "0",
                    "key": "0",
                    "u1_vnum": "5013"
                }
            ]
        },
        {
            "vnum": "5015",
            "name": "Underground pool",
            "description": "You are wading in a knee deep pool of lime-water.\n",
            "flags": "AD",
            "sector": "6",
            "exits": [
                {
                    "door": "D2",
                    "description": "",
                    "keyword": "",
                    "locks": "0",
                    "key": "0",
                    "u1_vnum": "5016"
                },
                {
                    "door": "D3",
                    "description": "",
                    "keyword": "",
                    "locks": "0",
                    "key": "0",
                    "u1_vnum": "5014"
                }
            ]
        },
        {
            "vnum": "5016",
            "name": "Damp hallway",
            "description": "The walls of the tunnel are extremely damp here. You hear the faint\nsound of running water to the south.\n",
            "flags": "AD",
            "sector": "5",
            "exits": [
                {
                    "door": "D0",
                    "description": "You hear drops of water.",
                    "keyword": "",
                    "locks": "0",
                    "key": "0",
                    "u1_vnum": "5015"
                },
                {
                    "door": "D2",
                    "description": "",
                    "keyword": "",
                    "locks": "0",
                    "key": "0",
                    "u1_vnum": "5005"
                }
            ]
        },
        {
            "vnum": "5017",
            "name": "Narrow crawlway",
            "description": "This crawlway is just big enough for a human to crawl through or a\nhalfling to walk through.\n",
            "flags": "AD",
            "sector": "5",
            "exits": [
                {
                    "door": "D0",
                    "description": "",
                    "keyword": "",
                    "locks": "0",
                    "key": "0",
                    "u1_vnum": "5003"
                },
                {
                    "door": "D1",
                    "description": "",
                    "keyword": "",
                    "locks": "0",
                    "key": "0",
                    "u1_vnum": "5018"
                },
                {
                    "door": "D2",
                    "description": "You smell the fragrant odor of fungus.",
                    "keyword": "",
                    "locks": "0",
                    "key": "0",
                    "u1_vnum": "5019"
                }
            ]
        },
        {
            "vnum": "5018",
            "name": "Large cavern",
            "description": "You have entered a very large cavern. The rock formations would amaze\nalmost any dwarf.\n",
            "flags": "AD",
            "sector": "5",
            "exits": [
                {
                    "door": "D0",
                    "description": "",
                    "keyword": "",
                    "locks": "0",
                    "key": "0",
                    "u1_vnum": "5004"
                },
                {
                    "door": "D3",
                    "description": "",
                    "keyword": "",
                    "locks": "0",
                    "key": "0",
                    "u1_vnum": "5017"
                }
            ]
        },
        {
            "vnum": "5019",
            "name": "Fungus patch",
            "description": "As you walk through the fungus patch, you are shot at by many millions of\nspores. You can hardly breathe.\n",
            "flags": "AD",
            "sector": "5",
            "exits": [
                {
                    "door": "D0",
                    "description": "",
                    "keyword": "",
                    "locks": "0",
                    "key": "0",
                    "u1_vnum": "5017"
                },
                {
                    "door": "D1",
                    "description": "The fragrant smell of fungus spores continues to the east",
                    "keyword": "",
                    "locks": "0",
                    "key": "0",
                    "u1_vnum": "5020"
                }
            ]
        },
        {
            "vnum": "5020",
            "name": "Fungus path",
            "description": "As you walk along the path, millions of spores are shot at you. You can\nhardly breathe.\n",
            "flags": "AD",
            "sector": "5",
            "exits": [
                {
                    "door": "D2",
                    "description": "A giant mushroom temple stands to the south.",
                    "keyword": "",
                    "locks": "0",
                    "key": "0",
                    "u1_vnum": "5021"
                },
                {
                    "door": "D3",
                    "description": "The fragrant smell of spores continues to the west.",
                    "keyword": "",
                    "locks": "0",
                    "key": "0",
                    "u1_vnum": "5019"
                }
            ]
        },
        {
            "vnum": "5021",
            "name": "Fungus temple",
            "description": "You find yourself standing inside of a giant mushroom. The inside\nis decorated in the fashion of a temple.\n",
            "flags": "AD",
            "sector": "5",
            "exits": [
                {
                    "door": "D0",
                    "description": "",
                    "keyword": "",
                    "locks": "0",
                    "key": "0",
                    "u1_vnum": "5020"
                },
                {
                    "door": "D1",
                    "description": "",
                    "keyword": "",
                    "locks": "0",
                    "key": "0",
                    "u1_vnum": "5022"
                }
            ]
        },
        {
            "vnum": "5022",
            "name": "Sloping passage",
            "description": "You follow a path sloping down from the fungus temple.\n",
            "flags": "AD",
            "sector": "5",
            "exits": [
                {
                    "door": "D3",
                    "description": "",
                    "keyword": "",
                    "locks": "0",
                    "key": "0",
                    "u1_vnum": "5021"
                },
                {
                    "door": "D5",
                    "description": "",
                    "keyword": "",
                    "locks": "0",
                    "key": "0",
                    "u1_vnum": "5023"
                }
            ]
        },
        {
            "vnum": "5023",
            "name": "Sloping passage",
            "description": "You are on a path that gently slopes up from the underground pool.\n",
            "flags": "AD",
            "sector": "5",
            "exits": [
                {
                    "door": "D0",
                    "description": "You hear sounds of trickling water.",
                    "keyword": "",
                    "locks": "0",
                    "key": "0",
                    "u1_vnum": "5005"
                },
                {
                    "door": "D4",
                    "description": "",
                    "keyword": "",
                    "locks": "0",
                    "key": "0",
                    "u1_vnum": "5022"
                }
            ]
        },
        {
            "vnum": "5024",
            "name": "The Sands of Sorrow",
            "description": "A vast desert stretches for miles, the sand constantly shifting around you.\nYou feel lost.\n",
            "flags": "N",
            "sector": "10",
            "exits": [
                {
                    "door": "D0",
                    "description": "Sand as far as the eye can see.\n",
                    "keyword": "",
                    "locks": "0",
                    "key": "0",
                    "u1_vnum": "5030"
                },
                {
                    "door": "D1",
                    "description": "Sand as far as the eye can see.\n",
                    "keyword": "",
                    "locks": "0",
                    "key": "0",
                    "u1_vnum": "5025"
                },
                {
                    "door": "D2",
                    "description": "Sand as far as the eye can see.\n",
                    "keyword": "",
                    "locks": "0",
                    "key": "0",
                    "u1_vnum": "5027"
                },
                {
                    "door": "D3",
                    "description": "Sand as far as the eye can see.\n",
                    "keyword": "",
                    "locks": "0",
                    "key": "0",
                    "u1_vnum": "5026"
                }
            ]
        },
        {
            "vnum": "5025",
            "name": "The Sands of Sorrow",
            "description": "A vast desert stretches for miles, the sand constantly shifting around you.\nYou feel lost.\n",
            "flags": "N",
            "sector": "10",
            "exits": [
                {
                    "door": "D0",
                    "description": "You see a nomad camp by an oasis.\n",
                    "keyword": "",
                    "locks": "0",
                    "key": "0",
                    "u1_vnum": "5056"
                },
                {
                    "door": "D1",
                    "description": "Sand as far as the eye can see.\n",
                    "keyword": "",
                    "locks": "0",
                    "key": "0",
                    "u1_vnum": "5026"
                },
                {
                    "door": "D2",
                    "description": "Sand as far as the eye can see.\n",
                    "keyword": "",
                    "locks": "0",
                    "key": "0",
                    "u1_vnum": "5028"
                },
                {
                    "door": "D3",
                    "description": "Sand as far as the eye can see.\n",
                    "keyword": "",
                    "locks": "0",
                    "key": "0",
                    "u1_vnum": "5024"
                }
            ]
        },
        {
            "vnum": "5026",
            "name": "The Sands of Sorrow",
            "description": "A vast desert stretches for miles, the sand constantly shifting around you.\nYou feel lost.\n",
            "flags": "N",
            "sector": "10",
            "exits": [
                {
                    "door": "D0",
                    "description": "Sand as far as the eye can see.\n",
                    "keyword": "",
                    "locks": "0",
                    "key": "0",
                    "u1_vnum": "5032"
                },
                {
                    "door": "D1",
                    "description": "Sand as far as the eye can see.\n",
                    "keyword": "",
                    "locks": "0",
                    "key": "0",
                    "u1_vnum": "5024"
                },
                {
                    "door": "D2",
                    "description": "Sand as far as the eye can see.\n",
                    "keyword": "",
                    "locks": "0",
                    "key": "0",
                    "u1_vnum": "5029"
                },
                {
                    "door": "D3",
                    "description": "Sand as far as the eye can see.\n",
                    "keyword": "",
                    "locks": "0",
                    "key": "0",
                    "u1_vnum": "5025"
                }
            ]
        },
        {
            "vnum": "5027",
            "name": "The Sands of Sorrow",
            "description": "A vast desert stretches for miles, the sand constantly shifting around you.\nYou feel lost.\n",
            "flags": "N",
            "sector": "10",
            "exits": [
                {
                    "door": "D0",
                    "description": "Sand as far as the eye can see.\n",
                    "keyword": "",
                    "locks": "0",
                    "key": "0",
                    "u1_vnum": "5024"
                },
                {
                    "door": "D1",
                    "description": "Sand as far as the eye can see.\n",
                    "keyword": "",
                    "locks": "0",
                    "key": "0",
                    "u1_vnum": "5028"
                },
                {
                    "door": "D2",
                    "description": "Sand as far as the eye can see.\n",
                    "keyword": "",
                    "locks": "0",
                    "key": "0",
                    "u1_vnum": "5030"
                },
                {
                    "door": "D3",
                    "description": "You see a river flowing into the mountain.\n",
                    "keyword": "",
                    "locks": "0",
                    "key": "0",
                    "u1_vnum": "5007"
                }
            ]
        },
        {
            "vnum": "5028",
            "name": "The Sands of Sorrow",
            "description": "A vast desert stretches for miles, the sand constantly shifting around you.\nYou feel lost.\n",
            "flags": "N",
            "sector": "10",
            "exits": [
                {
                    "door": "D0",
                    "description": "Sand as far as the eye can see.\n",
                    "keyword": "",
                    "locks": "0",
                    "key": "0",
                    "u1_vnum": "5025"
                },
                {
                    "door": "D1",
                    "description": "Sand as far as the eye can see.\n",
                    "keyword": "",
                    "locks": "0",
                    "key": "0",
                    "u1_vnum": "5029"
                },
                {
                    "door": "D2",
                    "description": "Sand as far as the eye can see.\n",
                    "keyword": "",
                    "locks": "0",
                    "key": "0",
                    "u1_vnum": "5031"
                },
                {
                    "door": "D3",
                    "description": "Sand as far as the eye can see.\n",
                    "keyword": "",
                    "locks": "0",
                    "key": "0",
                    "u1_vnum": "5027"
                }
            ]
        },
        {
            "vnum": "5029",
            "name": "The Sands of Sorrow",
            "description": "A vast desert stretches for miles, the sand constantly shifting around you.\nYou feel lost.\n",
            "flags": "N",
            "sector": "10",
            "exits": [
                {
                    "door": "D0",
                    "description": "Sand as far as the eye can see.\n",
                    "keyword": "",
                    "locks": "0",
                    "key": "0",
                    "u1_vnum": "5026"
                },
                {
                    "door": "D1",
                    "description": "The sand is glowing in this direction.\n",
                    "keyword": "",
                    "locks": "0",
                    "key": "0",
                    "u1_vnum": "5062"
                },
                {
                    "door": "D2",
                    "description": "Sand as far as the eye can see.\n",
                    "keyword": "",
                    "locks": "0",
                    "key": "0",
                    "u1_vnum": "5032"
                },
                {
                    "door": "D3",
                    "description": "Sand as far as the eye can see.\n",
                    "keyword": "",
                    "locks": "0",
                    "key": "0",
                    "u1_vnum": "5028"
                }
            ]
        },
        {
            "vnum": "5030",
            "name": "The Sands of Sorrow",
            "description": "A vast desert stretches for miles, the sand constantly shifting around you.\nYou feel lost.\n",
            "flags": "N",
            "sector": "10",
            "exits": [
                {
                    "door": "D0",
                    "description": "Sand as far as the eye can see.\n",
                    "keyword": "",
                    "locks": "0",
                    "key": "0",
                    "u1_vnum": "5027"
                },
                {
                    "door": "D1",
                    "description": "Sand as far as the eye can see.\n",
                    "keyword": "",
                    "locks": "0",
                    "key": "0",
                    "u1_vnum": "5031"
                },
                {
                    "door": "D2",
                    "description": "Sand as far as the eye can see.\n",
                    "keyword": "",
                    "locks": "0",
                    "key": "0",
                    "u1_vnum": "5024"
                },
                {
                    "door": "D3",
                    "description": "Sand as far as the eye can see.\n",
                    "keyword": "",
                    "locks": "0",
                    "key": "0",
                    "u1_vnum": "5032"
                }
            ]
        },
        {
            "vnum": "5031",
            "name": "The Sands of Sorrow",
            "description": "A vast desert stretches for miles, the sand constantly shifting around you.\nYou feel lost.\n",
            "flags": "N",
            "sector": "10",
            "exits": [
                {
                    "door": "D0",
                    "description": "Sand as far as the eye can see.\n",
                    "keyword": "",
                    "locks": "0",
                    "key": "0",
                    "u1_vnum": "5028"
                },
                {
                    "door": "D1",
                    "description": "Sand as far as the eye can see.\n",
                    "keyword": "",
                    "locks": "0",
                    "key": "0",
                    "u1_vnum": "5032"
                },
                {
                    "door": "D2",
                    "description": "Sand as far as the eye can see.\n",
                    "keyword": "",
                    "locks": "0",
                    "key": "0",
                    "u1_vnum": "5063"
                },
                {
                    "door": "D3",
                    "description": "Sand as far as the eye can see.\n",
                    "keyword": "",
                    "locks": "0",
                    "key": "0",
                    "u1_vnum": "5030"
                }
            ]
        },
        {
            "vnum": "5032",
            "name": "The Sands of Sorrow",
            "description": "A vast desert stretches for miles, the sand constantly shifting around you.\nYou feel lost.\n",
            "flags": "N",
            "sector": "10",
            "exits": [
                {
                    "door": "D0",
                    "description": "Sand as far as the eye can see.\n",
                    "keyword": "",
                    "locks": "0",
                    "key": "0",
                    "u1_vnum": "5029"
                },
                {
                    "door": "D1",
                    "description": "Sand as far as the eye can see.\n",
                    "keyword": "",
                    "locks": "0",
                    "key": "0",
                    "u1_vnum": "5030"
                },
                {
                    "door": "D2",
                    "description": "You see a tiny ledge.\n",
                    "keyword": "",
                    "locks": "0",
                    "key": "0",
                    "u1_vnum": "5026"
                },
                {
                    "door": "D3",
                    "description": "Sand as far as the eye can see.\n",
                    "keyword": "",
                    "locks": "0",
                    "key": "0",
                    "u1_vnum": "5031"
                }
            ]
        },
        {
            "vnum": "5056",
            "name": "A nomad camp",
            "description": "This small group of desert nomads has stopped for the day to rest\nand refresh themselves beside this beautiful oasis. Three tents and some\ncamels make up the party. From within two of the tents you hear muffled\nvoices, obviously surprised at your visit.\n",
            "flags": "0",
            "sector": "2",
            "exits": [
                {
                    "door": "D0",
                    "description": "You see ill-tempered camels.\n",
                    "keyword": "",
                    "locks": "0",
                    "key": "0",
                    "u1_vnum": "5058"
                },
                {
                    "door": "D1",
                    "description": "You see inside one of the tents a huddled mass of people, probably slaves.\n",
                    "keyword": "",
                    "locks": "0",
                    "key": "0",
                    "u1_vnum": "5057"
                },
                {
                    "door": "D2",
                    "description": "Sand as far as the eye can see.\n",
                    "keyword": "",
                    "locks": "0",
                    "key": "0",
                    "u1_vnum": "5025"
                }
            ]
        },
        {
            "vnum": "5057",
            "name": "Inside a small tent",
            "description": "This is a small and simple tent with few possessions in sight. Lying\nhere and there are young-looking men and women, possibly slaves to the\nleader of this band.\n",
            "flags": "0",
            "sector": "2",
            "exits": [
                {
                    "door": "D1",
                    "description": "Waving in the heat over the sand you see a HUGE pyramid.\n",
                    "keyword": "",
                    "locks": "0",
                    "key": "-1",
                    "u1_vnum": "8700"
                },
                {
                    "door": "D3",
                    "description": "You see the center of the nomad camp.\n",
                    "keyword": "",
                    "locks": "0",
                    "key": "0",
                    "u1_vnum": "5056"
                }
            ]
        },
        {
            "vnum": "5058",
            "name": "Beside the camels",
            "description": "Here stand about ten camels, all hitched to some stakes plugged into\nthe ground. To the east you see a small tent while to the north you see a\nlarger, fancier tent.\n",
            "flags": "0",
            "sector": "2",
            "exits": [
                {
                    "door": "D0",
                    "description": "This tent seems to be the temporary abode of the nomad leader. You make a\nmental note to visit it before you leave.",
                    "keyword": "",
                    "locks": "0",
                    "key": "0",
                    "u1_vnum": "5060"
                },
                {
                    "door": "D1",
                    "description": "In this tent there are very large men, all carrying weapons.\n",
                    "keyword": "",
                    "locks": "0",
                    "key": "0",
                    "u1_vnum": "5059"
                },
                {
                    "door": "D2",
                    "description": "You see the center of the nomad camp.\n",
                    "keyword": "",
                    "locks": "0",
                    "key": "0",
                    "u1_vnum": "5056"
                }
            ]
        },
        {
            "vnum": "5059",
            "name": "The warrior's tent.",
            "description": "This tent has a few furnishings, but mainly it holds the band's\nprotectors. They all stare at you coldly as you enter.\n",
            "flags": "H",
            "sector": "2",
            "exits": [
                {
                    "door": "D3",
                    "description": "Outside you see some peaceful camels.\n",
                    "keyword": "",
                    "locks": "0",
                    "key": "0",
                    "u1_vnum": "5058"
                }
            ]
        },
        {
            "vnum": "5060",
            "name": "The main tent",
            "description": "This tent is as lavishly decorated on the inside as it is on the\noutside. A fancy carpet lies on the sand and numerous baskets line the\nwalls.\n",
            "flags": "H",
            "sector": "2",
            "exits": [
                {
                    "door": "D1",
                    "description": "",
                    "keyword": "",
                    "locks": "0",
                    "key": "0",
                    "u1_vnum": "5061"
                },
                {
                    "door": "D2",
                    "description": "You see some peaceful camels.\n",
                    "keyword": "",
                    "locks": "0",
                    "key": "0",
                    "u1_vnum": "5058"
                }
            ]
        },
        {
            "vnum": "5061",
            "name": "The main tent",
            "description": "This is where the leader of this band of nomads resides. He is\ndefinitely rich as you inspect the tapestries, baskets, and a few\npaintings as well.\n",
            "flags": "H",
            "sector": "2",
            "exits": [
                {
                    "door": "D3",
                    "description": "You see the entrance to this tent.\n",
                    "keyword": "",
                    "locks": "0",
                    "key": "0",
                    "u1_vnum": "5060"
                }
            ]
        },
        {
            "vnum": "5062",
            "name": "Strange Glowing Sand",
            "description": "A vast desert stretches for miles, the sand constantly shifting around\nyou.  But this patch of desert looks different...the sand glows.  You see a\nfuturistic city to the south.\n",
            "flags": "CD",
            "sector": "5",
            "exits": [
                {
                    "door": "D2",
                    "description": "You see a futuristic city.\n",
                    "keyword": "",
                    "locks": "0",
                    "key": "0",
                    "u1_vnum": "8001"
                },
                {
                    "door": "D3",
                    "description": "Sand as far as the eye can see.\n",
                    "keyword": "",
                    "locks": "0",
                    "key": "0",
                    "u1_vnum": "5029"
                }
            ]
        },
        {
            "vnum": "5063",
            "name": "The wind-swept ledge",
            "description": "Being very careful not to lose your balance, you look around and\nfind that this canyon is about a half a kilometer deep. To the west is\na dark cave leading under the desert sands.\n",
            "flags": "0",
            "sector": "5",
            "exits": [
                {
                    "door": "D0",
                    "description": "Sand as far as the eye can see.\n",
                    "keyword": "",
                    "locks": "0",
                    "key": "0",
                    "u1_vnum": "5031"
                },
                {
                    "door": "D3",
                    "description": "You see a dark cave.\n",
                    "keyword": "",
                    "locks": "0",
                    "key": "0",
                    "u1_vnum": "5064"
                }
            ]
        },
        {
            "vnum": "5064",
            "name": "The cave mouth",
            "description": "The air in here is MUCH cooler than outside. From the west you hear\nstrange sounds, but can see nothing. The cave slopes down into the\ndarkness.\n",
            "flags": "AD",
            "sector": "5",
            "exits": [
                {
                    "door": "D1",
                    "description": "Outside is lighter and very windy.",
                    "keyword": "",
                    "locks": "0",
                    "key": "0",
                    "u1_vnum": "5063"
                },
                {
                    "door": "D3",
                    "description": "",
                    "keyword": "",
                    "locks": "0",
                    "key": "0",
                    "u1_vnum": "5065"
                }
            ]
        },
        {
            "vnum": "5065",
            "name": "The mysterious lair.",
            "description": "You have stumbled upon the home of something. From the treasure\nhaphazardly strewn about and the rotting carcasses, you would guess that\nthis is a dragon's lair. As to what type, you can't really say. The cave\nnarrows out into a tunnel to the west.\n",
            "flags": "ADH",
            "sector": "5",
            "exits": [
                {
                    "door": "D1",
                    "description": "",
                    "keyword": "",
                    "locks": "0",
                    "key": "0",
                    "u1_vnum": "5064"
                },
                {
                    "door": "D3",
                    "description": "",
                    "keyword": "door",
                    "locks": "2",
                    "key": "5024",
                    "u1_vnum": "5066"
                }
            ]
        },
        {
            "vnum": "5066",
            "name": "A wide tunnel",
            "description": "This tunnel seems to go on forever into the darkness. You carefully\nfeel your way along the walls.\n",
            "flags": "ACD",
            "sector": "5",
            "exits": [
                {
                    "door": "D1",
                    "description": "",
                    "keyword": "door",
                    "locks": "2",
                    "key": "5024",
                    "u1_vnum": "5065"
                },
                {
                    "door": "D3",
                    "description": "",
                    "keyword": "",
                    "locks": "0",
                    "key": "0",
                    "u1_vnum": "5067"
                }
            ]
        },
        {
            "vnum": "5067",
            "name": "A narrower tunnel",
            "description": "The tunnel becomes very narrow and you fight to squeeze your way through.\nThe floor seems to level off a little.\n",
            "flags": "AD",
            "sector": "5",
            "exits": [
                {
                    "door": "D1",
                    "description": "",
                    "keyword": "",
                    "locks": "0",
                    "key": "0",
                    "u1_vnum": "5066"
                },
                {
                    "door": "D2",
                    "description": "",
                    "keyword": "",
                    "locks": "0",
                    "key": "0",
                    "u1_vnum": "5068"
                }
            ]
        },
        {
            "vnum": "5068",
            "name": "A narrow crack",
            "description": "This part of the tunnel is the hardest to move through as the walls\nmove in to meet you.\n",
            "flags": "AD",
            "sector": "5",
            "exits": [
                {
                    "door": "D0",
                    "description": "",
                    "keyword": "",
                    "locks": "0",
                    "key": "0",
                    "u1_vnum": "5067"
                },
                {
                    "door": "D3",
                    "description": "",
                    "keyword": "",
                    "locks": "0",
                    "key": "0",
                    "u1_vnum": "5069"
                }
            ]
        },
        {
            "vnum": "5069",
            "name": "A small cavern.",
            "description": "It is dark and damp and bats hang from the ceiling. A narrow crack is\nin the east wall. The floor now slopes upwards.\n",
            "flags": "AD",
            "sector": "5",
            "exits": [
                {
                    "door": "D0",
                    "description": "",
                    "keyword": "",
                    "locks": "0",
                    "key": "0",
                    "u1_vnum": "5070"
                },
                {
                    "door": "D1",
                    "description": "",
                    "keyword": "",
                    "locks": "0",
                    "key": "0",
                    "u1_vnum": "5068"
                }
            ]
        },
        {
            "vnum": "5070",
            "name": "A small shaft",
            "description": "From within this shaft you can see a narrow hole in the roof just\nlarge enough for one person. Back south is the cavern.\n",
            "flags": "AD",
            "sector": "5",
            "exits": [
                {
                    "door": "D2",
                    "description": "",
                    "keyword": "",
                    "locks": "0",
                    "key": "0",
                    "u1_vnum": "5069"
                },
                {
                    "door": "D4",
                    "description": "",
                    "keyword": "",
                    "locks": "0",
                    "key": "0",
                    "u1_vnum": "5009"
                }
            ]
        }
    ],
    "resets": [
        {
            "command": "D",
            "arg1": "5065",
            "arg2": "3",
            "arg3": "2"
        },
        {
            "command": "D",
            "arg1": "5066",
            "arg2": "1",
            "arg3": "2"
        },
        {
            "command": "M",
            "arg1": "5015",
            "arg2": "4",
            "arg3": "5024",
            "arg4": "1"
        },
        {
            "command": "M",
            "arg1": "5015",
            "arg2": "4",
            "arg3": "5026",
            "arg4": "1"
        },
        {
            "command": "M",
            "arg1": "5015",
            "arg2": "4",
            "arg3": "5030",
            "arg4": "1"
        },
        {
            "command": "M",
            "arg1": "5015",
            "arg2": "4",
            "arg3": "5032",
            "arg4": "1"
        },
        {
            "command": "M",
            "arg1": "5000",
            "arg2": "3",
            "arg3": "5025",
            "arg4": "1"
        },
        {
            "command": "E",
            "arg1": "3021",
            "arg2": "25",
            "arg3": "16"
        },
        {
            "command": "M",
            "arg1": "5000",
            "arg2": "3",
            "arg3": "5027",
            "arg4": "1"
        },
        {
            "command": "E",
            "arg1": "3021",
            "arg2": "25",
            "arg3": "16"
        },
        {
            "command": "M",
            "arg1": "5000",
            "arg2": "3",
            "arg3": "5029",
            "arg4": "1"
        },
        {
            "command": "E",
            "arg1": "3021",
            "arg2": "25",
            "arg3": "16"
        },
        {
            "command": "M",
            "arg1": "5001",
            "arg2": "1",
            "arg3": "5031",
            "arg4": "1"
        },
        {
            "command": "E",
            "arg1": "3022",
            "arg2": "25",
            "arg3": "16"
        },
        {
            "command": "M",
            "arg1": "5002",
            "arg2": "5",
            "arg3": "5031",
            "arg4": "5"
        },
        {
            "command": "M",
            "arg1": "5003",
            "arg2": "5",
            "arg3": "5028",
            "arg4": "5"
        },
        {
            "command": "M",
            "arg1": "5004",
            "arg2": "1",
            "arg3": "5028",
            "arg4": "1"
        },
        {
            "command": "G",
            "arg1": "5019",
            "arg2": "-1"
        },
        {
            "command": "G",
            "arg1": "5020",
            "arg2": "5"
        },
        {
            "command": "G",
            "arg1": "5021",
            "arg2": "1"
        },
        {
            "command": "M",
            "arg1": "5005",
            "arg2": "1",
            "arg3": "5065",
            "arg4": "1"
        },
        {
            "command": "G",
            "arg1": "5024",
            "arg2": "1"
        },
        {
            "command": "G",
            "arg1": "5022",
            "arg2": "10"
        },
        {
            "command": "O",
            "arg1": "5023",
            "arg2": "1",
            "arg3": "5070"
        },
        {
            "command": "P",
            "arg1": "5025",
            "arg2": "3",
            "arg3": "5023",
            "arg4": "1"
        },
        {
            "command": "P",
            "arg1": "5026",
            "arg2": "3",
            "arg3": "5023",
            "arg4": "1"
        },
        {
            "command": "P",
            "arg1": "5027",
            "arg2": "3",
            "arg3": "5023",
            "arg4": "1"
        },
        {
            "command": "P",
            "arg1": "5028",
            "arg2": "3",
            "arg3": "5023",
            "arg4": "1"
        },
        {
            "command": "P",
            "arg1": "5029",
            "arg2": "3",
            "arg3": "5023",
            "arg4": "1"
        },
        {
            "command": "P",
            "arg1": "5030",
            "arg2": "1",
            "arg3": "5023",
            "arg4": "1"
        },
        {
            "command": "P",
            "arg1": "5031",
            "arg2": "1",
            "arg3": "5023",
            "arg4": "1"
        },
        {
            "command": "P",
            "arg1": "5032",
            "arg2": "3",
            "arg3": "5023",
            "arg4": "1"
        },
        {
            "command": "M",
            "arg1": "5017",
            "arg2": "1",
            "arg3": "5058",
            "arg4": "1"
        },
        {
            "command": "O",
            "arg1": "5015",
            "arg2": "1",
            "arg3": "5070"
        },
        {
            "command": "M",
            "arg1": "5006",
            "arg2": "1",
            "arg3": "5061",
            "arg4": "1"
        },
        {
            "command": "E",
            "arg1": "5016",
            "arg2": "10",
            "arg3": "16"
        },
        {
            "command": "M",
            "arg1": "5007",
            "arg2": "1",
            "arg3": "5060",
            "arg4": "1"
        },
        {
            "command": "E",
            "arg1": "5017",
            "arg2": "15",
            "arg3": "16"
        },
        {
            "command": "M",
            "arg1": "5008",
            "arg2": "5",
            "arg3": "5059",
            "arg4": "5"
        },
        {
            "command": "E",
            "arg1": "5018",
            "arg2": "25",
            "arg3": "16"
        },
        {
            "command": "M",
            "arg1": "5009",
            "arg2": "6",
            "arg3": "5057",
            "arg4": "6"
        },
        {
            "command": "M",
            "arg1": "5010",
            "arg2": "1",
            "arg3": "5011",
            "arg4": "1"
        },
        {
            "command": "G",
            "arg1": "5001",
            "arg2": "8"
        },
        {
            "command": "G",
            "arg1": "5002",
            "arg2": "8"
        },
        {
            "command": "M",
            "arg1": "5011",
            "arg2": "3",
            "arg3": "5009",
            "arg4": "3"
        },
        {
            "command": "E",
            "arg1": "3022",
            "arg2": "50",
            "arg3": "16"
        },
        {
            "command": "M",
            "arg1": "5012",
            "arg2": "3",
            "arg3": "5014",
            "arg4": "3"
        },
        {
            "command": "E",
            "arg1": "5000",
            "arg2": "15",
            "arg3": "16"
        },
        {
            "command": "M",
            "arg1": "5013",
            "arg2": "4",
            "arg3": "5021",
            "arg4": "4"
        },
        {
            "command": "M",
            "arg1": "5014",
            "arg2": "1",
            "arg3": "5021",
            "arg4": "1"
        },
        {
            "command": "E",
            "arg1": "5003",
            "arg2": "5",
            "arg3": "3"
        },
        {
            "command": "O",
            "arg1": "5005",
            "arg2": "1",
            "arg3": "5011"
        },
        {
            "command": "O",
            "arg1": "5007",
            "arg2": "1",
            "arg3": "5060"
        },
        {
            "command": "P",
            "arg1": "5012",
            "arg2": "1",
            "arg3": "5007",
            "arg4": "1"
        },
        {
            "command": "P",
            "arg1": "5011",
            "arg2": "1",
            "arg3": "5007",
            "arg4": "1"
        },
        {
            "command": "O",
            "arg1": "5008",
            "arg2": "1",
            "arg3": "5061"
        },
        {
            "command": "P",
            "arg1": "5014",
            "arg2": "5",
            "arg3": "5008",
            "arg4": "1"
        },
        {
            "command": "O",
            "arg1": "5009",
            "arg2": "1",
            "arg3": "5061"
        },
        {
            "command": "O",
            "arg1": "5010",
            "arg2": "1",
            "arg3": "5061"
        },
        {
            "command": "P",
            "arg1": "5013",
            "arg2": "50",
            "arg3": "5010",
            "arg4": "1"
        }
    ],
    "shops": [],
    "specials": [
        {
            "vnum": "5005",
            "spec_fun": "spec_breath_any"
        },
        {
            "vnum": "5010",
            "spec_fun": "spec_breath_fire"
        },
        {
            "vnum": "5014",
            "spec_fun": "spec_cast_cleric"
        }
    ]
}