{
    "area": {
        "file": "grave.are",
        "name": "Graveyard",
        "low_range": "5",
        "high_range": "10",
        "writer": "Alfa",
        "credits": "Graveyard",
        "min_vnum": "3600",
        "max_vnum": "3699"
    },
    "mobiles": [
        {
            "vnum": "3600",
            "name": "oldstyle henry gardener",
            "short_description": "Henry the Gardener",
            "long_description": "Henry the Gardener is sitting here, looking drunk.\n",
            "description": "He is a tall but bulky man in his late fifties.  His features are worn with\ndecades of hard work and his somewhat crouched expression is one of deep\nsorrow and depression.  He is haunted by a memory of a lost paradise.\n",
            "race": "human",
            "act": "AG",
            "affected_by": "0",
            "alignment": "350",
            "group": "0",
            "level": "4",
            "hitroll": "0",
            "hit_dice": "2d7+46",
            "mana_dice": "2d9+100",
            "dam_dice": "1d5+1",
            "dam_type": "none",
            "ac_pierce": "6",
            "ac_bash": "6",
            "ac_slash": "6",
            "ac_exotic": "9",
            "off_flags": "EFNU",
            "imm_flags": "0",
            "res_flags": "0",
            "vuln_flags": "0",
            "start_pos": "sit",
            "default_pos": "sit",
            "sex": "male",
            "wealth": "2",
            "form": "0",
            "parts": "0",
            "size": "medium",
            "material": "0"
        },
        {
            "vnum": "3601",
            "name": "oldstyle zombie",
            "short_description": "the rotting zombie",
            "long_description": "A rotting zombie is staggering towards you with outstretched hands.\n",
            "description": "Maggots crawl all over its decaying body.\n",
            "race": "human",
            "act": "ABF",
            "affected_by": "J",
            "alignment": "-750",
            "group": "0",
            "level": "4",
            "hitroll": "0",
            "hit_dice": "2d7+46",
            "mana_dice": "2d9+100",
            "dam_dice": "1d5+1",
            "dam_type": "none",
            "ac_pierce": "6",
            "ac_bash": "6",
            "ac_slash": "6",
            "ac_exotic": "9",
            "off_flags": "EFNU",
            "imm_flags": "0",
            "res_flags": "0",
            "vuln_flags": "0",
            "start_pos": "stand",
            "default_pos": "stand",
            "sex": "male",
            "wealth": "2",
            "form": "0",
            "parts": "0",
            "size": "medium",
            "material": "0"
        },
        {
            "vnum": "3602",
            "name": "oldstyle ghoul",
            "short_description": "the ghastly ghoul",
            "long_description": "A ghastly ghoul is here.\n",
            "description": "It is a walking corpse with long fangs and long, sharp nails that most of\nresemble claws.  Its eyes are a dark yellow colour and glare hungrily at you.\n",
            "race": "human",
            "act": "ABF",
            "affected_by": "J",
            "alignment": "-750",
            "group": "0",
            "level": "6",
            "hitroll": "0",
            "hit_dice": "2d7+71",
            "mana_dice": "3d9+100",
            "dam_dice": "1d7+1",
            "dam_type": "none",
            "ac_pierce": "4",
            "ac_bash": "4",
            "ac_slash": "4",
            "ac_exotic": "9",
            "off_flags": "EFNU",
            "imm_flags": "0",
            "res_flags": "0",
            "vuln_flags": "0",
            "start_pos": "stand",
            "default_pos": "stand",
            "sex": "male",
            "wealth": "5",
            "form": "0",
            "parts": "0",
            "size": "medium",
            "material": "0"
        },
        {
            "vnum": "3603",
            "name": "oldstyle skeleton",
            "short_description": "a dusty skeleton",
            "long_description": "A dusty skeleton lies here.\n",
            "description": "The dusty bones are almost brown.  It must have been buried for a very long\ntime.\n",
            "race": "human",
            "act": "ABF",
            "affected_by": "J",
            "alignment": "-750",
            "group": "0",
            "level": "3",
            "hitroll": "0",
            "hit_dice": "2d6+35",
            "mana_dice": "1d9+100",
            "dam_dice": "1d6+0",
            "dam_type": "none",
            "ac_pierce": "7",
            "ac_bash": "7",
            "ac_slash": "7",
            "ac_exotic": "10",
            "off_flags": "EFNU",
            "imm_flags": "0",
            "res_flags": "0",
            "vuln_flags": "E",
            "start_pos": "stand",
            "default_pos": "stand",
            "sex": "male",
            "wealth": "0",
            "form": "0",
            "parts": "0",
            "size": "medium",
            "material": "0"
        },
        {
            "vnum": "3604",
            "name": "oldstyle skeleton",
            "short_description": "a dusty skeleton",
            "long_description": "A dusty skeleton lies here.\n",
            "description": "The dusty bones are almost brown.  It must have been buried for a very long\ntime.\n",
            "race": "human",
            "act": "AF",
            "affected_by": "J",
            "alignment": "-750",
            "group": "0",
            "level": "3",
            "hitroll": "0",
            "hit_dice": "2d6+35",
            "mana_dice": "1d9+100",
            "dam_dice": "1d6+0",
            "dam_type": "none",
            "ac_pierce": "7",
            "ac_bash": "7",
            "ac_slash": "7",
            "ac_exotic": "10",
            "off_flags": "EFNU",
            "imm_flags": "0",
            "res_flags": "0",
            "vuln_flags": "E",
            "start_pos": "stand",
            "default_pos": "stand",
            "sex": "male",
            "wealth": "0",
            "form": "0",
            "parts": "0",
            "size": "medium",
            "material": "0"
        },
        {
            "vnum": "3605",
            "name": "oldstyle zombie",
            "short_description": "the rotting zombie",
            "long_description": "A rotting zombie is staggering towards you with outstretched hands.\n",
            "description": "Maggots crawl all over its decaying body.\n",
            "race": "human",
            "act": "AF",
            "affected_by": "J",
            "alignment": "-750",
            "group": "0",
            "level": "4",
            "hitroll": "0",
            "hit_dice": "2d7+46",
            "mana_dice": "2d9+100",
            "dam_dice": "1d5+1",
            "dam_type": "none",
            "ac_pierce": "6",
            "ac_bash": "6",
            "ac_slash": "6",
            "ac_exotic": "9",
            "off_flags": "EFNU",
            "imm_flags": "0",
            "res_flags": "0",
            "vuln_flags": "0",
            "start_pos": "stand",
            "default_pos": "stand",
            "sex": "male",
            "wealth": "5",
            "form": "0",
            "parts": "0",
            "size": "medium",
            "material": "0"
        }
    ],
    "objects": [
        {
            "vnum": "3600",
            "name": "candlestick",
            "short_description": "a candlestick",
            "description": "A pewter candlestick is standing here.",
            "material": "parafin",
            "type": "light",
            "extra_flags": "0",
            "wear_flags": "AO",
            "values": "0 0 24 0 0",
            "level": "0",
            "weight": "50",
            "cost": "10",
            "condition": "P",
            "extra_descriptions": [
                {
                    "keyword": "candlestick",
                    "description": "It is a rather old-looking three-armed candlestick made from pewter.  Its\ncandles are a yellowish white colour.\n"
                }
            ]
        },
        {
            "vnum": "3601",
            "name": "brandy bottle",
            "short_description": "a brandy bottle",
            "description": "A brandy bottle is lying here.",
            "material": "glass",
            "type": "drink",
            "extra_flags": "0",
            "wear_flags": "A",
            "values": "32 32 'whisky' 0 0",
            "level": "0",
            "weight": "20",
            "cost": "100",
            "condition": "P",
            "extra_descriptions": [
                {
                    "keyword": "brandy bottle",
                    "description": "The bottle is a special 'Dragon Blood' brandy bottle.  Its neck is shaped\nlike a small dragon's head.  Bottles like these are often worth a small\namount money, even when empty.\n"
                }
            ]
        },
        {
            "vnum": "3602",
            "name": "brandy bottle",
            "short_description": "a brandy bottle",
            "description": "A brandy bottle is lying here.",
            "material": "glass",
            "type": "drink",
            "extra_flags": "0",
            "wear_flags": "A",
            "values": "32 0 'whisky' 0 0",
            "level": "0",
            "weight": "20",
            "cost": "100",
            "condition": "P",
            "extra_descriptions": [
                {
                    "keyword": "brandy bottle",
                    "description": "The bottle is a special 'Dragon Blood' brandy bottle.  Its neck is shaped\nlike a small dragon's head.  Bottles like these are often worth some money,\neven when empty.\n"
                }
            ]
        },
        {
            "vnum": "3603",
            "name": "wheelbarrow",
            "short_description": "a wheelbarrow",
            "description": "A green-painted wheelbarrow is standing here.",
            "material": "wood",
            "type": "boat",
            "extra_flags": "0",
            "wear_flags": "A",
            "values": "0 0 0 0 0",
            "level": "0",
            "weight": "1000",
            "cost": "50",
            "condition": "P",
            "extra_descriptions": [
                {
                    "keyword": "wheelbarrow",
                    "description": "It is a heavy wheelbarrow made from solid oaken planks that have been painted\na dark, green colour.\n"
                }
            ]
        },
        {
            "vnum": "3604",
            "name": "shovel",
            "short_description": "a shovel",
            "description": "A shovel is lying here.",
            "material": "iron ebony",
            "type": "weapon",
            "extra_flags": "0",
            "wear_flags": "AN",
            "values": "mace 1 5 pound 0",
            "level": "0",
            "weight": "80",
            "cost": "169",
            "condition": "P",
            "extra_descriptions": [
                {
                    "keyword": "shovel",
                    "description": "It is a large metal shovel with a solid wooden handle.\n"
                }
            ]
        },
        {
            "vnum": "3605",
            "name": "rake",
            "short_description": "a rake",
            "description": "A rake is lying here.",
            "material": "unknown",
            "type": "weapon",
            "extra_flags": "0",
            "wear_flags": "AN",
            "values": "mace 1 4 claw 0",
            "level": "0",
            "weight": "80",
            "cost": "140",
            "condition": "P",
            "extra_descriptions": [
                {
                    "keyword": "rake",
                    "description": "It is a large metal rake with a solid wooden handle.\n"
                }
            ]
        },
        {
            "vnum": "3610",
            "name": "skeleton",
            "short_description": "a dusty skeleton",
            "description": "A dusty skeleton lies here.",
            "material": "bone",
            "type": "furniture",
            "extra_flags": "0",
            "wear_flags": "A",
            "values": "0 0 0 0 0",
            "level": "0",
            "weight": "150",
            "cost": "0",
            "condition": "P",
            "extra_descriptions": [
                {
                    "keyword": "skeleton",
                    "description": "The dusty bones are almost brown.  It must have been buried for a very long\ntime.\nA dusty skeleton is in an excellent condition.\n"
                }
            ]
        },
        {
            "vnum": "3611",
            "name": "amethyst gem",
            "short_description": "a amethyst",
            "description": "A large, beautifully polished amethyst has been left here.",
            "material": "amethyst",
            "type": "warp_stone",
            "extra_flags": "T",
            "wear_flags": "AO",
            "values": "0 0 0 0 0",
            "level": "0",
            "weight": "10",
            "cost": "2500",
            "condition": "P",
            "extra_descriptions": [
                {
                    "keyword": "amethyst",
                    "description": "It has a very deep purple colour.\n"
                }
            ]
        },
        {
            "vnum": "3612",
            "name": "pendant silver",
            "short_description": "a silver pendant",
            "description": "A silver pendant has been left here.",
            "material": "silver",
            "type": "jewelry",
            "extra_flags": "0",
            "wear_flags": "AC",
            "values": "0 0 0 0 0",
            "level": "7",
            "weight": "10",
            "cost": "800",
            "condition": "P",
            "affects_a": [
                {
                    "location": "1",
                    "modifier": "1"
                },
                {
                    "location": "17",
                    "modifier": "-1"
                }
            ],
            "extra_descriptions": [
                {
                    "keyword": "pendant silver",
                    "description": "It resembles Thor's hammer and appears to be made of solid silver.\n"
                }
            ]
        },
        {
            "vnum": "3613",
            "name": "dagger silver",
            "short_description": "a silver dagger",
            "description": "A long silver dagger is lying here.",
            "material": "silver",
            "type": "weapon",
            "extra_flags": "0",
            "wear_flags": "AN",
            "values": "dagger 2 4 pierce 0",
            "level": "6",
            "weight": "10",
            "cost": "430",
            "condition": "P",
            "affects_a": [
                {
                    "location": "19",
                    "modifier": "1"
                }
            ],
            "extra_descriptions": [
                {
                    "keyword": "dagger silver",
                    "description": "It has a long, sharp blade that is made entirely from silver.  A small rune\nhas been engraved on the blade next to the hilt.\n"
                }
            ]
        }
    ],
    "rooms": [
        {
            "vnum": "3600",
            "name": "A Gravel Road in the Graveyard",
            "description": "You are on a well-kept gravel road that leads north-south through the\ngraveyard.  On both sides of the road grow dark evergreen trees.  An iron\ngrate is to the north and narrow gravel paths lead east and west.\n",
            "flags": "0",
            "sector": "2",
            "exits": [
                {
                    "door": "D0",
                    "description": "Through the solid iron bars you see Elm Street. \n",
                    "keyword": "grate",
                    "locks": "1",
                    "key": "-1",
                    "u1_vnum": "3124"
                },
                {
                    "door": "D1",
                    "description": "The gravel path leads eastwards between the dark evergreen trees.\n",
                    "keyword": "",
                    "locks": "0",
                    "key": "-1",
                    "u1_vnum": "3650"
                },
                {
                    "door": "D2",
                    "description": "The gravel road continues southwards.\n",
                    "keyword": "",
                    "locks": "0",
                    "key": "-1",
                    "u1_vnum": "3601"
                },
                {
                    "door": "D3",
                    "description": "The gravel path leads westwards between the dark evergreen trees.\n",
                    "keyword": "",
                    "locks": "0",
                    "key": "-1",
                    "u1_vnum": "3606"
                }
            ]
        },
        {
            "vnum": "3601",
            "name": "A Gravel Road in the Graveyard",
            "description": "You are on a well-kept gravel road that leads north-south through the\ngraveyard.  On both sides of the road grow dark evergreen trees.\n",
            "flags": "0",
            "sector": "2",
            "exits": [
                {
                    "door": "D0",
                    "description": "The gravel road continues northwards.\n",
                    "keyword": "",
                    "locks": "0",
                    "key": "-1",
                    "u1_vnum": "3600"
                },
                {
                    "door": "D2",
                    "description": "The gravel road continues southwards.\n",
                    "keyword": "",
                    "locks": "0",
                    "key": "-1",
                    "u1_vnum": "3602"
                }
            ]
        },
        {
            "vnum": "3602",
            "name": "A Gravel Road in the Graveyard",
            "description": "You are on a well-kept gravel road that leads north-south through the\ngraveyard.  On both sides of the road grow dark evergreen trees.\n",
            "flags": "0",
            "sector": "2",
            "exits": [
                {
                    "door": "D0",
                    "description": "The gravel road continues northwards.\n",
                    "keyword": "",
                    "locks": "0",
                    "key": "-1",
                    "u1_vnum": "3601"
                },
                {
                    "door": "D2",
                    "description": "The gravel road continues southwards.\n",
                    "keyword": "",
                    "locks": "0",
                    "key": "-1",
                    "u1_vnum": "3603"
                }
            ]
        },
        {
            "vnum": "3603",
            "name": "A Gravel Road in the Graveyard",
            "description": "You are on a well-kept gravel road that leads north-south through the\ngraveyard.  On both sides of the road grow dark evergreen trees.\n",
            "flags": "0",
            "sector": "2",
            "exits": [
                {
                    "door": "D0",
                    "description": "The gravel road continues northwards.\n",
                    "keyword": "",
                    "locks": "0",
                    "key": "-1",
                    "u1_vnum": "3602"
                },
                {
                    "door": "D2",
                    "description": "The gravel road continues southwards to an open space before a small\nbuilding.\n",
                    "keyword": "",
                    "locks": "0",
                    "key": "-1",
                    "u1_vnum": "3604"
                }
            ]
        },
        {
            "vnum": "3604",
            "name": "In front of the Chapel",
            "description": "You are on an open space before a small chapel.  A gravel road leads north\nthrough the graveyard and the chapel entrance is to the south.\n",
            "flags": "0",
            "sector": "2",
            "exits": [
                {
                    "door": "D0",
                    "description": "The gravel road continues northwards.\n",
                    "keyword": "",
                    "locks": "0",
                    "key": "-1",
                    "u1_vnum": "3603"
                },
                {
                    "door": "D1",
                    "description": "The gravel path leads eastwards between the dark evergreen trees.\n",
                    "keyword": "",
                    "locks": "0",
                    "key": "-1",
                    "u1_vnum": "3638"
                },
                {
                    "door": "D2",
                    "description": "The chapel door is made of dark wood.\n",
                    "keyword": "door",
                    "locks": "1",
                    "key": "-1",
                    "u1_vnum": "3405"
                },
                {
                    "door": "D3",
                    "description": "The gravel path leads westwards between the dark evergreen trees.\n",
                    "keyword": "",
                    "locks": "0",
                    "key": "-1",
                    "u1_vnum": "3618"
                }
            ]
        },
        {
            "vnum": "3606",
            "name": "A Gravel Path on the Graveyard",
            "description": "You are on a gravel path winding its way between dark evergreen trees on\nthe graveyard.  An old tomb is here.\n",
            "flags": "0",
            "sector": "2",
            "exits": [
                {
                    "door": "D1",
                    "description": "The gravel path continues eastwards towards a gravel road.\n",
                    "keyword": "",
                    "locks": "0",
                    "key": "-1",
                    "u1_vnum": "3600"
                },
                {
                    "door": "D2",
                    "description": "The gravel path continues southwards.\n",
                    "keyword": "",
                    "locks": "0",
                    "key": "-1",
                    "u1_vnum": "3608"
                },
                {
                    "door": "D5",
                    "description": "",
                    "keyword": "tomb stone",
                    "locks": "1",
                    "key": "-1",
                    "u1_vnum": "3607"
                }
            ],
            "extra_descriptions": [
                {
                    "keyword": "tomb stone",
                    "description": "It is a large rectangular slab of dark grey stone that has been placed face\nup in the ground.  The name has been erased by the ravages of time.\n"
                }
            ]
        },
        {
            "vnum": "3607",
            "name": "In a dusty Tomb",
            "description": "You are in a dark burial chamber beneath a large tomb stone.\nThe only exit appears to be up.\n",
            "flags": "AD",
            "sector": "1",
            "exits": [
                {
                    "door": "D4",
                    "description": "",
                    "keyword": "tomb stone",
                    "locks": "1",
                    "key": "-1",
                    "u1_vnum": "3606"
                }
            ]
        },
        {
            "vnum": "3608",
            "name": "A Gravel Path on the Graveyard",
            "description": "You are on a gravel path winding its way between dark evergreen trees on\nthe graveyard.  The path leads north and west.  An old tomb is here.\n",
            "flags": "0",
            "sector": "2",
            "exits": [
                {
                    "door": "D0",
                    "description": "The gravel path continues northwards.\n",
                    "keyword": "",
                    "locks": "0",
                    "key": "-1",
                    "u1_vnum": "3606"
                },
                {
                    "door": "D3",
                    "description": "The gravel path continues westwards.\n",
                    "keyword": "",
                    "locks": "0",
                    "key": "-1",
                    "u1_vnum": "3610"
                },
                {
                    "door": "D5",
                    "description": "",
                    "keyword": "tomb stone",
                    "locks": "1",
                    "key": "-1",
                    "u1_vnum": "3609"
                }
            ],
            "extra_descriptions": [
                {
                    "keyword": "tomb stone",
                    "description": "It is a large rectangular slab of dark grey stone that has been placed face\nup in the ground.  The name has been erased by the ravages of time.\n"
                }
            ]
        },
        {
            "vnum": "3609",
            "name": "In a dusty Tomb",
            "description": "You are in a dark burial chamber beneath a large tomb stone.\nThe only exit appears to be up.\n",
            "flags": "AD",
            "sector": "1",
            "exits": [
                {
                    "door": "D4",
                    "description": "",
                    "keyword": "tomb stone",
                    "locks": "1",
                    "key": "-1",
                    "u1_vnum": "3608"
                }
            ]
        },
        {
            "vnum": "3610",
            "name": "A Gravel Path on the Graveyard",
            "description": "You are on a gravel path winding its way between dark evergreen trees on\nthe graveyard.  The path leads east and south.  An old tomb is here.\n",
            "flags": "0",
            "sector": "2",
            "exits": [
                {
                    "door": "D1",
                    "description": "The gravel path continues eastwards.\n",
                    "keyword": "",
                    "locks": "0",
                    "key": "-1",
                    "u1_vnum": "3608"
                },
                {
                    "door": "D2",
                    "description": "The gravel path continues southwards.\n",
                    "keyword": "",
                    "locks": "0",
                    "key": "-1",
                    "u1_vnum": "3612"
                },
                {
                    "door": "D5",
                    "description": "",
                    "keyword": "tomb stone",
                    "locks": "1",
                    "key": "-1",
                    "u1_vnum": "3611"
                }
            ],
            "extra_descriptions": [
                {
                    "keyword": "tomb stone",
                    "description": "It is a large rectangular slab of dark grey stone that has been placed face\nup in the ground.  The name has been erased by the ravages of time.\n"
                }
            ]
        },
        {
            "vnum": "3611",
            "name": "In a dusty Tomb",
            "description": "You are in a dark burial chamber beneath a large tomb stone.\nThe only exit appears to be up.\n",
            "flags": "AD",
            "sector": "1",
            "exits": [
                {
                    "door": "D4",
                    "description": "",
                    "keyword": "tomb stone",
                    "locks": "1",
                    "key": "-1",
                    "u1_vnum": "3610"
                }
            ]
        },
        {
            "vnum": "3612",
            "name": "A Gravel Path on the Graveyard",
            "description": "You are on a gravel path winding its way between dark evergreen trees on\nthe graveyard.  The path leads north and east.  A small shed is to the west.\n",
            "flags": "0",
            "sector": "2",
            "exits": [
                {
                    "door": "D0",
                    "description": "The gravel path continues northwards.\n",
                    "keyword": "",
                    "locks": "0",
                    "key": "-1",
                    "u1_vnum": "3610"
                },
                {
                    "door": "D1",
                    "description": "The gravel path continues eastwards.\n",
                    "keyword": "",
                    "locks": "0",
                    "key": "-1",
                    "u1_vnum": "3614"
                },
                {
                    "door": "D3",
                    "description": "It is a small black-painted shed with a wooden door.\n",
                    "keyword": "door",
                    "locks": "1",
                    "key": "-1",
                    "u1_vnum": "3613"
                }
            ]
        },
        {
            "vnum": "3613",
            "name": "In a shed on the Graveyard",
            "description": "You are in a small shed that looks as if it is used to store all sorts of\ngardening equipment.  The only exit appears to be through a door to the east.\n",
            "flags": "D",
            "sector": "1",
            "exits": [
                {
                    "door": "D1",
                    "description": "",
                    "keyword": "door",
                    "locks": "1",
                    "key": "-1",
                    "u1_vnum": "3612"
                }
            ]
        },
        {
            "vnum": "3614",
            "name": "A Gravel Path on the Graveyard",
            "description": "You are on a gravel path winding its way between dark evergreen trees on\nthe graveyard.  The path leads south and west.  An old tomb is here.\n",
            "flags": "0",
            "sector": "2",
            "exits": [
                {
                    "door": "D2",
                    "description": "The gravel path continues southwards.\n",
                    "keyword": "",
                    "locks": "0",
                    "key": "-1",
                    "u1_vnum": "3616"
                },
                {
                    "door": "D3",
                    "description": "The gravel path continues westwards.\n",
                    "keyword": "",
                    "locks": "0",
                    "key": "-1",
                    "u1_vnum": "3612"
                },
                {
                    "door": "D5",
                    "description": "",
                    "keyword": "tomb stone",
                    "locks": "1",
                    "key": "-1",
                    "u1_vnum": "3615"
                }
            ],
            "extra_descriptions": [
                {
                    "keyword": "tomb stone",
                    "description": "It is a large rectangular slab of dark grey stone that has been placed face\nup in the ground.  The name has been erased by the ravages of time.\n"
                }
            ]
        },
        {
            "vnum": "3615",
            "name": "In a dusty Tomb",
            "description": "You are in a dark burial chamber beneath a large tomb stone.\nThe only exit appears to be up.\n",
            "flags": "AD",
            "sector": "1",
            "exits": [
                {
                    "door": "D4",
                    "description": "",
                    "keyword": "tomb stone",
                    "locks": "1",
                    "key": "-1",
                    "u1_vnum": "3614"
                }
            ]
        },
        {
            "vnum": "3616",
            "name": "A Gravel Path on the Graveyard",
            "description": "You are on a gravel path winding its way between dark evergreen trees on\nthe graveyard.  The path leads north and south.  An old tomb is here.\n",
            "flags": "0",
            "sector": "2",
            "exits": [
                {
                    "door": "D0",
                    "description": "The gravel path continues northwards.\n",
                    "keyword": "",
                    "locks": "0",
                    "key": "-1",
                    "u1_vnum": "3614"
                },
                {
                    "door": "D2",
                    "description": "The gravel path continues southwards.\n",
                    "keyword": "",
                    "locks": "0",
                    "key": "-1",
                    "u1_vnum": "3618"
                },
                {
                    "door": "D5",
                    "description": "",
                    "keyword": "tomb stone",
                    "locks": "1",
                    "key": "-1",
                    "u1_vnum": "3617"
                }
            ],
            "extra_descriptions": [
                {
                    "keyword": "tomb stone",
                    "description": "It is a large rectangular slab of dark grey stone that has been placed face\nup in the ground.  The name has been erased by the ravages of time.\n"
                }
            ]
        },
        {
            "vnum": "3617",
            "name": "In a dusty Tomb",
            "description": "You are in a dark burial chamber beneath a large tomb stone.\nThe only exit appears to be up.\n",
            "flags": "AD",
            "sector": "1",
            "exits": [
                {
                    "door": "D4",
                    "description": "",
                    "keyword": "tomb stone",
                    "locks": "1",
                    "key": "-1",
                    "u1_vnum": "3616"
                }
            ]
        },
        {
            "vnum": "3618",
            "name": "A Gravel Path on the Graveyard",
            "description": "You are on a gravel path winding its way between dark evergreen trees on\nthe graveyard.  The path leads north and east.  An old tomb is here.\n",
            "flags": "0",
            "sector": "2",
            "exits": [
                {
                    "door": "D0",
                    "description": "The gravel path continues northwards.\n",
                    "keyword": "",
                    "locks": "0",
                    "key": "-1",
                    "u1_vnum": "3616"
                },
                {
                    "door": "D1",
                    "description": "The gravel path continues eastwards towards a building of some sort.\n",
                    "keyword": "",
                    "locks": "0",
                    "key": "-1",
                    "u1_vnum": "3604"
                },
                {
                    "door": "D5",
                    "description": "",
                    "keyword": "tomb stone",
                    "locks": "1",
                    "key": "-1",
                    "u1_vnum": "3619"
                }
            ],
            "extra_descriptions": [
                {
                    "keyword": "tomb stone",
                    "description": "It is a large rectangular slab of dark grey stone that has been placed face\nup in the ground.  The name has been erased by the ravages of time.\n"
                }
            ]
        },
        {
            "vnum": "3619",
            "name": "In a dusty Tomb",
            "description": "You are in a dark burial chamber beneath a large tomb stone.\nThe only exit appears to be up.\n",
            "flags": "AD",
            "sector": "1",
            "exits": [
                {
                    "door": "D4",
                    "description": "",
                    "keyword": "tomb stone",
                    "locks": "1",
                    "key": "-1",
                    "u1_vnum": "3618"
                }
            ]
        },
        {
            "vnum": "3638",
            "name": "A Gravel Path on the Graveyard",
            "description": "You are on a gravel path winding its way between dark evergreen trees on\nthe graveyard.  The path leads north and west.  An old tomb is here.\n",
            "flags": "0",
            "sector": "2",
            "exits": [
                {
                    "door": "D0",
                    "description": "The gravel path continues northwards.\n",
                    "keyword": "",
                    "locks": "0",
                    "key": "-1",
                    "u1_vnum": "3640"
                },
                {
                    "door": "D3",
                    "description": "The gravel path continues westwards towards a building of some sort.\n",
                    "keyword": "",
                    "locks": "0",
                    "key": "-1",
                    "u1_vnum": "3604"
                },
                {
                    "door": "D5",
                    "description": "",
                    "keyword": "tomb stone",
                    "locks": "1",
                    "key": "-1",
                    "u1_vnum": "3639"
                }
            ],
            "extra_descriptions": [
                {
                    "keyword": "tomb stone",
                    "description": "It is a large rectangular slab of dark grey stone that has been placed face\nup in the ground.  The name has been erased by the ravages of time.\n"
                }
            ]
        },
        {
            "vnum": "3639",
            "name": "In a dusty Tomb",
            "description": "You are in a dark burial chamber beneath a large tomb stone.\nThe only exit appears to be up.\n",
            "flags": "AD",
            "sector": "1",
            "exits": [
                {
                    "door": "D4",
                    "description": "",
                    "keyword": "tomb stone",
                    "locks": "1",
                    "key": "-1",
                    "u1_vnum": "3638"
                }
            ]
        },
        {
            "vnum": "3640",
            "name": "A Gravel Path on the Graveyard",
            "description": "You are on a gravel path winding its way between dark evergreen trees on\nthe graveyard.  The path leads north and south.  An old tomb is here.\n",
            "flags": "0",
            "sector": "2",
            "exits": [
                {
                    "door": "D0",
                    "description": "The gravel path continues northwards.\n",
                    "keyword": "",
                    "locks": "0",
                    "key": "-1",
                    "u1_vnum": "3642"
                },
                {
                    "door": "D2",
                    "description": "The gravel path continues southwards.\n",
                    "keyword": "",
                    "locks": "0",
                    "key": "-1",
                    "u1_vnum": "3638"
                },
                {
                    "door": "D5",
                    "description": "",
                    "keyword": "tomb stone",
                    "locks": "1",
                    "key": "-1",
                    "u1_vnum": "3641"
                }
            ],
            "extra_descriptions": [
                {
                    "keyword": "tomb stone",
                    "description": "It is a large rectangular slab of dark grey stone that has been placed face\nup in the ground.  The name has been erased by the ravages of time.\n"
                }
            ]
        },
        {
            "vnum": "3641",
            "name": "In a dusty Tomb",
            "description": "You are in a dark burial chamber beneath a large tomb stone.\nThe only exit appears to be up.\n",
            "flags": "AD",
            "sector": "1",
            "exits": [
                {
                    "door": "D4",
                    "description": "",
                    "keyword": "tomb stone",
                    "locks": "1",
                    "key": "-1",
                    "u1_vnum": "3640"
                }
            ]
        },
        {
            "vnum": "3642",
            "name": "A Gravel Path on the Graveyard",
            "description": "You are on a gravel path winding its way between dark evergreen trees on\nthe graveyard.  The path leads east and south.  An old tomb is here.\n",
            "flags": "0",
            "sector": "2",
            "exits": [
                {
                    "door": "D1",
                    "description": "The gravel path continues eastwards.\n",
                    "keyword": "",
                    "locks": "0",
                    "key": "-1",
                    "u1_vnum": "3644"
                },
                {
                    "door": "D2",
                    "description": "The gravel path continues southwards.\n",
                    "keyword": "",
                    "locks": "0",
                    "key": "-1",
                    "u1_vnum": "3640"
                },
                {
                    "door": "D5",
                    "description": "",
                    "keyword": "tomb stone",
                    "locks": "1",
                    "key": "-1",
                    "u1_vnum": "3643"
                }
            ],
            "extra_descriptions": [
                {
                    "keyword": "tomb stone",
                    "description": "It is a large rectangular slab of dark grey stone that has been placed face\nup in the ground.  The name has been erased by the ravages of time.\n"
                }
            ]
        },
        {
            "vnum": "3643",
            "name": "In a dusty Tomb",
            "description": "You are in a dark burial chamber beneath a large tomb stone.\nThe only exit appears to be up.\n",
            "flags": "AD",
            "sector": "1",
            "exits": [
                {
                    "door": "D4",
                    "description": "",
                    "keyword": "tomb stone",
                    "locks": "1",
                    "key": "-1",
                    "u1_vnum": "3642"
                }
            ]
        },
        {
            "vnum": "3644",
            "name": "A Gravel Path on the Graveyard",
            "description": "You are on a gravel path winding its way between dark evergreen trees on\nthe graveyard.  The path leads north and west.  An old tomb is here.\n",
            "flags": "0",
            "sector": "2",
            "exits": [
                {
                    "door": "D0",
                    "description": "The gravel path continues northwards.\n",
                    "keyword": "",
                    "locks": "0",
                    "key": "-1",
                    "u1_vnum": "3646"
                },
                {
                    "door": "D3",
                    "description": "The gravel path continues westwards.\n",
                    "keyword": "",
                    "locks": "0",
                    "key": "-1",
                    "u1_vnum": "3642"
                },
                {
                    "door": "D5",
                    "description": "",
                    "keyword": "tomb stone",
                    "locks": "1",
                    "key": "-1",
                    "u1_vnum": "3645"
                }
            ],
            "extra_descriptions": [
                {
                    "keyword": "tomb stone",
                    "description": "It is a large rectangular slab of dark grey stone that has been placed face\nup in the ground.  The name has been erased by the ravages of time.\n"
                }
            ]
        },
        {
            "vnum": "3645",
            "name": "In a dusty Tomb",
            "description": "You are in a dark burial chamber beneath a large tomb stone.\nThe only exit appears to be up.\n",
            "flags": "AD",
            "sector": "1",
            "exits": [
                {
                    "door": "D4",
                    "description": "",
                    "keyword": "tomb stone",
                    "locks": "1",
                    "key": "-1",
                    "u1_vnum": "3644"
                }
            ]
        },
        {
            "vnum": "3646",
            "name": "A Gravel Path on the Graveyard",
            "description": "You are on a gravel path winding its way between dark evergreen trees on\nthe graveyard.  The path leads south and west.  An old tomb is here.\n",
            "flags": "0",
            "sector": "2",
            "exits": [
                {
                    "door": "D2",
                    "description": "The gravel path continues southwards.\n",
                    "keyword": "",
                    "locks": "0",
                    "key": "-1",
                    "u1_vnum": "3644"
                },
                {
                    "door": "D3",
                    "description": "The gravel path continues westwards.\n",
                    "keyword": "",
                    "locks": "0",
                    "key": "-1",
                    "u1_vnum": "3648"
                },
                {
                    "door": "D5",
                    "description": "",
                    "keyword": "tomb stone",
                    "locks": "1",
                    "key": "-1",
                    "u1_vnum": "3647"
                }
            ],
            "extra_descriptions": [
                {
                    "keyword": "tomb stone",
                    "description": "It is a large rectangular slab of dark grey stone that has been placed face\nup in the ground.  The name has been erased by the ravages of time.\n"
                }
            ]
        },
        {
            "vnum": "3647",
            "name": "In a dusty Tomb",
            "description": "You are in a dark burial chamber beneath a large tomb stone.\nThe only exit appears to be up.\n",
            "flags": "AD",
            "sector": "1",
            "exits": [
                {
                    "door": "D4",
                    "description": "",
                    "keyword": "tomb stone",
                    "locks": "1",
                    "key": "-1",
                    "u1_vnum": "3646"
                }
            ]
        },
        {
            "vnum": "3648",
            "name": "A Gravel Path on the Graveyard",
            "description": "You are on a gravel path winding its way between dark evergreen trees on\nthe graveyard.  The path leads north and east.  An old tomb is here.\n",
            "flags": "0",
            "sector": "2",
            "exits": [
                {
                    "door": "D0",
                    "description": "The gravel path continues northwards.\n",
                    "keyword": "",
                    "locks": "0",
                    "key": "-1",
                    "u1_vnum": "3650"
                },
                {
                    "door": "D1",
                    "description": "The gravel path continues eastwards.\n",
                    "keyword": "",
                    "locks": "0",
                    "key": "-1",
                    "u1_vnum": "3646"
                },
                {
                    "door": "D5",
                    "description": "",
                    "keyword": "tomb stone",
                    "locks": "1",
                    "key": "-1",
                    "u1_vnum": "3649"
                }
            ],
            "extra_descriptions": [
                {
                    "keyword": "tomb stone",
                    "description": "It is a large rectangular slab of dark grey stone that has been placed face\nup in the ground.  The name has been erased by the ravages of time.\n"
                }
            ]
        },
        {
            "vnum": "3649",
            "name": "In a dusty Tomb",
            "description": "You are in a dark burial chamber beneath a large tomb stone.\nThe only exit appears to be up.\n",
            "flags": "AD",
            "sector": "1",
            "exits": [
                {
                    "door": "D4",
                    "description": "",
                    "keyword": "tomb stone",
                    "locks": "1",
                    "key": "-1",
                    "u1_vnum": "3648"
                }
            ]
        },
        {
            "vnum": "3650",
            "name": "A Gravel Path on the Graveyard",
            "description": "You are on a gravel path winding its way between dark evergreen trees on\nthe graveyard.  The path leads south and west.  An old tomb is here.\n",
            "flags": "0",
            "sector": "2",
            "exits": [
                {
                    "door": "D2",
                    "description": "The gravel path continues southwards.\n",
                    "keyword": "",
                    "locks": "0",
                    "key": "-1",
                    "u1_vnum": "3648"
                },
                {
                    "door": "D3",
                    "description": "The gravel path continues westwards towards a gravel road.\n",
                    "keyword": "",
                    "locks": "0",
                    "key": "-1",
                    "u1_vnum": "3600"
                },
                {
                    "door": "D5",
                    "description": "",
                    "keyword": "tomb stone",
                    "locks": "1",
                    "key": "-1",
                    "u1_vnum": "3651"
                }
            ],
            "extra_descriptions": [
                {
                    "keyword": "tomb stone",
                    "description": "It is a large rectangular slab of dark grey stone that has been placed face\nup in the ground.  The name has been erased by the ravages of time.\n"
                }
            ]
        },
        {
            "vnum": "3651",
            "name": "In a dusty Tomb",
            "description": "You are in a dark burial chamber beneath a large tomb stone.\nThe only exit appears to be up.\n",
            "flags": "AD",
            "sector": "1",
            "exits": [
                {
                    "door": "D4",
                    "description": "",
                    "keyword": "tomb stone",
                    "locks": "1",
                    "key": "-1",
                    "u1_vnum": "3650"
                }
            ]
        }
    ],
    "resets": [
        {
            "command": "D",
            "arg1": "3124",
            "arg2": "2",
            "arg3": "2"
        },
        {
            "command": "D",
            "arg1": "3600",
            "arg2": "0",
            "arg3": "1"
        },
        {
            "command": "D",
            "arg1": "3604",
            "arg2": "2",
            "arg3": "1"
        },
        {
            "command": "D",
            "arg1": "3606",
            "arg2": "5",
            "arg3": "1"
        },
        {
            "command": "D",
            "arg1": "3607",
            "arg2": "4",
            "arg3": "1"
        },
        {
            "command": "O",
            "arg1": "3610",
            "arg2": "13",
            "arg3": "3607"
        },
        {
            "command": "D",
            "arg1": "3608",
            "arg2": "5",
            "arg3": "1"
        },
        {
            "command": "D",
            "arg1": "3609",
            "arg2": "4",
            "arg3": "1"
        },
        {
            "command": "M",
            "arg1": "3603",
            "arg2": "4",
            "arg3": "3609",
            "arg4": "1"
        },
        {
            "command": "D",
            "arg1": "3610",
            "arg2": "5",
            "arg3": "1"
        },
        {
            "command": "D",
            "arg1": "3611",
            "arg2": "4",
            "arg3": "1"
        },
        {
            "command": "M",
            "arg1": "3603",
            "arg2": "4",
            "arg3": "3611",
            "arg4": "1"
        },
        {
            "command": "O",
            "arg1": "3613",
            "arg2": "10",
            "arg3": "3611"
        },
        {
            "command": "D",
            "arg1": "3612",
            "arg2": "3",
            "arg3": "1"
        },
        {
            "command": "D",
            "arg1": "3613",
            "arg2": "1",
            "arg3": "1"
        },
        {
            "command": "M",
            "arg1": "3600",
            "arg2": "1",
            "arg3": "3613",
            "arg4": "1"
        },
        {
            "command": "G",
            "arg1": "3601",
            "arg2": "-1"
        },
        {
            "command": "O",
            "arg1": "3602",
            "arg2": "-1",
            "arg3": "3613"
        },
        {
            "command": "O",
            "arg1": "3603",
            "arg2": "1",
            "arg3": "3613"
        },
        {
            "command": "O",
            "arg1": "3604",
            "arg2": "-1",
            "arg3": "3613"
        },
        {
            "command": "O",
            "arg1": "3605",
            "arg2": "-1",
            "arg3": "3613"
        },
        {
            "command": "D",
            "arg1": "3614",
            "arg2": "5",
            "arg3": "1"
        },
        {
            "command": "D",
            "arg1": "3615",
            "arg2": "4",
            "arg3": "1"
        },
        {
            "command": "O",
            "arg1": "3610",
            "arg2": "13",
            "arg3": "3615"
        },
        {
            "command": "D",
            "arg1": "3616",
            "arg2": "5",
            "arg3": "1"
        },
        {
            "command": "D",
            "arg1": "3617",
            "arg2": "4",
            "arg3": "1"
        },
        {
            "command": "M",
            "arg1": "3602",
            "arg2": "1",
            "arg3": "3617",
            "arg4": "1"
        },
        {
            "command": "G",
            "arg1": "3612",
            "arg2": "-1"
        },
        {
            "command": "D",
            "arg1": "3618",
            "arg2": "5",
            "arg3": "1"
        },
        {
            "command": "D",
            "arg1": "3619",
            "arg2": "4",
            "arg3": "1"
        },
        {
            "command": "O",
            "arg1": "3610",
            "arg2": "13",
            "arg3": "3619"
        },
        {
            "command": "D",
            "arg1": "3638",
            "arg2": "5",
            "arg3": "1"
        },
        {
            "command": "D",
            "arg1": "3639",
            "arg2": "4",
            "arg3": "1"
        },
        {
            "command": "M",
            "arg1": "3603",
            "arg2": "4",
            "arg3": "3639",
            "arg4": "1"
        },
        {
            "command": "D",
            "arg1": "3640",
            "arg2": "5",
            "arg3": "1"
        },
        {
            "command": "D",
            "arg1": "3641",
            "arg2": "4",
            "arg3": "1"
        },
        {
            "command": "O",
            "arg1": "3610",
            "arg2": "13",
            "arg3": "3641"
        },
        {
            "command": "D",
            "arg1": "3642",
            "arg2": "5",
            "arg3": "1"
        },
        {
            "command": "D",
            "arg1": "3643",
            "arg2": "4",
            "arg3": "1"
        },
        {
            "command": "O",
            "arg1": "3603",
            "arg2": "5",
            "arg3": "3643"
        },
        {
            "command": "D",
            "arg1": "3644",
            "arg2": "5",
            "arg3": "1"
        },
        {
            "command": "D",
            "arg1": "3645",
            "arg2": "4",
            "arg3": "1"
        },
        {
            "command": "M",
            "arg1": "3601",
            "arg2": "1",
            "arg3": "3645",
            "arg4": "1"
        },
        {
            "command": "G",
            "arg1": "3611",
            "arg2": "-1"
        },
        {
            "command": "D",
            "arg1": "3646",
            "arg2": "5",
            "arg3": "1"
        },
        {
            "command": "D",
            "arg1": "3647",
            "arg2": "4",
            "arg3": "1"
        },
        {
            "command": "O",
            "arg1": "3610",
            "arg2": "13",
            "arg3": "3647"
        },
        {
            "command": "D",
            "arg1": "3648",
            "arg2": "5",
            "arg3": "1"
        },
        {
            "command": "D",
            "arg1": "3649",
            "arg2": "4",
            "arg3": "1"
        },
        {
            "command": "M",
            "arg1": "3603",
            "arg2": "4",
            "arg3": "3649",
            "arg4": "1"
        },
        {
            "command": "D",
            "arg1": "3650",
            "arg2": "5",
            "arg3": "1"
        },
        {
            "command": "D",
            "arg1": "3651",
            "arg2": "4",
            "arg3": "1"
        },
        {
            "command": "M",
            "arg1": "3604",
            "arg2": "4",
            "arg3": "3606",
            "arg4": "1"
        },
        {
            "command": "M",
            "arg1": "3604",
            "arg2": "4",
            "arg3": "3604",
            "arg4": "1"
        },
        {
            "command": "M",
            "arg1": "3604",
            "arg2": "4",
            "arg3": "3612",
            "arg4": "1"
        },
        {
            "command": "M",
            "arg1": "3604",
            "arg2": "4",
            "arg3": "3640",
            "arg4": "1"
        },
        {
            "command": "M",
            "arg1": "3605",
            "arg2": "3",
            "arg3": "3651",
            "arg4": "1"
        },
        {
            "command": "M",
            "arg1": "3605",
            "arg2": "3",
            "arg3": "3644",
            "arg4": "1"
        },
        {
            "command": "M",
            "arg1": "3605",
            "arg2": "3",
            "arg3": "3638",
            "arg4": "1"
        }
    ],
    "shops": [],
    "specials": [
        {
            "vnum": "3601",
            "spec_fun": "spec_cast_undead"
        },
        {
            "vnum": "3602",
            "spec_fun": "spec_cast_undead"
        },
        {
            "vnum": "3603",
            "spec_fun": "spec_cast_undead"
        },
        {
            "vnum": "3604",
            "spec_fun": "spec_cast_undead"
        },
        {
            "vnum": "3605",
            "spec_fun": "spec_cast_undead"
        }
    ]
}