{
    "area": {
        "file": "Invader.are",
        "name": "Invader",
        "low_range": "90",
        "high_range": "100",
        "writer": "Asena",
        "credits": "Unknown land",
        "min_vnum": "560",
        "max_vnum": "569"
    },
    "mobiles": [
        {
            "vnum": "560",
            "name": "keeper guardian invader",
            "short_description": "the invader guardian",
            "long_description": "The invader guardian is here, serving his cabal.\n",
            "description": "This strong serves as the guardian of the Invader Cabal. His mission is\nto destroy anyone who dares to penatrate into the chamber.\n",
            "race": "human",
            "act": "ABJKWe",
            "affected_by": "DFHJVZ",
            "alignment": "-1000",
            "group": "0",
            "level": "92",
            "hitroll": "40",
            "hit_dice": "2d500+25000",
            "mana_dice": "1d200+600",
            "dam_dice": "10d40+50",
            "dam_type": "slash",
            "ac_pierce": "-77",
            "ac_bash": "-77",
            "ac_slash": "-77",
            "ac_exotic": "-42",
            "off_flags": "ACEFIKNOU",
            "imm_flags": "AB",
            "res_flags": "0",
            "vuln_flags": "S",
            "start_pos": "stand",
            "default_pos": "stand",
            "sex": "male",
            "wealth": "5000",
            "form": "0",
            "parts": "0",
            "size": "medium",
            "material": "0"
        },
        {
            "vnum": "561",
            "name": "evil cleric cabal invader",
            "short_description": "the evil cleric",
            "long_description": "The dark cleric is healing and refreshing his invader brothers.\n",
            "description": "This cleric is one most powerful clerics in this realms. He saw all the\nlands being raided. In spite of his old age, he stills serves for his\ncabal. In his way, now he's using his powers to heal and refresh his cabal\nmates, waiting the day when he is going to have the chance to invade the\nwhole Realms of Anatolia as in the history.\n",
            "race": "human",
            "act": "ABQVae",
            "affected_by": "DFH",
            "alignment": "-1000",
            "group": "0",
            "level": "90",
            "hitroll": "0",
            "hit_dice": "1d1+28999",
            "mana_dice": "1d1+999",
            "dam_dice": "2d14+30",
            "dam_type": "magic",
            "ac_pierce": "-85",
            "ac_bash": "-85",
            "ac_slash": "-85",
            "ac_exotic": "-15",
            "off_flags": "FHIK",
            "imm_flags": "ABC",
            "res_flags": "D",
            "vuln_flags": "0",
            "start_pos": "stand",
            "default_pos": "stand",
            "sex": "male",
            "wealth": "1000",
            "form": "0",
            "parts": "0",
            "size": "medium",
            "material": "0"
        }
    ],
    "objects": [
        {
            "vnum": "560",
            "name": "gray altar skull container",
            "short_description": "the skull",
            "description": "On the altar you see the skull with gray bones.",
            "material": "bone",
            "type": "container",
            "extra_flags": "CEORY",
            "wear_flags": "P",
            "values": "10 15 562 15 100",
            "level": "60",
            "weight": "2",
            "cost": "20",
            "condition": "P"
        },
        {
            "vnum": "561",
            "name": "globe sphere",
            "short_description": "the nothing globe",
            "description": "A small, sphere shaped unexistance area floats in the air.",
            "material": "unknown",
            "type": "treasure",
            "extra_flags": "CETO",
            "wear_flags": "AO",
            "values": "0 0 0 0 0",
            "level": "60",
            "weight": "2",
            "cost": "10000",
            "condition": "P"
        },
        {
            "vnum": "562",
            "name": "skull grayish jaw",
            "short_description": "grayish jaw of a skull",
            "description": "A gray jaw of a skull.",
            "material": "bone",
            "type": "key",
            "extra_flags": "CEORY",
            "wear_flags": "A",
            "values": "0 0 0 0 0",
            "level": "40",
            "weight": "2",
            "cost": "0",
            "condition": "P"
        },
        {
            "vnum": "563",
            "name": "white object portal",
            "short_description": "Magical White Portal",
            "description": "A magically created white object casts strange shadows across the clearing.",
            "material": "energy",
            "type": "portal",
            "extra_flags": "AO",
            "wear_flags": "0",
            "values": "0 0 B 560 0",
            "level": "0",
            "weight": "0",
            "cost": "0",
            "condition": "P"
        },
        {
            "vnum": "564",
            "name": "dark object portal",
            "short_description": "Dark Portal",
            "description": "A magically created dark object casts strange shadows across the clearing.",
            "material": "energy",
            "type": "portal",
            "extra_flags": "AO",
            "wear_flags": "0",
            "values": "0 0 E 0 0",
            "level": "0",
            "weight": "0",
            "cost": "0",
            "condition": "P"
        },
        {
            "vnum": "565",
            "name": "green object portal",
            "short_description": "Magical Green Portal",
            "description": "A magically created green object casts strange shadows across the clearing.",
            "material": "energy",
            "type": "portal",
            "extra_flags": "AO",
            "wear_flags": "0",
            "values": "0 0 B 3124 0",
            "level": "0",
            "weight": "0",
            "cost": "0",
            "condition": "P"
        }
    ],
    "rooms": [
        {
            "vnum": "560",
            "name": "The Well",
            "description": "You are standing near a ruined stone well blocked by a big boulder on\nthe well mouth. A cold breeze of fear, sweeps your face, as you feel the \nshadows watching you!\n",
            "flags": "ACD",
            "sector": "0",
            "exits": [
                {
                    "door": "D0",
                    "description": "This direction leads back to store room of sewers.\n",
                    "keyword": "",
                    "locks": "0",
                    "key": "-1",
                    "u1_vnum": "16081"
                },
                {
                    "door": "D5",
                    "description": "A dim light of a flickering torch hits the southern wall of the well, \nfar down the stone pipe.\n",
                    "keyword": "enterance",
                    "locks": "3",
                    "key": "-1",
                    "u1_vnum": "561"
                }
            ]
        },
        {
            "vnum": "561",
            "name": "Bottom of the Well",
            "description": "This place is dimly lit by a flickering torch from a doorway leading north.\nA shadow from fire light dances on the far northern wall, which seems to \nbelong a strong human. Better consider going further, and climb back the \nwell.\n",
            "flags": "ACD",
            "sector": "0",
            "exits": [
                {
                    "door": "D0",
                    "description": "The doorway leads to a well lit chamber. On the wall is a huge shadow.\n",
                    "keyword": "",
                    "locks": "0",
                    "key": "-1",
                    "u1_vnum": "562"
                },
                {
                    "door": "D4",
                    "description": "You can only see the opening of the well.\n",
                    "keyword": "enterance",
                    "locks": "3",
                    "key": "-1",
                    "u1_vnum": "560"
                }
            ]
        },
        {
            "vnum": "562",
            "name": "The bottomless pit",
            "description": "You fall, forever downwards into the bottomless pit. About you blackness\nraces, with no sign of a wall for support. You look up and see the same\nnothingness as you do downward. What awaits you at the bottom? Will you\never reach it?\n",
            "flags": "ADN",
            "sector": "0",
            "exits": [
                {
                    "door": "D5",
                    "description": "Falling further into the black pit\n",
                    "keyword": "",
                    "locks": "0",
                    "key": "0",
                    "u1_vnum": "564"
                }
            ]
        },
        {
            "vnum": "563",
            "name": "The bottomless pit",
            "description": "You fall, forever downwards into the bottomless pit. About you blackness\nraces, with no sign of a wall for support. You look up and see the same\nnothingness as you do downward. What awaits you at the bottom? Will you\never reach it?\n",
            "flags": "ADN",
            "sector": "0",
            "exits": [
                {
                    "door": "D5",
                    "description": "Falling further into the black pit\n",
                    "keyword": "",
                    "locks": "0",
                    "key": "0",
                    "u1_vnum": "564"
                }
            ]
        },
        {
            "vnum": "564",
            "name": "The bottomless pit",
            "description": "You fall, forever downwards into the bottomless pit. About you blackness\nraces, with no sign of a wall for support. You look up and see the same\nnothingness as you do downward. What awaits you at the bottom? Will you\never reach it?\n",
            "flags": "ADN",
            "sector": "0",
            "exits": [
                {
                    "door": "D5",
                    "description": "Falling further into the black pit\n",
                    "keyword": "",
                    "locks": "0",
                    "key": "0",
                    "u1_vnum": "565"
                }
            ]
        },
        {
            "vnum": "565",
            "name": "The bottomless pit",
            "description": "You fall, forever downwards into the bottomless pit. About you blackness\nraces, with no sign of a wall for support. You look up and see the same\nnothingness as you do downward. What awaits you at the bottom? Will you\never reach it?\n",
            "flags": "ADN",
            "sector": "0",
            "exits": [
                {
                    "door": "D5",
                    "description": "Falling further into the black pit\n",
                    "keyword": "",
                    "locks": "0",
                    "key": "0",
                    "u1_vnum": "566"
                }
            ]
        },
        {
            "vnum": "566",
            "name": "The bottomless pit",
            "description": "You fall, forever downwards into the bottomless pit. About you blackness\nraces, with no sign of a wall for support. You look up and see the same\nnothingness as you do downward. What awaits you at the bottom? Will you\never reach it? Desperately you pray for deliverence- you dont know if you\nhave been heard.\n",
            "flags": "AD",
            "sector": "0",
            "exits": [
                {
                    "door": "D5",
                    "description": "Falling further into the black pit or to the death.\n",
                    "keyword": "",
                    "locks": "0",
                    "key": "0",
                    "u1_vnum": "567"
                }
            ]
        },
        {
            "vnum": "567",
            "name": "Shadowy chambers",
            "description": "You are inside chamber, with dancing shadows on the walls. The walls are\nalmost black in colour. It's as if it has been burnt by a powerful spell.\nThe walls has small cracks along it and there are many symbols on them,\nmostly about death, eg. skulls, demon claws, fangs...\n",
            "flags": "ADX",
            "sector": "0",
            "exits": [
                {
                    "door": "D0",
                    "description": "It's dark to tell anything.\n",
                    "keyword": "",
                    "locks": "5",
                    "key": "-1",
                    "u1_vnum": "568"
                },
                {
                    "door": "D1",
                    "description": "It's dark to tell anything.\n",
                    "keyword": "",
                    "locks": "0",
                    "key": "-1",
                    "u1_vnum": "567"
                },
                {
                    "door": "D2",
                    "description": "It's too dark to tell anything.\n",
                    "keyword": "",
                    "locks": "0",
                    "key": "-1",
                    "u1_vnum": "569"
                },
                {
                    "door": "D3",
                    "description": "It's dark to tell anything.\n",
                    "keyword": "",
                    "locks": "0",
                    "key": "-1",
                    "u1_vnum": "567"
                }
            ]
        },
        {
            "vnum": "568",
            "name": "The Pentagram",
            "description": "Now, you have stepped into a large chamber hewn of black stone. A black\naltar rises from the space between the line in the center of pentagram. At\nthe center of the pentagram, you see a human skull is on a huge altar. The\nroom is lit by many candles  on the step surrounding the room. On the east\nwall is a large skin sheet with blood script on it. The title with big\nletters reads ' The Brotherhood of Invader's '. On the west wall there is\na black stone with blood script on it. The title with big letters reads  \n'Death Angel'.\n",
            "flags": "ADX",
            "sector": "0",
            "mana_rate": [
                "110"
            ],
            "exits": [
                {
                    "door": "D2",
                    "description": "You see the dark corridor.\n",
                    "keyword": "",
                    "locks": "0",
                    "key": "-1",
                    "u1_vnum": "567"
                }
            ]
        },
        {
            "vnum": "569",
            "name": "The Battle Field",
            "description": "Most probably you fled here, if you are not a cabal member of INVADERS.\nThus the darkness of the room horrifies you. While waiting the time\nthat your adrenalin will calm down, you want to rest. But you know that\nthis place is NOT the safe place to rest. Because it is Battle Field of\nINVADERS!\n",
            "flags": "ADX",
            "sector": "0",
            "heal_rate": [
                "50"
            ],
            "mana_rate": [
                "50"
            ],
            "exits": [
                {
                    "door": "D0",
                    "description": "You see the dark corridor.\n",
                    "keyword": "",
                    "locks": "0",
                    "key": "-1",
                    "u1_vnum": "567"
                }
            ]
        }
    ],
    "resets": [
        {
            "command": "M",
            "arg1": "561",
            "arg2": "1",
            "arg3": "568",
            "arg4": "1"
        },
        {
            "command": "M",
            "arg1": "560",
            "arg2": "1",
            "arg3": "567",
            "arg4": "1"
        },
        {
            "command": "E",
            "arg1": "562",
            "arg2": "0",
            "arg3": "11"
        },
        {
            "command": "O",
            "arg1": "560",
            "arg2": "1",
            "arg3": "568"
        },
        {
            "command": "P",
            "arg1": "561",
            "arg2": "1",
            "arg3": "560",
            "arg4": "1"
        },
        {
            "command": "D",
            "arg1": "561",
            "arg2": "4",
            "arg3": "1"
        },
        {
            "command": "D",
            "arg1": "560",
            "arg2": "5",
            "arg3": "1"
        },
        {
            "command": "O",
            "arg1": "563",
            "arg2": "1",
            "arg3": "568"
        },
        {
            "command": "O",
            "arg1": "564",
            "arg2": "1",
            "arg3": "568"
        },
        {
            "command": "O",
            "arg1": "565",
            "arg2": "1",
            "arg3": "568"
        }
    ],
    "shops": [],
    "specials": [
        {
            "vnum": "560",
            "spec_fun": "spec_fight_invader"
        },
        {
            "vnum": "561",
            "spec_fun": "spec_cast_cabal"
        }
    ],
    "omprogs": [
        {
            "command": "O",
            "vnum": "561",
            "progtype": "get_prog",
            "progname": "get_prog_cabal_item"
        },
        {
            "command": "O",
            "vnum": "561",
            "progtype": "sac_prog",
            "progname": "sac_prog_cabal_item"
        },
        {
            "command": "M",
            "vnum": "560",
            "progtype": "greet_prog",
            "progname": "greet_prog_invader"
        }
    ],
    "practicers": [
        {
            "vnum": "560",
            "practicer": "group_cabal"
        }
    ]
}