{
    "area": {
        "file": "jher.are",
        "name": "Lair of Jher",
        "low_range": "35",
        "high_range": "55",
        "writer": "Garth",
        "credits": "Lair of Jher",
        "min_vnum": "32700",
        "max_vnum": "32725"
    },
    "mobiles": [
        {
            "vnum": "32700",
            "name": "Jher",
            "short_description": "Jher",
            "long_description": "Jher looks into your eyes, and freezes you with his stare.\n",
            "description": "You feel incredibly overwhelmed by the power in this evil man's eyes.\n",
            "race": "human",
            "act": "2|4|8|64",
            "affected_by": "8|32|128|512|8192",
            "alignment": "0",
            "group": "0",
            "level": "53",
            "hitroll": "0",
            "hit_dice": "50d10+5000",
            "mana_dice": "5d5+5000",
            "dam_dice": "6d7+21",
            "dam_type": "punch",
            "ac_pierce": "-23",
            "ac_bash": "-23",
            "ac_slash": "-23",
            "ac_exotic": "-1",
            "off_flags": "EFIJK",
            "imm_flags": "0",
            "res_flags": "0",
            "vuln_flags": "0",
            "start_pos": "stand",
            "default_pos": "stand",
            "sex": "male",
            "wealth": "0",
            "form": "0",
            "parts": "0",
            "size": "medium",
            "material": "0"
        },
        {
            "vnum": "32701",
            "name": "warg young",
            "short_description": "a young warg",
            "long_description": "A young warg notices you and grins evilly.\n",
            "description": "He has been waiting for you to practice his newly learned skill of thievery.\n",
            "race": "oldstyle",
            "act": "4|64|128|262144",
            "affected_by": "8|32|512|32768",
            "alignment": "0",
            "group": "0",
            "level": "32",
            "hitroll": "0",
            "hit_dice": "10d10+1000",
            "mana_dice": "5d5+1000",
            "dam_dice": "6d4+9",
            "dam_type": "none",
            "ac_pierce": "-10",
            "ac_bash": "-10",
            "ac_slash": "-10",
            "ac_exotic": "3",
            "off_flags": "EFIKN",
            "imm_flags": "0",
            "res_flags": "0",
            "vuln_flags": "0",
            "start_pos": "stand",
            "default_pos": "stand",
            "sex": "male",
            "wealth": "0",
            "form": "0",
            "parts": "0",
            "size": "medium",
            "material": "0"
        },
        {
            "vnum": "32702",
            "name": "knanath",
            "short_description": "Knanath",
            "long_description": "Knanath, Jher's pet, bares his fangs as he lunges at your throat.\n",
            "description": "If Knanath hasn't ripped your throat out by now, he must not be hungry.\n",
            "race": "fido",
            "act": "2|4|32|64",
            "affected_by": "2|8|32|512",
            "alignment": "0",
            "group": "0",
            "level": "43",
            "hitroll": "0",
            "hit_dice": "25d10+2500",
            "mana_dice": "5d5+1000",
            "dam_dice": "3d12+15",
            "dam_type": "beating",
            "ac_pierce": "-15",
            "ac_bash": "-15",
            "ac_slash": "-15",
            "ac_exotic": "2",
            "off_flags": "EFI",
            "imm_flags": "0",
            "res_flags": "0",
            "vuln_flags": "0",
            "start_pos": "stand",
            "default_pos": "stand",
            "sex": "male",
            "wealth": "0",
            "form": "0",
            "parts": "0",
            "size": "medium",
            "material": "0"
        },
        {
            "vnum": "32703",
            "name": "adult mother warg",
            "short_description": "warg mother",
            "long_description": "An adult warg stands here surrounded by small warg children.\n",
            "description": "Stay away from her children or she will protect them more viciously than you \ncould imagine.\n",
            "race": "oldstyle",
            "act": "4|64",
            "affected_by": "8|32|512",
            "alignment": "0",
            "group": "0",
            "level": "40",
            "hitroll": "0",
            "hit_dice": "15d10+1850",
            "mana_dice": "5d5+1000",
            "dam_dice": "4d8+13",
            "dam_type": "bite",
            "ac_pierce": "-13",
            "ac_bash": "-13",
            "ac_slash": "-13",
            "ac_exotic": "3",
            "off_flags": "EFI",
            "imm_flags": "0",
            "res_flags": "0",
            "vuln_flags": "0",
            "start_pos": "stand",
            "default_pos": "stand",
            "sex": "female",
            "wealth": "0",
            "form": "0",
            "parts": "0",
            "size": "medium",
            "material": "0"
        },
        {
            "vnum": "32704",
            "name": "warg father",
            "short_description": "warg father",
            "long_description": "A large warg stands here looking for anything to attack for fun.\n",
            "description": "Don't mess with this beast, he will kill you before you can scream.\n",
            "race": "oldstyle",
            "act": "4|64",
            "affected_by": "8|32|512|32768",
            "alignment": "0",
            "group": "0",
            "level": "42",
            "hitroll": "0",
            "hit_dice": "25d10+2250",
            "mana_dice": "5d5+1000",
            "dam_dice": "3d12+14",
            "dam_type": "bite",
            "ac_pierce": "-14",
            "ac_bash": "-14",
            "ac_slash": "-14",
            "ac_exotic": "3",
            "off_flags": "EFI",
            "imm_flags": "0",
            "res_flags": "0",
            "vuln_flags": "0",
            "start_pos": "stand",
            "default_pos": "stand",
            "sex": "male",
            "wealth": "0",
            "form": "0",
            "parts": "0",
            "size": "medium",
            "material": "0"
        },
        {
            "vnum": "32705",
            "name": "young hungry warg",
            "short_description": "the young hungry warg",
            "long_description": "A young warg huddles under the light of the torch and sucks on a bone.\n",
            "description": "He looks at you and licks his chops.  Obviously he would rather suck on you.\n",
            "race": "oldstyle",
            "act": "2|4|64|128",
            "affected_by": "0",
            "alignment": "0",
            "group": "0",
            "level": "35",
            "hitroll": "0",
            "hit_dice": "10d10+1300",
            "mana_dice": "5d5+1000",
            "dam_dice": "4d7+11",
            "dam_type": "charge",
            "ac_pierce": "-11",
            "ac_bash": "-11",
            "ac_slash": "-11",
            "ac_exotic": "3",
            "off_flags": "EFI",
            "imm_flags": "0",
            "res_flags": "0",
            "vuln_flags": "0",
            "start_pos": "stand",
            "default_pos": "stand",
            "sex": "male",
            "wealth": "0",
            "form": "0",
            "parts": "0",
            "size": "medium",
            "material": "0"
        },
        {
            "vnum": "32706",
            "name": "snake",
            "short_description": "the snake",
            "long_description": "A snake senses your fear with his tongue as he wraps himself around your legs.\n",
            "description": "You see venom dripping off its fangs.\n",
            "race": "snake",
            "act": "2|32|64",
            "affected_by": "8|32|512",
            "alignment": "0",
            "group": "0",
            "level": "20",
            "hitroll": "0",
            "hit_dice": "3d9+333",
            "mana_dice": "5d5+1000",
            "dam_dice": "2d8+5",
            "dam_type": "shbite",
            "ac_pierce": "-4",
            "ac_bash": "-4",
            "ac_slash": "-4",
            "ac_exotic": "5",
            "off_flags": "FH",
            "imm_flags": "L",
            "res_flags": "0",
            "vuln_flags": "I",
            "start_pos": "stand",
            "default_pos": "stand",
            "sex": "none",
            "wealth": "0",
            "form": "0",
            "parts": "0",
            "size": "small",
            "material": "0"
        },
        {
            "vnum": "32707",
            "name": "beorn",
            "short_description": "Beorn",
            "long_description": "A huge black bear is hidden in the shadows.\n",
            "description": "Beorn looks at you and says 'will you help me kill Jher?'\n",
            "race": "bear",
            "act": "64",
            "affected_by": "8|32|128|512|8192|32768|65536|1048576",
            "alignment": "0",
            "group": "0",
            "level": "47",
            "hitroll": "0",
            "hit_dice": "25d10+3500",
            "mana_dice": "5d5+1000",
            "dam_dice": "6d6+17",
            "dam_type": "claw",
            "ac_pierce": "-17",
            "ac_bash": "-17",
            "ac_slash": "-17",
            "ac_exotic": "2",
            "off_flags": "CDEFIK",
            "imm_flags": "0",
            "res_flags": "0",
            "vuln_flags": "0",
            "start_pos": "stand",
            "default_pos": "stand",
            "sex": "male",
            "wealth": "0",
            "form": "0",
            "parts": "0",
            "size": "large",
            "material": "0"
        },
        {
            "vnum": "32708",
            "name": "bat",
            "short_description": "the bat",
            "long_description": "A bat swoops down at your face.\n",
            "description": "You can see his black eyes, and hear his sonic screech as he judges the \ndistance between it and you.\n",
            "race": "oldstyle",
            "act": "32|64",
            "affected_by": "8|32|512|524288",
            "alignment": "0",
            "group": "0",
            "level": "34",
            "hitroll": "0",
            "hit_dice": "10d10+1200",
            "mana_dice": "5d5+1000",
            "dam_dice": "4d7+10",
            "dam_type": "charge",
            "ac_pierce": "-11",
            "ac_bash": "-11",
            "ac_slash": "-11",
            "ac_exotic": "3",
            "off_flags": "F",
            "imm_flags": "0",
            "res_flags": "0",
            "vuln_flags": "0",
            "start_pos": "stand",
            "default_pos": "stand",
            "sex": "none",
            "wealth": "0",
            "form": "0",
            "parts": "0",
            "size": "small",
            "material": "0"
        },
        {
            "vnum": "32709",
            "name": "Htrag warg breeder",
            "short_description": "Htrag",
            "long_description": "Htrag is here tending to the newly born warg litter.\n",
            "description": "Htrag looks back at you and flashes his fangs because he knows what he and \nthese new pups will feast on.\n",
            "race": "oldstyle",
            "act": "2|64",
            "affected_by": "8|32|128|512",
            "alignment": "0",
            "group": "0",
            "level": "40",
            "hitroll": "0",
            "hit_dice": "15d10+1850",
            "mana_dice": "5d5+1000",
            "dam_dice": "4d8+13",
            "dam_type": "bite",
            "ac_pierce": "-13",
            "ac_bash": "-13",
            "ac_slash": "-13",
            "ac_exotic": "3",
            "off_flags": "EFI",
            "imm_flags": "0",
            "res_flags": "0",
            "vuln_flags": "0",
            "start_pos": "stand",
            "default_pos": "stand",
            "sex": "male",
            "wealth": "0",
            "form": "0",
            "parts": "0",
            "size": "medium",
            "material": "0"
        },
        {
            "vnum": "32710",
            "name": "female warg breeder",
            "short_description": "the female warg",
            "long_description": "A female warg shies against the far wall of the cage.\n",
            "description": "She growls at you and screams for help.\n",
            "race": "oldstyle",
            "act": "2|4|64",
            "affected_by": "8|32|512",
            "alignment": "0",
            "group": "0",
            "level": "35",
            "hitroll": "0",
            "hit_dice": "10d10+1300",
            "mana_dice": "5d5+1000",
            "dam_dice": "4d7+11",
            "dam_type": "bite",
            "ac_pierce": "-11",
            "ac_bash": "-11",
            "ac_slash": "-11",
            "ac_exotic": "3",
            "off_flags": "EFI",
            "imm_flags": "0",
            "res_flags": "0",
            "vuln_flags": "0",
            "start_pos": "stand",
            "default_pos": "stand",
            "sex": "female",
            "wealth": "0",
            "form": "0",
            "parts": "0",
            "size": "medium",
            "material": "0"
        },
        {
            "vnum": "32711",
            "name": "male warg breeder",
            "short_description": "the male warg",
            "long_description": "The male breeder warg jumps to rip your throat out.\n",
            "description": "You see a creature with huge fangs dripping drool.  He is covered in matted \nbrown hair and his eyes glow.\n",
            "race": "oldstyle",
            "act": "2|4|32|64",
            "affected_by": "8|32|512",
            "alignment": "0",
            "group": "0",
            "level": "40",
            "hitroll": "0",
            "hit_dice": "15d10+1850",
            "mana_dice": "5d5+1000",
            "dam_dice": "4d8+13",
            "dam_type": "bite",
            "ac_pierce": "-13",
            "ac_bash": "-13",
            "ac_slash": "-13",
            "ac_exotic": "3",
            "off_flags": "EFI",
            "imm_flags": "0",
            "res_flags": "0",
            "vuln_flags": "0",
            "start_pos": "stand",
            "default_pos": "stand",
            "sex": "male",
            "wealth": "0",
            "form": "0",
            "parts": "0",
            "size": "medium",
            "material": "0"
        },
        {
            "vnum": "32712",
            "name": "Sapth slave",
            "short_description": "Sapth",
            "long_description": "Sapth, Jher's slave, looks to you for help.\n",
            "description": "His eyes are pleading for someone to free him from Jher's bondage.\n",
            "race": "human",
            "act": "4|64|128",
            "affected_by": "8|32|256|512",
            "alignment": "0",
            "group": "0",
            "level": "35",
            "hitroll": "0",
            "hit_dice": "10d10+1300",
            "mana_dice": "5d5+1000",
            "dam_dice": "4d7+11",
            "dam_type": "punch",
            "ac_pierce": "-11",
            "ac_bash": "-11",
            "ac_slash": "-11",
            "ac_exotic": "3",
            "off_flags": "EFI",
            "imm_flags": "0",
            "res_flags": "0",
            "vuln_flags": "0",
            "start_pos": "stand",
            "default_pos": "stand",
            "sex": "male",
            "wealth": "0",
            "form": "0",
            "parts": "0",
            "size": "medium",
            "material": "0"
        },
        {
            "vnum": "32713",
            "name": "left huge warg guard",
            "short_description": "the guard",
            "long_description": "A huge warg stands to the left of the door guarding whatever is inside.\n",
            "description": "Obviously a warrior, this beast was bred to fight and kill.\n",
            "race": "oldstyle",
            "act": "ABCGT",
            "affected_by": "8|32|512",
            "alignment": "0",
            "group": "0",
            "level": "40",
            "hitroll": "0",
            "hit_dice": "15d10+1850",
            "mana_dice": "5d5+1000",
            "dam_dice": "4d8+13",
            "dam_type": "pound",
            "ac_pierce": "-13",
            "ac_bash": "-13",
            "ac_slash": "-13",
            "ac_exotic": "3",
            "off_flags": "CDEFIKTU",
            "imm_flags": "0",
            "res_flags": "0",
            "vuln_flags": "0",
            "start_pos": "stand",
            "default_pos": "stand",
            "sex": "male",
            "wealth": "0",
            "form": "0",
            "parts": "0",
            "size": "large",
            "material": "0"
        },
        {
            "vnum": "32714",
            "name": "right huge warg guard",
            "short_description": "the guard",
            "long_description": "A huge warg stands to the right of the door guarding whatever is inside.\n",
            "description": "Obviously a warrior, this beast was bred to fight and kill.\n",
            "race": "oldstyle",
            "act": "ABCGT",
            "affected_by": "8|32|512",
            "alignment": "0",
            "group": "0",
            "level": "42",
            "hitroll": "0",
            "hit_dice": "25d10+2250",
            "mana_dice": "5d5+1000",
            "dam_dice": "3d12+14",
            "dam_type": "pound",
            "ac_pierce": "-14",
            "ac_bash": "-14",
            "ac_slash": "-14",
            "ac_exotic": "3",
            "off_flags": "CDEFIKTU",
            "imm_flags": "0",
            "res_flags": "0",
            "vuln_flags": "0",
            "start_pos": "stand",
            "default_pos": "stand",
            "sex": "male",
            "wealth": "0",
            "form": "0",
            "parts": "0",
            "size": "large",
            "material": "0"
        },
        {
            "vnum": "32715",
            "name": "shaanh",
            "short_description": "Shaanh",
            "long_description": "Shaanh, Jher's love slave, cowers in the corner.\n",
            "description": "She is wearing close to nothing and she has marks and slashes all over her \nbody from some unthinkable torture.\n",
            "race": "human",
            "act": "64|128",
            "affected_by": "8|32|256|512|65536",
            "alignment": "0",
            "group": "0",
            "level": "37",
            "hitroll": "0",
            "hit_dice": "10d10+1500",
            "mana_dice": "5d5+1000",
            "dam_dice": "3d10+12",
            "dam_type": "slap",
            "ac_pierce": "-12",
            "ac_bash": "-12",
            "ac_slash": "-12",
            "ac_exotic": "3",
            "off_flags": "EIK",
            "imm_flags": "0",
            "res_flags": "0",
            "vuln_flags": "0",
            "start_pos": "stand",
            "default_pos": "stand",
            "sex": "female",
            "wealth": "0",
            "form": "0",
            "parts": "0",
            "size": "medium",
            "material": "0"
        },
        {
            "vnum": "32716",
            "name": "fish hideous one-eyed",
            "short_description": "the hideous one-eyed fish",
            "long_description": "A hideous creature with one blind eye and a huge mouth swims between your legs.\n",
            "description": "The fish is disgusting.  It has one clouded eye, but it can sense you're there \nbecause of your distinct smell.\n",
            "race": "human",
            "act": "64|128",
            "affected_by": "8|32|512",
            "alignment": "0",
            "group": "0",
            "level": "38",
            "hitroll": "0",
            "hit_dice": "10d10+1600",
            "mana_dice": "5d5+1000",
            "dam_dice": "5d6+12",
            "dam_type": "charge",
            "ac_pierce": "-13",
            "ac_bash": "-13",
            "ac_slash": "-13",
            "ac_exotic": "3",
            "off_flags": "EF",
            "imm_flags": "0",
            "res_flags": "0",
            "vuln_flags": "0",
            "start_pos": "stand",
            "default_pos": "stand",
            "sex": "none",
            "wealth": "0",
            "form": "0",
            "parts": "0",
            "size": "medium",
            "material": "0"
        }
    ],
    "old_objects": [
        {
            "vnum": "32700",
            "name": "pile of gold",
            "short_description": "a pile of gold",
            "description": "A small glistening pile of gold catches your eye.",
            "type": "20",
            "extra_flags": "1",
            "wear_flags": "1",
            "values": "10000 0 0 0 ",
            "weight": "0",
            "cost": "0"
        },
        {
            "vnum": "32701",
            "name": "bone key",
            "short_description": "a key made of bone",
            "description": "A hard white key was left on the floor.",
            "type": "18",
            "extra_flags": "0",
            "wear_flags": "1|16384",
            "values": "0 0 0 0 ",
            "weight": "1",
            "cost": "0"
        },
        {
            "vnum": "32702",
            "name": "breeding formula",
            "short_description": "breeding formula",
            "description": "Special warg breeding formula was left here.",
            "type": "10",
            "extra_flags": "64",
            "wear_flags": "1",
            "values": "35 39 28 28 ",
            "weight": "0",
            "cost": "0"
        },
        {
            "vnum": "32703",
            "name": "curved dagger jher's",
            "short_description": "Jher's curved dagger",
            "description": "Jher's evil curved dagger is here glowing.",
            "type": "5",
            "extra_flags": "1|2|64|512",
            "wear_flags": "1|8192",
            "values": "0 0 0 11 ",
            "weight": "3",
            "cost": "0",
            "affects_a": [
                {
                    "location": "12",
                    "modifier": "120"
                },
                {
                    "location": "19",
                    "modifier": "10"
                },
                {
                    "location": "13",
                    "modifier": "100"
                },
                {
                    "location": "4",
                    "modifier": "2"
                },
                {
                    "location": "1",
                    "modifier": "-1"
                }
            ]
        },
        {
            "vnum": "32704",
            "name": "breeding formula",
            "short_description": "breeding formula",
            "description": "Special warg breeding formula was left here.",
            "type": "10",
            "extra_flags": "64",
            "wear_flags": "1",
            "values": "35 1 28 12 ",
            "weight": "0",
            "cost": "0"
        },
        {
            "vnum": "32705",
            "name": "breeding formula",
            "short_description": "breeding formula",
            "description": "Special warg breeding formula was left here.",
            "type": "10",
            "extra_flags": "64",
            "wear_flags": "1|16384",
            "values": "35 42 4 38 ",
            "weight": "0",
            "cost": "0",
            "affects_a": [
                {
                    "location": "19",
                    "modifier": "5"
                },
                {
                    "location": "13",
                    "modifier": "25"
                }
            ]
        },
        {
            "vnum": "32706",
            "name": "beorn's fury",
            "short_description": "Beorn's fury",
            "description": "A huge set of teeth are rotting like a skull in the desert.",
            "type": "5",
            "extra_flags": "64|1024|4096",
            "wear_flags": "1|8192",
            "values": "0 0 0 10 ",
            "weight": "2",
            "cost": "0",
            "affects_a": [
                {
                    "location": "18",
                    "modifier": "5"
                },
                {
                    "location": "19",
                    "modifier": "8"
                }
            ]
        },
        {
            "vnum": "32707",
            "name": "key",
            "short_description": "large brass key",
            "description": "A large brass key shimmers here.",
            "type": "18",
            "extra_flags": "0",
            "wear_flags": "1|16384",
            "values": "0 0 0 0 ",
            "weight": "1",
            "cost": "0"
        },
        {
            "vnum": "32708",
            "name": "throne",
            "short_description": "the throne",
            "description": "A huge golden throne covered in jewels.",
            "type": "12",
            "extra_flags": "1",
            "wear_flags": "0",
            "values": "0 0 0 0 ",
            "weight": "5",
            "cost": "0"
        },
        {
            "vnum": "32709",
            "name": "key jewel topaz",
            "short_description": "a key made of topaz",
            "description": "A key made of some fine cut amber colored jewell is on the floor.",
            "type": "18",
            "extra_flags": "1|128",
            "wear_flags": "1",
            "values": "0 0 0 0 ",
            "weight": "5",
            "cost": "0"
        },
        {
            "vnum": "32710",
            "name": "carved ebony figurine",
            "short_description": "a carved ebony figurine",
            "description": "You can barely make out a small black rock under all the dust.",
            "type": "18",
            "extra_flags": "32",
            "wear_flags": "1",
            "values": "0 0 0 0 ",
            "weight": "0",
            "cost": "0"
        },
        {
            "vnum": "32711",
            "name": "dusty golden trunk chest",
            "short_description": "the golden chest",
            "description": "A large dusty trunk was left in the corner, looks like a good place to sit.",
            "type": "15",
            "extra_flags": "64",
            "wear_flags": "0",
            "values": "100 15 9910 0 ",
            "weight": "5",
            "cost": "0"
        },
        {
            "vnum": "32712",
            "name": "diamond bracelet",
            "short_description": "a diamond bracelet",
            "description": "A diamond bracelet sparkles here.",
            "type": "9",
            "extra_flags": "1|32|64",
            "wear_flags": "1|4096",
            "values": "5 0 0 0 ",
            "weight": "5",
            "cost": "0",
            "affects_a": [
                {
                    "location": "12",
                    "modifier": "50"
                }
            ]
        },
        {
            "vnum": "32713",
            "name": "broken scroll",
            "short_description": "a broken scroll",
            "description": "A bound roll of paper is hidden here.",
            "type": "2",
            "extra_flags": "2",
            "wear_flags": "1",
            "values": "50 28 42 81 ",
            "weight": "5",
            "cost": "0"
        },
        {
            "vnum": "32714",
            "name": "glowing zapath necklace",
            "short_description": "a glowing zapath necklace",
            "description": "A necklace carved from a blood red stone was left here.",
            "type": "9",
            "extra_flags": "1|64|512|4096",
            "wear_flags": "1|4",
            "values": "7 0 0 0 ",
            "weight": "1",
            "cost": "0",
            "affects_a": [
                {
                    "location": "14",
                    "modifier": "100"
                },
                {
                    "location": "19",
                    "modifier": "4"
                }
            ]
        },
        {
            "vnum": "32715",
            "name": "gold pill coin",
            "short_description": "a gold coin",
            "description": "A small gold coin catches your eye here.",
            "type": "26",
            "extra_flags": "1",
            "wear_flags": "1",
            "values": "0 19 -1 -1 ",
            "weight": "5",
            "cost": "0"
        }
    ],
    "rooms": [
        {
            "vnum": "32700",
            "name": "Descent into the Lair of Jher",
            "description": "As you descend deeper into the lair, you hear the sound of howling \nwargs.  You feel a tingling in your back, and the hair on the back of your \nneck stands on end.\n",
            "flags": "1",
            "sector": "3",
            "exits": [
                {
                    "door": "D1",
                    "description": "",
                    "keyword": "",
                    "locks": "0",
                    "key": "-1",
                    "u1_vnum": "32702"
                },
                {
                    "door": "D2",
                    "description": "",
                    "keyword": "",
                    "locks": "0",
                    "key": "-1",
                    "u1_vnum": "32701"
                },
                {
                    "door": "D4",
                    "description": "",
                    "keyword": "",
                    "locks": "0",
                    "key": "-1",
                    "u1_vnum": "14791"
                }
            ]
        },
        {
            "vnum": "32701",
            "name": "Mouth of a Cave",
            "description": "You see an eerie crack in the mountain face.  Some strange power \ncreates an urge to explore further.\n",
            "flags": "1",
            "sector": "3",
            "exits": [
                {
                    "door": "D0",
                    "description": "",
                    "keyword": "",
                    "locks": "0",
                    "key": "-1",
                    "u1_vnum": "32700"
                }
            ]
        },
        {
            "vnum": "32702",
            "name": "Descent into the Lair of Jher",
            "description": "As you descend deeper into this realm of unknown, you sense an \nimpending danger and reconsider your travel into the darkness.  Only if you \nare among the strong will you continue.\n",
            "flags": "1",
            "sector": "2",
            "exits": [
                {
                    "door": "D3",
                    "description": "",
                    "keyword": "",
                    "locks": "0",
                    "key": "-1",
                    "u1_vnum": "32700"
                },
                {
                    "door": "D5",
                    "description": "",
                    "keyword": "",
                    "locks": "0",
                    "key": "-1",
                    "u1_vnum": "32703"
                }
            ]
        },
        {
            "vnum": "32703",
            "name": "A Room in the Cave",
            "description": "This room is lit by torches, but even brighter are the eyes of the \nwargs that come to this room to feast.  These creatures are unique because \nthey are continuously hungry.  This is not a good place to be.  Your gaze \npasses from a young warg's glowing eyes to his drooling mouth.\n",
            "flags": "8",
            "sector": "2",
            "exits": [
                {
                    "door": "D2",
                    "description": "",
                    "keyword": "",
                    "locks": "0",
                    "key": "-1",
                    "u1_vnum": "32704"
                },
                {
                    "door": "D3",
                    "description": "",
                    "keyword": "",
                    "locks": "0",
                    "key": "-1",
                    "u1_vnum": "32706"
                },
                {
                    "door": "D4",
                    "description": "",
                    "keyword": "",
                    "locks": "0",
                    "key": "-1",
                    "u1_vnum": "32702"
                }
            ]
        },
        {
            "vnum": "32704",
            "name": "A Room in the Cave",
            "description": "This room stinks of warg defecation.  The room is also scattered about \nwith bones from old kills.  One dim torch in the corner provides the only \nlight.  You feel very frightened.  As you look in disgust at the bones, you can\nsee the traces of a trapdoor underneath.\n",
            "flags": "8",
            "sector": "2",
            "exits": [
                {
                    "door": "D0",
                    "description": "",
                    "keyword": "",
                    "locks": "0",
                    "key": "-1",
                    "u1_vnum": "32703"
                },
                {
                    "door": "D5",
                    "description": "A trapdoor is buried under a pile of bones.",
                    "keyword": "trapdoor",
                    "locks": "1",
                    "key": "-1",
                    "u1_vnum": "32705"
                }
            ]
        },
        {
            "vnum": "32705",
            "name": "Small Treasure Room",
            "description": "Before you came along this room had not seen light since Jher was only \na young man studying the ways of taming the wild.  Your eyes are stunned by a \nglistening pile of gold at your feet.  Once you can pry your eyes away from \nthe pile of gold, you notice the snakes slithering up and around your legs.\n",
            "flags": "1|8",
            "sector": "2",
            "exits": [
                {
                    "door": "D4",
                    "description": "",
                    "keyword": "",
                    "locks": "1",
                    "key": "-1",
                    "u1_vnum": "32704"
                }
            ]
        },
        {
            "vnum": "32706",
            "name": "An Unlit Hallway",
            "description": "As you journey deeper into the cave, the sounds of howling get louder. \nHowever, the only thing you can hear is the sound of your pounding heart.  The \nhallway continues west, but you also see a crack you may be able to pass \nthrough to the south.  You hear the sound of bats flapping overhead.\n",
            "flags": "1|8",
            "sector": "2",
            "exits": [
                {
                    "door": "D1",
                    "description": "",
                    "keyword": "",
                    "locks": "0",
                    "key": "-1",
                    "u1_vnum": "32703"
                },
                {
                    "door": "D2",
                    "description": "",
                    "keyword": "",
                    "locks": "0",
                    "key": "-1",
                    "u1_vnum": "32707"
                },
                {
                    "door": "D3",
                    "description": "",
                    "keyword": "",
                    "locks": "0",
                    "key": "-1",
                    "u1_vnum": "32712"
                }
            ]
        },
        {
            "vnum": "32707",
            "name": "A Crack in the Wall",
            "description": "For some unknown reason, you have decided to explore this crack.  The \nthing you never know about caves is when you might fall into a bottomless pit.\nYou hear the dripping of an underground stream, and think about the horrible \nthings that may be swimming or growing in it.\n",
            "flags": "1|4|8",
            "sector": "2",
            "exits": [
                {
                    "door": "D0",
                    "description": "",
                    "keyword": "",
                    "locks": "0",
                    "key": "-1",
                    "u1_vnum": "32706"
                },
                {
                    "door": "D3",
                    "description": "",
                    "keyword": "",
                    "locks": "0",
                    "key": "-1",
                    "u1_vnum": "32708"
                }
            ]
        },
        {
            "vnum": "32708",
            "name": "The Disgusting Underground Pool",
            "description": "You find youself up to your waist in muck.  The stench is overwhelming \nand you have the urge to vomit, but are afraid what creatures that might \nattract.\n",
            "flags": "1|8",
            "sector": "6",
            "exits": [
                {
                    "door": "D1",
                    "description": "",
                    "keyword": "",
                    "locks": "0",
                    "key": "-1",
                    "u1_vnum": "32707"
                },
                {
                    "door": "D2",
                    "description": "",
                    "keyword": "",
                    "locks": "0",
                    "key": "-1",
                    "u1_vnum": "32709"
                },
                {
                    "door": "D3",
                    "description": "",
                    "keyword": "",
                    "locks": "0",
                    "key": "-1",
                    "u1_vnum": "32711"
                }
            ]
        },
        {
            "vnum": "32709",
            "name": "The Disgusting Underground Pool",
            "description": "You are waist deep in muck.  The stench is overwhelming.\n",
            "flags": "1|8",
            "sector": "6",
            "exits": [
                {
                    "door": "D0",
                    "description": "",
                    "keyword": "",
                    "locks": "0",
                    "key": "-1",
                    "u1_vnum": "32708"
                },
                {
                    "door": "D3",
                    "description": "",
                    "keyword": "",
                    "locks": "0",
                    "key": "-1",
                    "u1_vnum": "32710"
                }
            ]
        },
        {
            "vnum": "32710",
            "name": "The Disgusting Underground Pool",
            "description": "You are waist deep in muck.  The stench is overwhelming.\n",
            "flags": "1|8",
            "sector": "6",
            "exits": [
                {
                    "door": "D0",
                    "description": "",
                    "keyword": "",
                    "locks": "0",
                    "key": "-1",
                    "u1_vnum": "32711"
                },
                {
                    "door": "D1",
                    "description": "",
                    "keyword": "",
                    "locks": "0",
                    "key": "-1",
                    "u1_vnum": "32709"
                }
            ]
        },
        {
            "vnum": "32711",
            "name": "The Disgusting Underground Pool",
            "description": "You are waist deep in muck.  The stench is overwhelming.\n",
            "flags": "1|8",
            "sector": "6",
            "exits": [
                {
                    "door": "D1",
                    "description": "",
                    "keyword": "",
                    "locks": "0",
                    "key": "-1",
                    "u1_vnum": "32708"
                },
                {
                    "door": "D2",
                    "description": "",
                    "keyword": "",
                    "locks": "0",
                    "key": "-1",
                    "u1_vnum": "32710"
                }
            ]
        },
        {
            "vnum": "32712",
            "name": "An Unlit Hallway",
            "description": "The celing of this hall is getting higher.  You do not have to be in a \ncrouch as you walk.  As you straighten your back and look ahead you see the \nmost hideous thing you have ever seen.\n",
            "flags": "4|8",
            "sector": "2",
            "exits": [
                {
                    "door": "D1",
                    "description": "",
                    "keyword": "",
                    "locks": "0",
                    "key": "-1",
                    "u1_vnum": "32706"
                },
                {
                    "door": "D3",
                    "description": "",
                    "keyword": "",
                    "locks": "0",
                    "key": "-1",
                    "u1_vnum": "32713"
                }
            ]
        },
        {
            "vnum": "32713",
            "name": "Breeding Room",
            "description": "You see two cages, one to the north, and one to the south.  The \nscreaming and howling from the two cages blend together into a terrifying \nsound which brings you to the border of insanity.\n",
            "flags": "8",
            "sector": "2",
            "exits": [
                {
                    "door": "D0",
                    "description": "",
                    "keyword": "",
                    "locks": "1",
                    "key": "32701",
                    "u1_vnum": "32715"
                },
                {
                    "door": "D1",
                    "description": "",
                    "keyword": "",
                    "locks": "0",
                    "key": "-1",
                    "u1_vnum": "32712"
                },
                {
                    "door": "D2",
                    "description": "",
                    "keyword": "",
                    "locks": "1",
                    "key": "32701",
                    "u1_vnum": "32714"
                },
                {
                    "door": "D3",
                    "description": "",
                    "keyword": "",
                    "locks": "0",
                    "key": "-1",
                    "u1_vnum": "32716"
                }
            ]
        },
        {
            "vnum": "32714",
            "name": "The Male Warg Holding Cage",
            "description": "The animals in this cage, jump at you as you open the cage door.  The \ndoor you just opened provides the fastest route to the female cage across the \nroom.  These disgusting wargs never get enough of two things, food and female \nwargs.  You may have just provided them with both.\n",
            "flags": "1|8",
            "sector": "2",
            "exits": [
                {
                    "door": "D0",
                    "description": "",
                    "keyword": "",
                    "locks": "1",
                    "key": "32701",
                    "u1_vnum": "32713"
                }
            ]
        },
        {
            "vnum": "32715",
            "name": "The Female Warg Holding Cage",
            "description": "These female wargs are in absolute terror of the males in the cage \nacross the room.  As you entered this cage, they mistake you for a male sent \nin to proliferate the dirty warg race.  However once they realize it is only \nyou, they try to remember when the last time they ate was.\n",
            "flags": "1|8",
            "sector": "2",
            "exits": [
                {
                    "door": "D2",
                    "description": "",
                    "keyword": "",
                    "locks": "1",
                    "key": "-1",
                    "u1_vnum": "32713"
                }
            ]
        },
        {
            "vnum": "32716",
            "name": "A Further Descent",
            "description": "This path is totally devoid of light.  As you keep walking west you \nbump into a slimy wall and by feeling determine that the tunnel now turns \nsouthward.\n",
            "flags": "1|8",
            "sector": "2",
            "exits": [
                {
                    "door": "D1",
                    "description": "",
                    "keyword": "",
                    "locks": "0",
                    "key": "-1",
                    "u1_vnum": "32713"
                },
                {
                    "door": "D2",
                    "description": "",
                    "keyword": "",
                    "locks": "0",
                    "key": "-1",
                    "u1_vnum": "32717"
                }
            ]
        },
        {
            "vnum": "32717",
            "name": "A Further Descent",
            "description": "After making the turn southwards, you are dismayed to discover that \nonce again the tunnel goes down.  But you are comforted because you know that \nyou have at least made it this far alive.\n",
            "flags": "1|8",
            "sector": "2",
            "exits": [
                {
                    "door": "D0",
                    "description": "",
                    "keyword": "",
                    "locks": "0",
                    "key": "-1",
                    "u1_vnum": "32716"
                },
                {
                    "door": "D5",
                    "description": "",
                    "keyword": "",
                    "locks": "0",
                    "key": "-1",
                    "u1_vnum": "32718"
                }
            ]
        },
        {
            "vnum": "32718",
            "name": "The Passage to the Throne Room",
            "description": "As you reach the bottom of your climb you straighten up and look \nnorthwards.  There is a huge wood and iron door, with a round brass handle.  \nThere are two large warg warriors standing guard at either side of this door.\nTo get by, you will either have to kill them or sneak by and pick the lock.\n",
            "flags": "1|8",
            "sector": "2",
            "exits": [
                {
                    "door": "D0",
                    "description": "",
                    "keyword": "",
                    "locks": "1",
                    "key": "32707",
                    "u1_vnum": "32719"
                },
                {
                    "door": "D4",
                    "description": "",
                    "keyword": "",
                    "locks": "0",
                    "key": "-1",
                    "u1_vnum": "32717"
                }
            ]
        },
        {
            "vnum": "32719",
            "name": "Southern end of the Throne Room",
            "description": "This must be a throne room.  The ruler of these wargs must be very \nwealthy, but he also must be cruel to live in such luxury while all his slaves \nsuffer.\n",
            "flags": "8",
            "sector": "2",
            "exits": [
                {
                    "door": "D0",
                    "description": "",
                    "keyword": "",
                    "locks": "0",
                    "key": "-1",
                    "u1_vnum": "32720"
                },
                {
                    "door": "D2",
                    "description": "",
                    "keyword": "",
                    "locks": "1",
                    "key": "-1",
                    "u1_vnum": "32718"
                }
            ]
        },
        {
            "vnum": "32720",
            "name": "Northern End of the Throne Room",
            "description": "There is a huge throne made of the finest gold and glistening with the \nfinest jewels.  Even with all this brightness, you are overwhelmed by darkness,\nfor Jher sits on the throne.\n",
            "flags": "8",
            "sector": "2",
            "exits": [
                {
                    "door": "D0",
                    "description": "",
                    "keyword": "",
                    "locks": "2",
                    "key": "32709",
                    "u1_vnum": "32721"
                },
                {
                    "door": "D2",
                    "description": "",
                    "keyword": "",
                    "locks": "0",
                    "key": "-1",
                    "u1_vnum": "32719"
                }
            ]
        },
        {
            "vnum": "32721",
            "name": "Jher's Bedroom",
            "description": "This is where Jher sleeps.  To avoid the chance of the wargs attacking \nhim in anger while he sleeps, he specially bred Knanath to protect him.  The \nbedroom is dark, for Jher loves the darkness.  Above the bed you see a hole to \nanother tunnel.  This was to be his escape route if was ever trapped in his \nroom.\n",
            "flags": "1|8",
            "sector": "1",
            "exits": [
                {
                    "door": "D2",
                    "description": "",
                    "keyword": "",
                    "locks": "2",
                    "key": "-1",
                    "u1_vnum": "32720"
                },
                {
                    "door": "D4",
                    "description": "",
                    "keyword": "",
                    "locks": "0",
                    "key": "-1",
                    "u1_vnum": "32722"
                }
            ]
        },
        {
            "vnum": "32722",
            "name": "Tunnel Above Jher's Bedroom",
            "description": "This tunnel has never been used because Jher never had the need.  \nAfter the climb up here, it levels off and turns south.\n",
            "flags": "1|8",
            "sector": "3",
            "exits": [
                {
                    "door": "D2",
                    "description": "",
                    "keyword": "",
                    "locks": "0",
                    "key": "-1",
                    "u1_vnum": "32723"
                },
                {
                    "door": "D5",
                    "description": "",
                    "keyword": "",
                    "locks": "0",
                    "key": "-1",
                    "u1_vnum": "32721"
                }
            ]
        },
        {
            "vnum": "32723",
            "name": "A Small Tunnel",
            "description": "Since Jher had never used this tunnel, he never paid any attention to \nits upkeep.  You have to crawl now, and as you crawl, you seem to be ascending.\n",
            "flags": "1|8",
            "sector": "3",
            "exits": [
                {
                    "door": "D0",
                    "description": "",
                    "keyword": "",
                    "locks": "0",
                    "key": "-1",
                    "u1_vnum": "32722"
                },
                {
                    "door": "D2",
                    "description": "",
                    "keyword": "",
                    "locks": "0",
                    "key": "-1",
                    "u1_vnum": "32724"
                }
            ]
        },
        {
            "vnum": "32724",
            "name": "The Secret Room",
            "description": "When you finally make it to this room, you are incredibly exhausted.  \nYou sit down to rest on an old trunk.  As you sit, you brush aside some dust \non the trunk.  The shine from your light off the golden chest is blinding.  As \nyou try to open it, you realize in disappointment that it is locked.  \nHowever \nif you look around, you may find something hidden that will open it.\n",
            "flags": "1|4|8|8192",
            "sector": "3"
        }
    ],
    "resets": [
        {
            "command": "M",
            "arg1": "32703",
            "arg2": "1",
            "arg3": "32703",
            "arg4": "1"
        },
        {
            "command": "M",
            "arg1": "32701",
            "arg2": "2",
            "arg3": "32703",
            "arg4": "1"
        },
        {
            "command": "M",
            "arg1": "32704",
            "arg2": "1",
            "arg3": "32703",
            "arg4": "1"
        },
        {
            "command": "M",
            "arg1": "32705",
            "arg2": "1",
            "arg3": "32704",
            "arg4": "1"
        },
        {
            "command": "D",
            "arg1": "32704",
            "arg2": "5",
            "arg3": "1"
        },
        {
            "command": "D",
            "arg1": "32705",
            "arg2": "4",
            "arg3": "1"
        },
        {
            "command": "M",
            "arg1": "32706",
            "arg2": "2",
            "arg3": "32705",
            "arg4": "1"
        },
        {
            "command": "O",
            "arg1": "32700",
            "arg2": "100",
            "arg3": "32705"
        },
        {
            "command": "M",
            "arg1": "32708",
            "arg2": "2",
            "arg3": "32706",
            "arg4": "1"
        },
        {
            "command": "M",
            "arg1": "32708",
            "arg2": "1",
            "arg3": "32708",
            "arg4": "1"
        },
        {
            "command": "M",
            "arg1": "32708",
            "arg2": "1",
            "arg3": "32710",
            "arg4": "1"
        },
        {
            "command": "D",
            "arg1": "32715",
            "arg2": "2",
            "arg3": "1"
        },
        {
            "command": "D",
            "arg1": "32713",
            "arg2": "0",
            "arg3": "2"
        },
        {
            "command": "D",
            "arg1": "32714",
            "arg2": "0",
            "arg3": "1"
        },
        {
            "command": "M",
            "arg1": "32709",
            "arg2": "1",
            "arg3": "32713",
            "arg4": "1"
        },
        {
            "command": "E",
            "arg1": "32701",
            "arg2": "1",
            "arg3": "17"
        },
        {
            "command": "M",
            "arg1": "32710",
            "arg2": "2",
            "arg3": "32715",
            "arg4": "1"
        },
        {
            "command": "M",
            "arg1": "32711",
            "arg2": "2",
            "arg3": "32714",
            "arg4": "1"
        },
        {
            "command": "M",
            "arg1": "32712",
            "arg2": "1",
            "arg3": "32717",
            "arg4": "1"
        },
        {
            "command": "M",
            "arg1": "32714",
            "arg2": "1",
            "arg3": "32718",
            "arg4": "1"
        },
        {
            "command": "M",
            "arg1": "32713",
            "arg2": "1",
            "arg3": "32718",
            "arg4": "1"
        },
        {
            "command": "D",
            "arg1": "32718",
            "arg2": "0",
            "arg3": "2"
        },
        {
            "command": "D",
            "arg1": "32719",
            "arg2": "2",
            "arg3": "1"
        },
        {
            "command": "D",
            "arg1": "32713",
            "arg2": "2",
            "arg3": "2"
        },
        {
            "command": "M",
            "arg1": "32700",
            "arg2": "1",
            "arg3": "32720",
            "arg4": "1"
        },
        {
            "command": "E",
            "arg1": "32703",
            "arg2": "100",
            "arg3": "16"
        },
        {
            "command": "G",
            "arg1": "32709",
            "arg2": "100"
        },
        {
            "command": "O",
            "arg1": "32708",
            "arg2": "100",
            "arg3": "32720"
        },
        {
            "command": "M",
            "arg1": "32702",
            "arg2": "1",
            "arg3": "32721",
            "arg4": "1"
        },
        {
            "command": "D",
            "arg1": "32720",
            "arg2": "0",
            "arg3": "2"
        },
        {
            "command": "D",
            "arg1": "32721",
            "arg2": "2",
            "arg3": "1"
        },
        {
            "command": "O",
            "arg1": "32711",
            "arg2": "100",
            "arg3": "32724"
        },
        {
            "command": "M",
            "arg1": "32715",
            "arg2": "1",
            "arg3": "32721",
            "arg4": "1"
        },
        {
            "command": "E",
            "arg1": "32712",
            "arg2": "100",
            "arg3": "14"
        },
        {
            "command": "E",
            "arg1": "32712",
            "arg2": "100",
            "arg3": "15"
        },
        {
            "command": "M",
            "arg1": "32716",
            "arg2": "1",
            "arg3": "32709",
            "arg4": "1"
        },
        {
            "command": "M",
            "arg1": "32716",
            "arg2": "1",
            "arg3": "32711",
            "arg4": "1"
        },
        {
            "command": "O",
            "arg1": "32714",
            "arg2": "100",
            "arg3": "32724"
        },
        {
            "command": "O",
            "arg1": "32715",
            "arg2": "100",
            "arg3": "32724"
        }
    ],
    "shops": [
        {
            "keeper": "32709",
            "buy_type_0": "10",
            "buy_type_1": "10",
            "buy_type_2": "10",
            "buy_type_3": "10",
            "buy_type_4": "10",
            "profit_buy": "50",
            "profit_sell": "100",
            "open_hour": "0",
            "close_hour": "23"
        }
    ],
    "specials": [
        {
            "vnum": "32700",
            "spec_fun": "spec_breath_lightning"
        },
        {
            "vnum": "32701",
            "spec_fun": "spec_thief"
        },
        {
            "vnum": "32702",
            "spec_fun": "spec_guard"
        },
        {
            "vnum": "32703",
            "spec_fun": "spec_poison"
        },
        {
            "vnum": "32704",
            "spec_fun": "spec_fido"
        },
        {
            "vnum": "32705",
            "spec_fun": "spec_fido"
        },
        {
            "vnum": "32706",
            "spec_fun": "spec_poison"
        },
        {
            "vnum": "32707",
            "spec_fun": "spec_breath_lightning"
        },
        {
            "vnum": "32708",
            "spec_fun": "spec_poison"
        },
        {
            "vnum": "32709",
            "spec_fun": "spec_guard"
        },
        {
            "vnum": "32710",
            "spec_fun": "spec_poison"
        },
        {
            "vnum": "32711",
            "spec_fun": "spec_thief"
        },
        {
            "vnum": "32712",
            "spec_fun": "spec_janitor"
        },
        {
            "vnum": "32713",
            "spec_fun": "spec_guard"
        },
        {
            "vnum": "32714",
            "spec_fun": "spec_guard"
        }
    ]
}