{
    "area": {
        "file": "lich.are",
        "name": "Lich Tower",
        "low_range": "45",
        "high_range": "75",
        "writer": "Ryzen",
        "credits": "Lich Tower",
        "min_vnum": "29350",
        "max_vnum": "29399"
    },
    "mobiles": [
        {
            "vnum": "29350",
            "name": "Death Knight",
            "short_description": "A Death Knight",
            "long_description": "An undead, skeletal knight guards this room.\n",
            "description": "Death Knights are a powerful enemy.  Turned undead by powerful\nnecromancy, they were the most renown knights of their day.  \n",
            "race": "human",
            "act": "AFGO",
            "affected_by": "c",
            "alignment": "-750",
            "group": "0",
            "level": "40",
            "hitroll": "0",
            "hit_dice": "15d10+1850",
            "mana_dice": "45d10+950",
            "dam_dice": "4d8+15",
            "dam_type": "magic",
            "ac_pierce": "-12",
            "ac_bash": "-12",
            "ac_slash": "-12",
            "ac_exotic": "0",
            "off_flags": "CDEIKU",
            "imm_flags": "LPQ",
            "res_flags": "IJ",
            "vuln_flags": "HN",
            "start_pos": "stand",
            "default_pos": "stand",
            "sex": "none",
            "wealth": "800",
            "form": "AHIMV",
            "parts": "ABCDEFGHIJK",
            "size": "medium",
            "material": "0"
        },
        {
            "vnum": "29351",
            "name": "torturer inquisitor ",
            "short_description": "The Inquisitor",
            "long_description": "The Inquisitor is here preparing various torture devices.\n",
            "description": "This evil creature looks like a zombie but acts much more sinister.  It\nuses its magical abilities to keep its victims alive while it's torturing\nthem.  \n",
            "race": "human",
            "act": "ABOQ",
            "affected_by": "Hc",
            "alignment": "-1000",
            "group": "0",
            "level": "50",
            "hitroll": "0",
            "hit_dice": "15d10+4250",
            "mana_dice": "45d10+950",
            "dam_dice": "5d8+19",
            "dam_type": "magic",
            "ac_pierce": "-20",
            "ac_bash": "-20",
            "ac_slash": "-20",
            "ac_exotic": "-2",
            "off_flags": "CN",
            "imm_flags": "ILQ",
            "res_flags": "P",
            "vuln_flags": "HN",
            "start_pos": "stand",
            "default_pos": "stand",
            "sex": "none",
            "wealth": "800",
            "form": "AHIMV",
            "parts": "ABCDEFGHIJK",
            "size": "medium",
            "material": "0"
        },
        {
            "vnum": "29352",
            "name": "demon minor",
            "short_description": "A Minor Demon",
            "long_description": "A minor demon stands here surrounded in flames.\n",
            "description": "An aggresive looking demon stands here in the brazier's flames.  It\nappears to have been summoned and is quite angry about it.  The long claws\nand fangs it uses as weapons make you consider running as fast as posible.  \n",
            "race": "human",
            "act": "ABT",
            "affected_by": "T",
            "alignment": "-1000",
            "group": "0",
            "level": "50",
            "hitroll": "0",
            "hit_dice": "15d10+4250",
            "mana_dice": "45d10+950",
            "dam_dice": "5d8+19",
            "dam_type": "magic",
            "ac_pierce": "-20",
            "ac_bash": "-20",
            "ac_slash": "-20",
            "ac_exotic": "-2",
            "off_flags": "CDFHK",
            "imm_flags": "H",
            "res_flags": "LPQ",
            "vuln_flags": "IN",
            "start_pos": "stand",
            "default_pos": "stand",
            "sex": "none",
            "wealth": "800",
            "form": "ACHMV",
            "parts": "ABCDEFGHIJK",
            "size": "medium",
            "material": "0"
        },
        {
            "vnum": "29353",
            "name": "demon major",
            "short_description": "A Major Demon",
            "long_description": "A Major Demon floats here in the flames.\n",
            "description": "A large wicked looking demon floats here in the fire.  He has wings, a\ntail, claws, fangs, he is everything you have pictured a demon would be. \nHis black scaled skin gleams in the firelight The burning flames in his eyes\ncorrupt your soul.  Fear him mortal for you are about to die.  \n",
            "race": "dragon",
            "act": "ABOT",
            "affected_by": "HT",
            "alignment": "-1000",
            "group": "0",
            "level": "65",
            "hitroll": "0",
            "hit_dice": "50d10+8250",
            "mana_dice": "45d10+950",
            "dam_dice": "11d5+35",
            "dam_type": "magic",
            "ac_pierce": "-35",
            "ac_bash": "-35",
            "ac_slash": "-35",
            "ac_exotic": "-10",
            "off_flags": "CFKM",
            "imm_flags": "HLQ",
            "res_flags": "BDHIJK",
            "vuln_flags": "CFIN",
            "start_pos": "stand",
            "default_pos": "stand",
            "sex": "none",
            "wealth": "800",
            "form": "ACHZc",
            "parts": "ADEFIKLPQUVX",
            "size": "large",
            "material": "0"
        },
        {
            "vnum": "29354",
            "name": "lich lord myzelak",
            "short_description": "Myzelak the Lich Lord",
            "long_description": "Myzelak the Lich Lord stands here by his throne.\n",
            "description": "Evil incarnate, Myzelak spent years of his life perfecting his magical\nabilities to grant him life after death.  The result of his work stands\nbefore you, a rotting representation of what the wizard used to be.  Myzelak\nnow spends his time searching for ways to end all life in StormFront.  \n",
            "race": "human",
            "act": "ABQR",
            "affected_by": "HJ",
            "alignment": "-1000",
            "group": "0",
            "level": "75",
            "hitroll": "0",
            "hit_dice": "50d10+11000",
            "mana_dice": "45d10+1950",
            "dam_dice": "9d11+45",
            "dam_type": "magic",
            "ac_pierce": "-45",
            "ac_bash": "-45",
            "ac_slash": "-45",
            "ac_exotic": "-14",
            "off_flags": "FIJN",
            "imm_flags": "0",
            "res_flags": "CDHIJ",
            "vuln_flags": "N",
            "start_pos": "stand",
            "default_pos": "stand",
            "sex": "none",
            "wealth": "800",
            "form": "AHMV",
            "parts": "ABCDEFGHIJK",
            "size": "medium",
            "material": "0"
        },
        {
            "vnum": "29355",
            "name": "dracolich mount dragon",
            "short_description": "The Dracolich",
            "long_description": "Myzelak's ancient dracolich mount.\n",
            "description": "Myzelak's Dracolich mount towers above you.  Fiery red lights gleam in\nits hollow eye sockets as it growls at you.  The undead dragon is monstrous,\nperhaps you should run now, before you're dead.  ;> \n",
            "race": "dragon",
            "act": "ABOT",
            "affected_by": "T",
            "alignment": "-1000",
            "group": "0",
            "level": "60",
            "hitroll": "0",
            "hit_dice": "50d10+6750",
            "mana_dice": "45d10+1950",
            "dam_dice": "8d6+28",
            "dam_type": "magic",
            "ac_pierce": "-30",
            "ac_bash": "-30",
            "ac_slash": "-30",
            "ac_exotic": "-10",
            "off_flags": "CDFMO",
            "imm_flags": "0",
            "res_flags": "HIJK",
            "vuln_flags": "FKN",
            "start_pos": "stand",
            "default_pos": "stand",
            "sex": "none",
            "wealth": "800",
            "form": "AHZc",
            "parts": "ADEFIKLPQUVX",
            "size": "giant",
            "material": "0"
        },
        {
            "vnum": "29356",
            "name": "elite death knight",
            "short_description": "An Elite Death Knight",
            "long_description": "An Elite Death Knight laughs an unholy cackle and attacks.\n",
            "description": "A huge skeletal figure confronts you.  He wields an old longsword covered\nin runes and carries a large black shield that can only be a dragon's scale.\nHe looks very much like the Death Knights you encountered earlier except he\nis much larger and appears to be more powerful as well.  \n",
            "race": "giant",
            "act": "ABOT",
            "affected_by": "0",
            "alignment": "-900",
            "group": "0",
            "level": "70",
            "hitroll": "0",
            "hit_dice": "50d10+9750",
            "mana_dice": "45d10+2950",
            "dam_dice": "8d10+40",
            "dam_type": "magic",
            "ac_pierce": "-40",
            "ac_bash": "-40",
            "ac_slash": "-40",
            "ac_exotic": "-10",
            "off_flags": "CDFIKO",
            "imm_flags": "0",
            "res_flags": "CHI",
            "vuln_flags": "HJNP",
            "start_pos": "stand",
            "default_pos": "stand",
            "sex": "none",
            "wealth": "800",
            "form": "AHMV",
            "parts": "ABCDEFGHIJK",
            "size": "large",
            "material": "0"
        }
    ],
    "objects": [
        {
            "vnum": "29350",
            "name": "black mace ",
            "short_description": "an old black mace",
            "description": "An old, black iron mace lies here undisturbed",
            "material": "iron",
            "type": "weapon",
            "extra_flags": "B",
            "wear_flags": "AN",
            "values": "mace 6 7 pound 0",
            "level": "40",
            "weight": "25",
            "cost": "1000",
            "condition": "P"
        },
        {
            "vnum": "29351",
            "name": "glowing skull",
            "short_description": "a Flaming Skull",
            "description": "A human skull floats here, outlined in blue flames.",
            "material": "stone",
            "type": "light",
            "extra_flags": "AG",
            "wear_flags": "AO",
            "values": "0 0 999 0 0",
            "level": "48",
            "weight": "5",
            "cost": "1000",
            "condition": "P",
            "affects_a": [
                {
                    "location": "5",
                    "modifier": "-2"
                },
                {
                    "location": "13",
                    "modifier": "25"
                },
                {
                    "location": "12",
                    "modifier": "25"
                },
                {
                    "location": "18",
                    "modifier": "2"
                },
                {
                    "location": "19",
                    "modifier": "2"
                },
                {
                    "location": "3",
                    "modifier": "2"
                }
            ]
        },
        {
            "vnum": "29352",
            "name": "wand golden",
            "short_description": "a golden wand",
            "description": "A small golden wand lies amongst the treasure",
            "material": "gold",
            "type": "wand",
            "extra_flags": "0",
            "wear_flags": "AO",
            "values": "50 10 10 'shield' 0",
            "level": "50",
            "weight": "3",
            "cost": "5000",
            "condition": "P"
        },
        {
            "vnum": "29353",
            "name": "staff crystal",
            "short_description": "a crystal staff",
            "description": "A beautiful crystaline staff lies here amongst the treasure.",
            "material": "stone",
            "type": "staff",
            "extra_flags": "G",
            "wear_flags": "AO",
            "values": "70 5 5 'heal' 0",
            "level": "60",
            "weight": "10",
            "cost": "7800",
            "condition": "P"
        },
        {
            "vnum": "29354",
            "name": "garnet ring",
            "short_description": "a Garnet Ring",
            "description": "A small garnet ring lies here amongst the treasure.",
            "material": "gold",
            "type": "treasure",
            "extra_flags": "AG",
            "wear_flags": "AB",
            "values": "0 0 0 0 0",
            "level": "58",
            "weight": "1",
            "cost": "900",
            "condition": "P",
            "affects_a": [
                {
                    "location": "19",
                    "modifier": "3"
                },
                {
                    "location": "12",
                    "modifier": "50"
                },
                {
                    "location": "3",
                    "modifier": "2"
                },
                {
                    "location": "18",
                    "modifier": "2"
                }
            ]
        },
        {
            "vnum": "29355",
            "name": "bracer night",
            "short_description": "the Bracer of the Night",
            "description": "A black bracer covered in ancient runes lies here.",
            "material": "admantite",
            "type": "armor",
            "extra_flags": "BG",
            "wear_flags": "AM",
            "values": "18 18 17 8 0",
            "level": "54",
            "weight": "5",
            "cost": "1500",
            "condition": "P",
            "affects_a": [
                {
                    "location": "18",
                    "modifier": "2"
                },
                {
                    "location": "19",
                    "modifier": "2"
                },
                {
                    "location": "5",
                    "modifier": "1"
                }
            ]
        },
        {
            "vnum": "29356",
            "name": "amulet night",
            "short_description": "the Amulet of the Night",
            "description": "An old amulet lies here glowing in unnatural blue light.",
            "material": "silver",
            "type": "armor",
            "extra_flags": "AG",
            "wear_flags": "AC",
            "values": "21 21 21 10 0",
            "level": "64",
            "weight": "3",
            "cost": "2000",
            "condition": "P",
            "affects_a": [
                {
                    "location": "14",
                    "modifier": "25"
                },
                {
                    "location": "12",
                    "modifier": "50"
                },
                {
                    "location": "3",
                    "modifier": "1"
                },
                {
                    "location": "4",
                    "modifier": "1"
                }
            ]
        },
        {
            "vnum": "29357",
            "name": "ancient longsword sword",
            "short_description": "an Ancient Longsword",
            "description": "An old longsword floats here, glowing slightly.",
            "material": "admantite",
            "type": "weapon",
            "extra_flags": "AG",
            "wear_flags": "AN",
            "values": "sword 10 8 slash DH",
            "level": "70",
            "weight": "12",
            "cost": "2500",
            "condition": "P",
            "affects_a": [
                {
                    "location": "19",
                    "modifier": "3"
                },
                {
                    "location": "18",
                    "modifier": "3"
                }
            ]
        },
        {
            "vnum": "29358",
            "name": "black scale dragon",
            "short_description": "a black dragon scale",
            "description": "A black dragon scale that's been torn from one of the beasts.",
            "material": "admantite",
            "type": "armor",
            "extra_flags": "0",
            "wear_flags": "AJ",
            "values": "21 22 21 10 0",
            "level": "65",
            "weight": "30",
            "cost": "1200",
            "condition": "P",
            "affects_a": [
                {
                    "location": "18",
                    "modifier": "3"
                },
                {
                    "location": "19",
                    "modifier": "5"
                },
                {
                    "location": "13",
                    "modifier": "25"
                },
                {
                    "location": "1",
                    "modifier": "2"
                },
                {
                    "location": "3",
                    "modifier": "-2"
                }
            ]
        },
        {
            "vnum": "29359",
            "name": "hell sword wraith",
            "short_description": "the Hell's Wraith",
            "description": "This sword was supposedly forged in the depths of Hell. It's wavy blade makes it appear much like a large kris. It is a bit unwieldly at first but the damage it inflicts is unbelievable.",
            "material": "admantite",
            "type": "weapon",
            "extra_flags": "ABEGM",
            "wear_flags": "AN",
            "values": "exotic 10 8 bite CE",
            "level": "73",
            "weight": "10",
            "cost": "5000",
            "condition": "P",
            "affects_a": [
                {
                    "location": "2",
                    "modifier": "1"
                },
                {
                    "location": "1",
                    "modifier": "1"
                },
                {
                    "location": "18",
                    "modifier": "5"
                },
                {
                    "location": "19",
                    "modifier": "5"
                },
                {
                    "location": "4",
                    "modifier": "-1"
                },
                {
                    "location": "3",
                    "modifier": "-1"
                }
            ]
        },
        {
            "vnum": "29360",
            "name": "robes sorceror",
            "short_description": "sorceror's robes",
            "description": "Long black robes covered in moons and stars.",
            "material": "unknown",
            "type": "armor",
            "extra_flags": "G",
            "wear_flags": "AK",
            "values": "24 24 24 11 0",
            "level": "72",
            "weight": "10",
            "cost": "3000",
            "condition": "P",
            "affects_a": [
                {
                    "location": "3",
                    "modifier": "3"
                },
                {
                    "location": "12",
                    "modifier": "150"
                }
            ]
        },
        {
            "vnum": "29361",
            "name": "infinity scroll",
            "short_description": "the Infinity Scroll",
            "description": "The old scroll rumored to have answers to all questions. (Unfortunately you just killed the last thing in existance that could read it.)",
            "material": "silver",
            "type": "armor",
            "extra_flags": "ABG",
            "wear_flags": "AO",
            "values": "23 23 24 11 0",
            "level": "74",
            "weight": "4",
            "cost": "7500",
            "condition": "P",
            "affects_a": [
                {
                    "location": "18",
                    "modifier": "2"
                },
                {
                    "location": "19",
                    "modifier": "2"
                },
                {
                    "location": "2",
                    "modifier": "-1"
                },
                {
                    "location": "1",
                    "modifier": "-2"
                },
                {
                    "location": "4",
                    "modifier": "2"
                },
                {
                    "location": "3",
                    "modifier": "2"
                },
                {
                    "location": "13",
                    "modifier": "50"
                },
                {
                    "location": "12",
                    "modifier": "50"
                }
            ]
        },
        {
            "vnum": "29362",
            "name": "silvery potion",
            "short_description": "a silvery potion ",
            "description": "A silvery potion has been left in the desk",
            "material": "glass",
            "type": "potion",
            "extra_flags": "AG",
            "wear_flags": "AO",
            "values": "40 'invisibility' 'detect invis' 'detect magic' 'detect poison'",
            "level": "40",
            "weight": "2",
            "cost": "5400",
            "condition": "P"
        },
        {
            "vnum": "29363",
            "name": "key golden",
            "short_description": "a golden key",
            "description": "A golden key lies here in the book.",
            "material": "gold",
            "type": "key",
            "extra_flags": "0",
            "wear_flags": "A",
            "values": "0 0 0 0 0",
            "level": "40",
            "weight": "1",
            "cost": "0",
            "condition": "P"
        },
        {
            "vnum": "29364",
            "name": "boots water walking waterwalking",
            "short_description": "boots of waterwalking",
            "description": "Some old leather boots with fish painted on them rest here in the closet.",
            "material": "mithril",
            "type": "boat",
            "extra_flags": "G",
            "wear_flags": "AG",
            "values": "0 0 0 0 0",
            "level": "40",
            "weight": "5",
            "cost": "1000",
            "condition": "P",
            "affects_a": [
                {
                    "location": "18",
                    "modifier": "2"
                },
                {
                    "location": "2",
                    "modifier": "1"
                },
                {
                    "location": "17",
                    "modifier": "-5"
                }
            ]
        },
        {
            "vnum": "29365",
            "name": "thieve's tunic",
            "short_description": "a Thieve's Tunic",
            "description": "A black shirt with many pockets.",
            "material": "admantite",
            "type": "armor",
            "extra_flags": "G",
            "wear_flags": "AD",
            "values": "13 13 12 5 0",
            "level": "40",
            "weight": "15",
            "cost": "900",
            "condition": "P",
            "affects_a": [
                {
                    "location": "18",
                    "modifier": "3"
                },
                {
                    "location": "2",
                    "modifier": "3"
                }
            ]
        },
        {
            "vnum": "29366",
            "name": "paper blank",
            "short_description": "a blank piece of paper",
            "description": "A deteriorating piece of blank paper rests here on a shelf.",
            "material": "paper",
            "type": "gem",
            "extra_flags": "0",
            "wear_flags": "AO",
            "values": "0 0 0 0 3",
            "level": "35",
            "weight": "1",
            "cost": "2000",
            "condition": "P"
        },
        {
            "vnum": "29367",
            "name": "chair wooden",
            "short_description": "a large wooden chair",
            "description": "A large wooden chair sits here at the head of the table",
            "material": "wood",
            "type": "furniture",
            "extra_flags": "0",
            "wear_flags": "0",
            "values": "0 0 0 0 0",
            "level": "30",
            "weight": "50",
            "cost": "0",
            "condition": "P"
        },
        {
            "vnum": "29368",
            "name": "table dining",
            "short_description": "a huge dining table",
            "description": "A huge dining table",
            "material": "wood",
            "type": "furniture",
            "extra_flags": "0",
            "wear_flags": "0",
            "values": "0 0 0 0 0",
            "level": "30",
            "weight": "100",
            "cost": "0",
            "condition": "P"
        },
        {
            "vnum": "29369",
            "name": "book shelf bookshelf",
            "short_description": "an old wooden bookshelf",
            "description": "An old wooden bookshelf lining the eastern wall",
            "material": "wood",
            "type": "container",
            "extra_flags": "0",
            "wear_flags": "0",
            "values": "10 0 0 0 75",
            "level": "40",
            "weight": "200",
            "cost": "0",
            "condition": "P"
        },
        {
            "vnum": "29370",
            "name": "desk mahogany",
            "short_description": "a large mahogany desk",
            "description": "A large mahogany desk rests against the western wall",
            "material": "wood",
            "type": "container",
            "extra_flags": "0",
            "wear_flags": "0",
            "values": "999 0 22001 499 75",
            "level": "40",
            "weight": "150",
            "cost": "0",
            "condition": "P"
        },
        {
            "vnum": "29371",
            "name": "closet",
            "short_description": "a closet carved into the wall",
            "description": "A large closet, carved into the wall.",
            "material": "stone",
            "type": "container",
            "extra_flags": "0",
            "wear_flags": "0",
            "values": "999 0 29363 499 75",
            "level": "40",
            "weight": "999",
            "cost": "0",
            "condition": "P"
        },
        {
            "vnum": "29372",
            "name": "grimoire",
            "short_description": "a powerful grimoire",
            "description": "An ancient and powerful grimoire beckons for you to open it",
            "material": "leather",
            "type": "container",
            "extra_flags": "AG",
            "wear_flags": "0",
            "values": "100 0 0 50 75",
            "level": "40",
            "weight": "50",
            "cost": "0",
            "condition": "P"
        },
        {
            "vnum": "29373",
            "name": "cross obsidian",
            "short_description": "a large obsidian cross",
            "description": "A large obsidian cross",
            "material": "stone",
            "type": "furniture",
            "extra_flags": "0",
            "wear_flags": "0",
            "values": "0 0 0 0 0",
            "level": "1",
            "weight": "200",
            "cost": "0",
            "condition": "P",
            "extra_descriptions": [
                {
                    "keyword": "cross",
                    "description": "This Area is high level only, level 45-75.  There are aggressive mobs,\nanyone under level 45 is recomended to avoid this area.  ===RYZEN <=== \n"
                },
                {
                    "keyword": "cross",
                    "description": "This Area, \"The Lich's Tower\" has been designed by Ryzen for HIGH level\ncharacters.  Recomended levels for this area are 45-75, anyone under that, I\nsuggest strongly that you avoid this area as there are several aggresive\nmobs.  However, as this area is the only way to get to a few others, the\nmobs do NOT detect invis, so as long as you are invis you should be able to\nget where you want to go, Alive.  ===> RYZEN <=== \n"
                }
            ]
        }
    ],
    "rooms": [
        {
            "vnum": "29350",
            "name": "Before the Tower",
            "description": "You stand before a grand, black tower.  The terror rising up inside of\nyour soul is nearly overwhelming as you stare at its obsidian form.  The\ntower walls project an aura of death and evil making you feel quite\ninsignificant.  To the north a large mountain has sprouted from the ground\nto block all hopes of passage.  You may go back east to the path, or\ncontinue west under an archway.  (LOOK CROSS!!!) \n",
            "flags": "0",
            "sector": "0",
            "exits": [
                {
                    "door": "D1",
                    "description": "",
                    "keyword": "",
                    "locks": "0",
                    "key": "0",
                    "u1_vnum": "2309"
                },
                {
                    "door": "D3",
                    "description": "",
                    "keyword": "",
                    "locks": "0",
                    "key": "0",
                    "u1_vnum": "29351"
                }
            ]
        },
        {
            "vnum": "29351",
            "name": "Beneath the Archway",
            "description": "The walls of this room disappear above you, completing an arch somewhere\nin the darkness over your head.  Thorn covered vines hang from the walls in\nthick entanglements; you find yourself getting scratched in the most\nannoying of places.  From the west comes the faint light of torches, and\nfrom the north you hear what can only be described as an unholy growl.  \n",
            "flags": "D",
            "sector": "0",
            "exits": [
                {
                    "door": "D0",
                    "description": "",
                    "keyword": "",
                    "locks": "0",
                    "key": "0",
                    "u1_vnum": "29352"
                },
                {
                    "door": "D1",
                    "description": "",
                    "keyword": "",
                    "locks": "0",
                    "key": "0",
                    "u1_vnum": "29350"
                },
                {
                    "door": "D3",
                    "description": "",
                    "keyword": "",
                    "locks": "0",
                    "key": "0",
                    "u1_vnum": "29353"
                }
            ]
        },
        {
            "vnum": "29352",
            "name": "The Dracolich's Lair",
            "description": "You find yourself in awe of the treasure and artifacts amassed in this\nroom.  One object of truly unusual looks catches your eye.  It appears to be\na set of gigantic riding equipment, including a large saddle.  Just as you\nare wondering what could possibly fill that saddle, you notice the tremendous\nform of a dracolich towering above you.  The only exit is south, under the\narchway.  \n",
            "flags": "D",
            "sector": "0",
            "exits": [
                {
                    "door": "D2",
                    "description": "",
                    "keyword": "",
                    "locks": "0",
                    "key": "0",
                    "u1_vnum": "29351"
                }
            ]
        },
        {
            "vnum": "29353",
            "name": "The Entrance Hall",
            "description": "A large carpet covers the floor in this room.  The carpet depicts armies\nof humans and demi-humans being slaughtered by horrible undead hoards. \nTorches hang on the walls surrounded by old shields and weapons, artifacts\nfrom battles long past.  Two exits lead from the room, one south and one\nwest.  From where you stand it is impossible to see what type of rooms lie\nbeyond.  \n",
            "flags": "D",
            "sector": "0",
            "exits": [
                {
                    "door": "D1",
                    "description": "",
                    "keyword": "",
                    "locks": "0",
                    "key": "0",
                    "u1_vnum": "29351"
                },
                {
                    "door": "D2",
                    "description": "",
                    "keyword": "",
                    "locks": "0",
                    "key": "0",
                    "u1_vnum": "29354"
                },
                {
                    "door": "D3",
                    "description": "",
                    "keyword": "",
                    "locks": "0",
                    "key": "0",
                    "u1_vnum": "29356"
                }
            ]
        },
        {
            "vnum": "29354",
            "name": "The Dining Hall",
            "description": "This room looks like what used to be a dining hall.  A thick layer of\ndust lines the table settings, stating that the hall is never used anymore. \nTo the west is the entrance to the kitchen and to your north is the entrance\nhall.  \n",
            "flags": "D",
            "sector": "0",
            "exits": [
                {
                    "door": "D0",
                    "description": "",
                    "keyword": "",
                    "locks": "0",
                    "key": "0",
                    "u1_vnum": "29353"
                },
                {
                    "door": "D3",
                    "description": "",
                    "keyword": "",
                    "locks": "0",
                    "key": "0",
                    "u1_vnum": "29355"
                }
            ]
        },
        {
            "vnum": "29355",
            "name": "The Kitchen",
            "description": "You reflexively reach for your nose as the stench of rotting food\nassaults your senses.  You break into a run towards the nearest exit, hoping\nfor fresh air.  To the north are the stairs, east is the dining hall, and a\nlarge storage room lies open to the south.  \n",
            "flags": "D",
            "sector": "0",
            "exits": [
                {
                    "door": "D0",
                    "description": "",
                    "keyword": "",
                    "locks": "0",
                    "key": "0",
                    "u1_vnum": "29356"
                },
                {
                    "door": "D1",
                    "description": "",
                    "keyword": "",
                    "locks": "0",
                    "key": "0",
                    "u1_vnum": "29354"
                },
                {
                    "door": "D2",
                    "description": "",
                    "keyword": "",
                    "locks": "0",
                    "key": "0",
                    "u1_vnum": "29369"
                }
            ]
        },
        {
            "vnum": "29356",
            "name": "The Bottom of the Stairs",
            "description": "A flight of stairs winds away into the darkness above you.  A stronger\nsense of evil comes from up the steps.  You can go south to the kitchen,\neast to the entrance hall, or up into the unknown.  \n",
            "flags": "D",
            "sector": "0",
            "exits": [
                {
                    "door": "D1",
                    "description": "",
                    "keyword": "",
                    "locks": "0",
                    "key": "0",
                    "u1_vnum": "29353"
                },
                {
                    "door": "D2",
                    "description": "",
                    "keyword": "",
                    "locks": "0",
                    "key": "0",
                    "u1_vnum": "29355"
                },
                {
                    "door": "D4",
                    "description": "",
                    "keyword": "",
                    "locks": "0",
                    "key": "0",
                    "u1_vnum": "29357"
                }
            ]
        },
        {
            "vnum": "29357",
            "name": "On the Stairs",
            "description": "The steps continue into blackness up or down and there is a small flicker\nof light entering the room from a doorway east.  This whole area seems\nunnaturally quiet scaring you more than any screams of death you have ever\nheard.  \n",
            "flags": "D",
            "sector": "0",
            "exits": [
                {
                    "door": "D1",
                    "description": "",
                    "keyword": "",
                    "locks": "0",
                    "key": "0",
                    "u1_vnum": "29362"
                },
                {
                    "door": "D4",
                    "description": "",
                    "keyword": "",
                    "locks": "0",
                    "key": "0",
                    "u1_vnum": "29358"
                },
                {
                    "door": "D5",
                    "description": "",
                    "keyword": "",
                    "locks": "0",
                    "key": "0",
                    "u1_vnum": "29356"
                }
            ]
        },
        {
            "vnum": "29358",
            "name": "On the Stairs",
            "description": "You continue your way on the stairs.  Listening intently, you think you\nhear what sounds like the screams of damned and tortured souls to the south\nand east.  \n",
            "flags": "D",
            "sector": "0",
            "exits": [
                {
                    "door": "D1",
                    "description": "",
                    "keyword": "",
                    "locks": "0",
                    "key": "0",
                    "u1_vnum": "29365"
                },
                {
                    "door": "D2",
                    "description": "",
                    "keyword": "",
                    "locks": "0",
                    "key": "0",
                    "u1_vnum": "29363"
                },
                {
                    "door": "D4",
                    "description": "",
                    "keyword": "",
                    "locks": "0",
                    "key": "0",
                    "u1_vnum": "29359"
                },
                {
                    "door": "D5",
                    "description": "",
                    "keyword": "",
                    "locks": "0",
                    "key": "0",
                    "u1_vnum": "29357"
                }
            ]
        },
        {
            "vnum": "29359",
            "name": "The Top of the Stairs",
            "description": "You have reached the top of the stairs.  To the south and east are long\nhallways and the stairs lead back down into darkness.  \n",
            "flags": "D",
            "sector": "0",
            "exits": [
                {
                    "door": "D1",
                    "description": "",
                    "keyword": "",
                    "locks": "0",
                    "key": "0",
                    "u1_vnum": "29368"
                },
                {
                    "door": "D2",
                    "description": "",
                    "keyword": "",
                    "locks": "0",
                    "key": "0",
                    "u1_vnum": "29366"
                },
                {
                    "door": "D5",
                    "description": "",
                    "keyword": "",
                    "locks": "0",
                    "key": "0",
                    "u1_vnum": "29358"
                }
            ]
        },
        {
            "vnum": "29360",
            "name": "Lich's Study",
            "description": "This small room is virtually covered in books and scrolls, each marked in\nvarious places with notes.  A few oil lamps burn here and there, providing\nlight for the owner of the tower.  A large desk sits near the western wall,\nwhile a closet has been carved into the wall to the south.  The only exit\nappears to be back into the library to the east.  \n",
            "flags": "D",
            "sector": "0",
            "exits": [
                {
                    "door": "D1",
                    "description": "",
                    "keyword": "",
                    "locks": "0",
                    "key": "0",
                    "u1_vnum": "29361"
                }
            ]
        },
        {
            "vnum": "29361",
            "name": "The Library",
            "description": "Even after seeing the first room of the library, you are still in\nastonishment of the racks of scrolls that are scattered about this room. \nVarious tables line the walls, providing study space for anyone doing\nresearch here.  The library continues to the north and a small archway leads\nwest into a study.  \n",
            "flags": "D",
            "sector": "0",
            "exits": [
                {
                    "door": "D0",
                    "description": "",
                    "keyword": "",
                    "locks": "0",
                    "key": "0",
                    "u1_vnum": "29362"
                },
                {
                    "door": "D3",
                    "description": "",
                    "keyword": "",
                    "locks": "0",
                    "key": "0",
                    "u1_vnum": "29360"
                }
            ]
        },
        {
            "vnum": "29362",
            "name": "The Library",
            "description": "The size of the shelves in this library is astounding.  They span the\nentire length of both the north and east walls.  The collection of books\naccumulated here is amazing.  To the south the library continues, while the\nstairs are back to the west.  \n",
            "flags": "D",
            "sector": "0",
            "exits": [
                {
                    "door": "D2",
                    "description": "",
                    "keyword": "",
                    "locks": "0",
                    "key": "0",
                    "u1_vnum": "29361"
                },
                {
                    "door": "D3",
                    "description": "",
                    "keyword": "",
                    "locks": "0",
                    "key": "0",
                    "u1_vnum": "29357"
                }
            ]
        },
        {
            "vnum": "29363",
            "name": "A Summoning Room",
            "description": "Various runes and pentagrams have been scrawled into the stone at your\nfeet.  A large golden brazier blasts flames in the middle of the room.  The\nonly exits are north, to the stairs, and east, to the torture chamber.  \n",
            "flags": "D",
            "sector": "0",
            "exits": [
                {
                    "door": "D0",
                    "description": "",
                    "keyword": "",
                    "locks": "0",
                    "key": "0",
                    "u1_vnum": "29358"
                },
                {
                    "door": "D1",
                    "description": "",
                    "keyword": "",
                    "locks": "0",
                    "key": "0",
                    "u1_vnum": "29364"
                }
            ]
        },
        {
            "vnum": "29364",
            "name": "The Torture Chamber",
            "description": "Assorted torture devices clutter this room.  Against the eastern wall,\nthree rotting bodies hang, each with its guts strewn across the floor.  You\nfeel a tinge of remorse for the poor men before your heart rises in anger,\nnow the only thing that matters to you is to avenge their deaths.  The\nsummoning rooms provide exit to the north and west.  \n",
            "flags": "D",
            "sector": "0",
            "exits": [
                {
                    "door": "D0",
                    "description": "",
                    "keyword": "",
                    "locks": "0",
                    "key": "0",
                    "u1_vnum": "29365"
                },
                {
                    "door": "D3",
                    "description": "",
                    "keyword": "",
                    "locks": "0",
                    "key": "0",
                    "u1_vnum": "29363"
                }
            ]
        },
        {
            "vnum": "29365",
            "name": "A Summoning Room",
            "description": "Various runes and pentagrams have been scrawled into the stone at your\nfeet.  Towards the middle of the room, a large silver brazier spouts fire. \nThe only exits are west, back to the stairs, and south, to the torture\nchamber.  \n",
            "flags": "D",
            "sector": "0",
            "exits": [
                {
                    "door": "D2",
                    "description": "",
                    "keyword": "",
                    "locks": "0",
                    "key": "0",
                    "u1_vnum": "29364"
                },
                {
                    "door": "D3",
                    "description": "",
                    "keyword": "",
                    "locks": "0",
                    "key": "0",
                    "u1_vnum": "29358"
                }
            ]
        },
        {
            "vnum": "29366",
            "name": "A Large Hall",
            "description": "You stand in a large, elaborately decorated hallway.  The stairs are back\nto the north and a large set of double doors are to the east.  \n",
            "flags": "D",
            "sector": "0",
            "exits": [
                {
                    "door": "D0",
                    "description": "",
                    "keyword": "",
                    "locks": "0",
                    "key": "0",
                    "u1_vnum": "29359"
                },
                {
                    "door": "D1",
                    "description": "",
                    "keyword": "",
                    "locks": "1",
                    "key": "0",
                    "u1_vnum": "29367"
                }
            ]
        },
        {
            "vnum": "29367",
            "name": "The Lich's Throne Room",
            "description": "Entering this room, your eyes lock on a large bone throne and its\noccupent sitting against the eastern wall.  The room is handsomely decorated.\nAncient grimoires and scrolls catch your eye for a brief second, just long\nenough for Myzelak the Lich Lord to attack.  The only exits are through the\ndoors to your north or west.  \n",
            "flags": "D",
            "sector": "0",
            "exits": [
                {
                    "door": "D0",
                    "description": "",
                    "keyword": "",
                    "locks": "1",
                    "key": "0",
                    "u1_vnum": "29368"
                },
                {
                    "door": "D3",
                    "description": "",
                    "keyword": "",
                    "locks": "1",
                    "key": "0",
                    "u1_vnum": "29366"
                }
            ]
        },
        {
            "vnum": "29368",
            "name": "A Large Hall",
            "description": "You stand in a large, elaborately decorated hallway.  The stairs are back\nto the west and a large set of doors block your way south.  \n",
            "flags": "D",
            "sector": "0",
            "exits": [
                {
                    "door": "D2",
                    "description": "",
                    "keyword": "",
                    "locks": "1",
                    "key": "0",
                    "u1_vnum": "29367"
                },
                {
                    "door": "D3",
                    "description": "",
                    "keyword": "",
                    "locks": "0",
                    "key": "0",
                    "u1_vnum": "29359"
                }
            ]
        },
        {
            "vnum": "29369",
            "name": "A Storage Room",
            "description": "This room appears to be what is left of the kitchen's storage room.  An\nold door has been knocked off of its hinges to the south, revealing an\nancient tunnel sloping down into the ground.  You can go back north to the\nkitchen or south into the dark tunnel.  \n",
            "flags": "D",
            "sector": "0",
            "exits": [
                {
                    "door": "D0",
                    "description": "",
                    "keyword": "",
                    "locks": "0",
                    "key": "0",
                    "u1_vnum": "29355"
                },
                {
                    "door": "D2",
                    "description": "",
                    "keyword": "",
                    "locks": "0",
                    "key": "0",
                    "u1_vnum": "29370"
                }
            ]
        },
        {
            "vnum": "29370",
            "name": "Above a Pit",
            "description": "A large torch hangs against the wall glowing brightly.  In front of you\nthe floor disappears, leaving a large hole in the ground.  You can go north\ninto the storage room, or down an old rope ladder into the blackness of the\npit.  \n",
            "flags": "D",
            "sector": "0",
            "exits": [
                {
                    "door": "D0",
                    "description": "",
                    "keyword": "",
                    "locks": "0",
                    "key": "0",
                    "u1_vnum": "29369"
                },
                {
                    "door": "D5",
                    "description": "",
                    "keyword": "",
                    "locks": "0",
                    "key": "0",
                    "u1_vnum": "29371"
                }
            ]
        },
        {
            "vnum": "29371",
            "name": "Under a Pit",
            "description": "You stand underneath the pit.  In this pitch black room the only thing\nthat you can make out is a tunnel running in a south direction.  \n",
            "flags": "D",
            "sector": "0",
            "exits": [
                {
                    "door": "D4",
                    "description": "",
                    "keyword": "",
                    "locks": "0",
                    "key": "0",
                    "u1_vnum": "29370"
                },
                {
                    "door": "D2",
                    "description": "",
                    "keyword": "",
                    "locks": "0",
                    "key": "0",
                    "u1_vnum": "29372"
                }
            ]
        },
        {
            "vnum": "29372",
            "name": "A Darkened Tunnel",
            "description": "You stand in an ancient and dark tunnel.  From the south light shines\ninto the room.  You may go back north to the pit, or, south towards\nthe light.  \n",
            "flags": "AD",
            "sector": "0",
            "exits": [
                {
                    "door": "D0",
                    "description": "",
                    "keyword": "",
                    "locks": "0",
                    "key": "0",
                    "u1_vnum": "29371"
                },
                {
                    "door": "D2",
                    "description": "",
                    "keyword": "",
                    "locks": "0",
                    "key": "0",
                    "u1_vnum": "29373"
                }
            ]
        },
        {
            "vnum": "29373",
            "name": "Before the Caverns",
            "description": "You have found it and it's just as the legends say.  This is the entrance\nto the Caverns of the Damned.  A large pit lies hollowed into the ground,\nmagical glyphs and wards surround it, keeping this realm safe from any\nwandering spirits.  It is said that the only way for a mortal to enter the\nrealms of hell is for them to make it through the maze of caverns below you.\n",
            "flags": "D",
            "sector": "0",
            "exits": [
                {
                    "door": "D5",
                    "description": "",
                    "keyword": "",
                    "locks": "0",
                    "key": "0",
                    "u1_vnum": "22000"
                },
                {
                    "door": "D0",
                    "description": "",
                    "keyword": "",
                    "locks": "0",
                    "key": "0",
                    "u1_vnum": "29372"
                }
            ]
        }
    ],
    "specials": [
        {
            "vnum": "29353",
            "spec_fun": "spec_cast_undead"
        },
        {
            "vnum": "29354",
            "spec_fun": "spec_cast_mage"
        }
    ],
    "resets": [
        {
            "command": "D",
            "arg1": "29366",
            "arg2": "1",
            "arg3": "1"
        },
        {
            "command": "D",
            "arg1": "29367",
            "arg2": "0",
            "arg3": "1"
        },
        {
            "command": "D",
            "arg1": "29367",
            "arg2": "3",
            "arg3": "1"
        },
        {
            "command": "D",
            "arg1": "29368",
            "arg2": "2",
            "arg3": "1"
        },
        {
            "command": "O",
            "arg1": "29373",
            "arg2": "0",
            "arg3": "29350"
        },
        {
            "command": "M",
            "arg1": "29355",
            "arg2": "1",
            "arg3": "29352",
            "arg4": "1"
        },
        {
            "command": "M",
            "arg1": "29350",
            "arg2": "4",
            "arg3": "29353",
            "arg4": "1"
        },
        {
            "command": "E",
            "arg1": "29350",
            "arg2": "0",
            "arg3": "16"
        },
        {
            "command": "O",
            "arg1": "29367",
            "arg2": "0",
            "arg3": "29354"
        },
        {
            "command": "O",
            "arg1": "29368",
            "arg2": "0",
            "arg3": "29354"
        },
        {
            "command": "M",
            "arg1": "29350",
            "arg2": "4",
            "arg3": "29360",
            "arg4": "1"
        },
        {
            "command": "E",
            "arg1": "29350",
            "arg2": "0",
            "arg3": "16"
        },
        {
            "command": "O",
            "arg1": "29370",
            "arg2": "0",
            "arg3": "29360"
        },
        {
            "command": "O",
            "arg1": "29371",
            "arg2": "0",
            "arg3": "29360"
        },
        {
            "command": "P",
            "arg1": "29361",
            "arg2": "0",
            "arg3": "29370",
            "arg4": "1"
        },
        {
            "command": "P",
            "arg1": "29362",
            "arg2": "0",
            "arg3": "29370",
            "arg4": "1"
        },
        {
            "command": "P",
            "arg1": "29363",
            "arg2": "0",
            "arg3": "29372",
            "arg4": "1"
        },
        {
            "command": "P",
            "arg1": "29364",
            "arg2": "0",
            "arg3": "29371",
            "arg4": "1"
        },
        {
            "command": "P",
            "arg1": "29365",
            "arg2": "0",
            "arg3": "29371",
            "arg4": "1"
        },
        {
            "command": "P",
            "arg1": "29366",
            "arg2": "0",
            "arg3": "29369",
            "arg4": "1"
        },
        {
            "command": "O",
            "arg1": "29372",
            "arg2": "0",
            "arg3": "29361"
        },
        {
            "command": "M",
            "arg1": "29350",
            "arg2": "4",
            "arg3": "29362",
            "arg4": "1"
        },
        {
            "command": "E",
            "arg1": "29350",
            "arg2": "0",
            "arg3": "16"
        },
        {
            "command": "O",
            "arg1": "29369",
            "arg2": "0",
            "arg3": "29362"
        },
        {
            "command": "M",
            "arg1": "29353",
            "arg2": "1",
            "arg3": "29363",
            "arg4": "1"
        },
        {
            "command": "E",
            "arg1": "29356",
            "arg2": "0",
            "arg3": "3"
        },
        {
            "command": "M",
            "arg1": "29351",
            "arg2": "1",
            "arg3": "29364",
            "arg4": "1"
        },
        {
            "command": "E",
            "arg1": "29351",
            "arg2": "0",
            "arg3": "0"
        },
        {
            "command": "M",
            "arg1": "29352",
            "arg2": "1",
            "arg3": "29365",
            "arg4": "1"
        },
        {
            "command": "E",
            "arg1": "29355",
            "arg2": "0",
            "arg3": "14"
        },
        {
            "command": "M",
            "arg1": "29356",
            "arg2": "2",
            "arg3": "29366",
            "arg4": "1"
        },
        {
            "command": "E",
            "arg1": "29357",
            "arg2": "0",
            "arg3": "16"
        },
        {
            "command": "E",
            "arg1": "29358",
            "arg2": "0",
            "arg3": "11"
        },
        {
            "command": "M",
            "arg1": "29354",
            "arg2": "1",
            "arg3": "29367",
            "arg4": "1"
        },
        {
            "command": "E",
            "arg1": "29359",
            "arg2": "0",
            "arg3": "16"
        },
        {
            "command": "E",
            "arg1": "29360",
            "arg2": "0",
            "arg3": "12"
        },
        {
            "command": "M",
            "arg1": "29356",
            "arg2": "2",
            "arg3": "29368",
            "arg4": "1"
        },
        {
            "command": "E",
            "arg1": "29357",
            "arg2": "0",
            "arg3": "16"
        },
        {
            "command": "E",
            "arg1": "29358",
            "arg2": "0",
            "arg3": "11"
        },
        {
            "command": "M",
            "arg1": "29350",
            "arg2": "4",
            "arg3": "29369",
            "arg4": "1"
        },
        {
            "command": "E",
            "arg1": "29350",
            "arg2": "0",
            "arg3": "16"
        }
    ],
    "shops": []
}