{
    "area": {
        "file": "limbo.are",
        "name": "Limbo",
        "low_range": "99",
        "high_range": "100",
        "writer": "Diku",
        "credits": "Limbo",
        "min_vnum": "0",
        "max_vnum": "99"
    },
    "mobiles": [
        {
            "vnum": "10",
            "name": "shadow %s",
            "short_description": "the shadow of %s",
            "long_description": "%s's shadow is here.\n",
            "description": "This dark form seems like it wants to get back at %s for keeping it\nbelow them for so long....better not get in its way!\n",
            "race": "human",
            "act": "AW",
            "affected_by": "JPVZee",
            "alignment": "0",
            "group": "0",
            "level": "0",
            "hitroll": "0",
            "hit_dice": "0d0+0",
            "mana_dice": "0d0+0",
            "dam_dice": "5d3+15",
            "dam_type": "slash",
            "ac_pierce": "0",
            "ac_bash": "0",
            "ac_slash": "0",
            "ac_exotic": "0",
            "off_flags": "EFN",
            "imm_flags": "EKL",
            "res_flags": "H",
            "vuln_flags": "NI",
            "start_pos": "stand",
            "default_pos": "stand",
            "sex": "male",
            "wealth": "0",
            "form": "0",
            "parts": "0",
            "size": "medium",
            "material": "0"
        },
        {
            "vnum": "11",
            "name": "special guard",
            "short_description": "the guard",
            "long_description": "A special guard stands here, red with anger!\n",
            "description": "Angry, very angry.\n",
            "race": "human",
            "act": "ATc",
            "affected_by": "JNV",
            "alignment": "1000",
            "group": "0",
            "level": "20",
            "hitroll": "3",
            "hit_dice": "16d15+320",
            "mana_dice": "1d1+141",
            "dam_dice": "5d5+10",
            "dam_type": "punch",
            "ac_pierce": "0",
            "ac_bash": "0",
            "ac_slash": "0",
            "ac_exotic": "0",
            "off_flags": "TQ",
            "imm_flags": "0",
            "res_flags": "AB",
            "vuln_flags": "M",
            "start_pos": "stand",
            "default_pos": "stand",
            "sex": "male",
            "wealth": "0",
            "form": "0",
            "parts": "0",
            "size": "medium",
            "material": "0"
        },
        {
            "vnum": "12",
            "name": "bear",
            "short_description": "a bear",
            "long_description": "A strong looking bear is here.\n",
            "description": "You see nothing special about it.\n",
            "race": "bear",
            "act": "A",
            "affected_by": "0",
            "alignment": "0",
            "group": "0",
            "level": "0",
            "hitroll": "1",
            "hit_dice": "1d1+1",
            "mana_dice": "1d1+1",
            "dam_dice": "3d10+12",
            "dam_type": "claw",
            "ac_pierce": "0",
            "ac_bash": "0",
            "ac_slash": "0",
            "ac_exotic": "0",
            "off_flags": "N",
            "imm_flags": "0",
            "res_flags": "0",
            "vuln_flags": "0",
            "start_pos": "stand",
            "default_pos": "stand",
            "sex": "male",
            "wealth": "0",
            "form": "0",
            "parts": "0",
            "size": "medium",
            "material": "0"
        },
        {
            "vnum": "13",
            "name": "fiery red demon",
            "short_description": "a fiery demon",
            "long_description": "A red, fiery demon is looking around very angry.\n",
            "description": "A big red demon, you feel like it is flaming.\n",
            "race": "unique",
            "act": "AB",
            "affected_by": "JZ",
            "alignment": "-1000",
            "group": "0",
            "level": "40",
            "hitroll": "0",
            "hit_dice": "1d1+1",
            "mana_dice": "1d1+1",
            "dam_dice": "2d4+20",
            "dam_type": "slash",
            "ac_pierce": "-15",
            "ac_bash": "-15",
            "ac_slash": "-15",
            "ac_exotic": "-15",
            "off_flags": "FHI",
            "imm_flags": "0",
            "res_flags": "0",
            "vuln_flags": "0",
            "start_pos": "stand",
            "default_pos": "stand",
            "sex": "male",
            "wealth": "0",
            "form": "0",
            "parts": "0",
            "size": "medium",
            "material": "0"
        },
        {
            "vnum": "14",
            "name": "nightwalker",
            "short_description": "A Nightwalker",
            "long_description": "A Nightwalker from the shadows lurks around.\n",
            "description": "This is a Nightwalker summoned from the shadows. Bloody eyes seem glowing.\nThis creature has a horible look.\n",
            "race": "human",
            "act": "ATOc",
            "affected_by": "JFD",
            "alignment": "-750",
            "group": "0",
            "level": "20",
            "hitroll": "3",
            "hit_dice": "16d15+240",
            "mana_dice": "1d1+152",
            "dam_dice": "5d3+20",
            "dam_type": "punch",
            "ac_pierce": "0",
            "ac_bash": "0",
            "ac_slash": "0",
            "ac_exotic": "0",
            "off_flags": "JED",
            "imm_flags": "G",
            "res_flags": "AB",
            "vuln_flags": "M",
            "start_pos": "stand",
            "default_pos": "stand",
            "sex": "male",
            "wealth": "0",
            "form": "0",
            "parts": "0",
            "size": "medium",
            "material": "0"
        },
        {
            "vnum": "15",
            "name": "stalker guard",
            "short_description": "the stalker",
            "long_description": "A Stalker stands here, red with anger!\n",
            "description": "Angry, very angry.\n",
            "race": "human",
            "act": "ATc",
            "affected_by": "0",
            "alignment": "1000",
            "group": "0",
            "level": "20",
            "hitroll": "3",
            "hit_dice": "16d15+160",
            "mana_dice": "1d1+149",
            "dam_dice": "4d9+15",
            "dam_type": "slash",
            "ac_pierce": "0",
            "ac_bash": "0",
            "ac_slash": "0",
            "ac_exotic": "0",
            "off_flags": "FHINQT",
            "imm_flags": "AB",
            "res_flags": "MN",
            "vuln_flags": "0",
            "start_pos": "stand",
            "default_pos": "stand",
            "sex": "male",
            "wealth": "0",
            "form": "0",
            "parts": "0",
            "size": "medium",
            "material": "0"
        },
        {
            "vnum": "16",
            "name": "squire",
            "short_description": "the squire",
            "long_description": "A squire is stands here, with a smile in his face.\n",
            "description": "This noble squire is serving his apprenticeship in the ways of honor\nand chivalry under his master.\n",
            "race": "human",
            "act": "ATc",
            "affected_by": "JNVHFee",
            "alignment": "1000",
            "group": "0",
            "level": "20",
            "hitroll": "3",
            "hit_dice": "16d15+160",
            "mana_dice": "1d1+149",
            "dam_dice": "3d10+12",
            "dam_type": "slash",
            "ac_pierce": "0",
            "ac_bash": "0",
            "ac_slash": "0",
            "ac_exotic": "0",
            "off_flags": "EN",
            "imm_flags": "0",
            "res_flags": "AB",
            "vuln_flags": "M",
            "start_pos": "stand",
            "default_pos": "stand",
            "sex": "male",
            "wealth": "0",
            "form": "0",
            "parts": "0",
            "size": "medium",
            "material": "0"
        },
        {
            "vnum": "17",
            "name": "mirror",
            "short_description": "the mirror",
            "long_description": "A mirror image of someone is here.\n",
            "description": "You see nothing special about it.\n",
            "race": "human",
            "act": "AB",
            "affected_by": "0",
            "alignment": "0",
            "group": "0",
            "level": "0",
            "hitroll": "0",
            "hit_dice": "0d0+0",
            "mana_dice": "0d0+0",
            "dam_dice": "0d0+0",
            "dam_type": "none",
            "ac_pierce": "0",
            "ac_bash": "0",
            "ac_slash": "0",
            "ac_exotic": "0",
            "off_flags": "EFN",
            "imm_flags": "EKL",
            "res_flags": "H",
            "vuln_flags": "NI",
            "start_pos": "stand",
            "default_pos": "stand",
            "sex": "male",
            "wealth": "0",
            "form": "0",
            "parts": "0",
            "size": "medium",
            "material": "0"
        },
        {
            "vnum": "18",
            "name": "undead",
            "short_description": "an undead",
            "long_description": "an undead body is here.\n",
            "description": "You see nothing special about it.\n",
            "race": "undead",
            "act": "A",
            "affected_by": "0",
            "alignment": "0",
            "group": "0",
            "level": "0",
            "hitroll": "1",
            "hit_dice": "1d1+1",
            "mana_dice": "1d1+1",
            "dam_dice": "3d10+12",
            "dam_type": "punch",
            "ac_pierce": "0",
            "ac_bash": "0",
            "ac_slash": "0",
            "ac_exotic": "0",
            "off_flags": "N",
            "imm_flags": "0",
            "res_flags": "0",
            "vuln_flags": "0",
            "start_pos": "stand",
            "default_pos": "stand",
            "sex": "male",
            "wealth": "0",
            "form": "0",
            "parts": "0",
            "size": "medium",
            "material": "0"
        },
        {
            "vnum": "19",
            "name": "lion",
            "short_description": "a lion",
            "long_description": "A honoured looking lion is here.\n",
            "description": "You see nothing special about it.\n",
            "race": "lion",
            "act": "A",
            "affected_by": "0",
            "alignment": "0",
            "group": "0",
            "level": "0",
            "hitroll": "1",
            "hit_dice": "1d1+1",
            "mana_dice": "1d1+1",
            "dam_dice": "3d10+12",
            "dam_type": "claw",
            "ac_pierce": "0",
            "ac_bash": "0",
            "ac_slash": "0",
            "ac_exotic": "0",
            "off_flags": "N",
            "imm_flags": "0",
            "res_flags": "0",
            "vuln_flags": "0",
            "start_pos": "stand",
            "default_pos": "stand",
            "sex": "male",
            "wealth": "0",
            "form": "0",
            "parts": "0",
            "size": "medium",
            "material": "0"
        },
        {
            "vnum": "20",
            "name": "wolf",
            "short_description": "a wolf",
            "long_description": "A wolf is here, looking very angrily.\n",
            "description": "You see nothing special about it.\n",
            "race": "wolf",
            "act": "A",
            "affected_by": "0",
            "alignment": "0",
            "group": "0",
            "level": "0",
            "hitroll": "1",
            "hit_dice": "1d1+1",
            "mana_dice": "1d1+1",
            "dam_dice": "3d10+12",
            "dam_type": "claw",
            "ac_pierce": "0",
            "ac_bash": "0",
            "ac_slash": "0",
            "ac_exotic": "0",
            "off_flags": "N",
            "imm_flags": "0",
            "res_flags": "0",
            "vuln_flags": "0",
            "start_pos": "stand",
            "default_pos": "stand",
            "sex": "male",
            "wealth": "0",
            "form": "0",
            "parts": "0",
            "size": "medium",
            "material": "0"
        },
        {
            "vnum": "21",
            "name": "golem lesser",
            "short_description": "a lesser golem",
            "long_description": "A lesser golem is here.\n",
            "description": "The golem appears to be made of some kind of clay, enchanted to come to life!.\n",
            "race": "golem",
            "act": "AT",
            "affected_by": "V",
            "alignment": "0",
            "group": "0",
            "level": "0",
            "hitroll": "1",
            "hit_dice": "1d1+1",
            "mana_dice": "1d1+1",
            "dam_dice": "3d10+12",
            "dam_type": "crush",
            "ac_pierce": "0",
            "ac_bash": "0",
            "ac_slash": "0",
            "ac_exotic": "0",
            "off_flags": "EFO",
            "imm_flags": "0",
            "res_flags": "0",
            "vuln_flags": "0",
            "start_pos": "stand",
            "default_pos": "stand",
            "sex": "none",
            "wealth": "0",
            "form": "0",
            "parts": "0",
            "size": "small",
            "material": "0"
        },
        {
            "vnum": "22",
            "name": "golem stone",
            "short_description": "a stone golem",
            "long_description": "A stone golem stands ready to rend its master's enemies apart.\n",
            "description": "This is a large stone statue of a man. The statue stands eight feet tall\nand looks powerful enough to rip off your head without straining.\n",
            "race": "golem",
            "act": "AT",
            "affected_by": "V",
            "alignment": "0",
            "group": "0",
            "level": "0",
            "hitroll": "1",
            "hit_dice": "1d1+1",
            "mana_dice": "1d1+1",
            "dam_dice": "3d10+12",
            "dam_type": "crush",
            "ac_pierce": "0",
            "ac_bash": "0",
            "ac_slash": "0",
            "ac_exotic": "0",
            "off_flags": "EFO",
            "imm_flags": "0",
            "res_flags": "0",
            "vuln_flags": "0",
            "start_pos": "stand",
            "default_pos": "stand",
            "sex": "none",
            "wealth": "0",
            "form": "0",
            "parts": "0",
            "size": "medium",
            "material": "0"
        },
        {
            "vnum": "23",
            "name": "golem iron",
            "short_description": "a iron golem",
            "long_description": "A huge iron statue of a man stands here.\n",
            "description": "This looks to be an iron statue of a human.  The statue stands a good\nfifteen feet tall.  In fact it almost looks as if it can move.  You then glance\nat it's eyes and notice with a shock that they are watching you. \n",
            "race": "golem",
            "act": "AT",
            "affected_by": "V",
            "alignment": "0",
            "group": "0",
            "level": "0",
            "hitroll": "1",
            "hit_dice": "1d1+1",
            "mana_dice": "1d1+1",
            "dam_dice": "3d10+12",
            "dam_type": "crush",
            "ac_pierce": "0",
            "ac_bash": "0",
            "ac_slash": "0",
            "ac_exotic": "0",
            "off_flags": "EFO",
            "imm_flags": "0",
            "res_flags": "0",
            "vuln_flags": "0",
            "start_pos": "stand",
            "default_pos": "stand",
            "sex": "none",
            "wealth": "0",
            "form": "0",
            "parts": "0",
            "size": "medium",
            "material": "0"
        },
        {
            "vnum": "24",
            "name": "golem adamantite",
            "short_description": "a adamantite golem",
            "long_description": "An adamantite golem stands here looking very dangerous.\n",
            "description": "It seems to be forged of dark metal.  It looks strong and durable,\nbut somewhat un-intelligent.\n",
            "race": "golem",
            "act": "AT",
            "affected_by": "V",
            "alignment": "0",
            "group": "0",
            "level": "0",
            "hitroll": "1",
            "hit_dice": "1d1+1",
            "mana_dice": "1d1+1",
            "dam_dice": "3d10+12",
            "dam_type": "crush",
            "ac_pierce": "0",
            "ac_bash": "0",
            "ac_slash": "0",
            "ac_exotic": "0",
            "off_flags": "EFO",
            "imm_flags": "0",
            "res_flags": "0",
            "vuln_flags": "0",
            "start_pos": "stand",
            "default_pos": "stand",
            "sex": "none",
            "wealth": "0",
            "form": "0",
            "parts": "0",
            "size": "large",
            "material": "0"
        },
        {
            "vnum": "25",
            "name": "lion",
            "short_description": "a lion",
            "long_description": "A honoured looking lion is here.\n",
            "description": "You see nothing special about it.\n",
            "race": "lion",
            "act": "A",
            "affected_by": "0",
            "alignment": "0",
            "group": "0",
            "level": "0",
            "hitroll": "1",
            "hit_dice": "1d1+1",
            "mana_dice": "1d1+1",
            "dam_dice": "3d10+12",
            "dam_type": "claw",
            "ac_pierce": "0",
            "ac_bash": "0",
            "ac_slash": "0",
            "ac_exotic": "0",
            "off_flags": "N",
            "imm_flags": "0",
            "res_flags": "0",
            "vuln_flags": "0",
            "start_pos": "stand",
            "default_pos": "stand",
            "sex": "male",
            "wealth": "0",
            "form": "0",
            "parts": "0",
            "size": "medium",
            "material": "0"
        },
        {
            "vnum": "26",
            "name": "shadow",
            "short_description": "a summoned shadow",
            "long_description": "A dark summoned shadow is here.\n",
            "description": "You see nothingness.\n",
            "race": "lion",
            "act": "AO",
            "affected_by": "0",
            "alignment": "0",
            "group": "0",
            "level": "0",
            "hitroll": "1",
            "hit_dice": "1d1+1",
            "mana_dice": "1d1+1",
            "dam_dice": "3d10+12",
            "dam_type": "claw",
            "ac_pierce": "0",
            "ac_bash": "0",
            "ac_slash": "0",
            "ac_exotic": "0",
            "off_flags": "N",
            "imm_flags": "M",
            "res_flags": "0",
            "vuln_flags": "0",
            "start_pos": "stand",
            "default_pos": "stand",
            "sex": "male",
            "wealth": "0",
            "form": "0",
            "parts": "0",
            "size": "medium",
            "material": "0"
        },
        {
            "vnum": "27",
            "name": "dog",
            "short_description": "a dog",
            "long_description": "A dog is here, waiting for the orders of its master.\n",
            "description": "You see nothing special about it.\n",
            "race": "dog",
            "act": "A",
            "affected_by": "0",
            "alignment": "0",
            "group": "0",
            "level": "0",
            "hitroll": "1",
            "hit_dice": "1d1+1",
            "mana_dice": "1d1+1",
            "dam_dice": "3d10+12",
            "dam_type": "claw",
            "ac_pierce": "0",
            "ac_bash": "0",
            "ac_slash": "0",
            "ac_exotic": "0",
            "off_flags": "N",
            "imm_flags": "0",
            "res_flags": "0",
            "vuln_flags": "0",
            "start_pos": "stand",
            "default_pos": "stand",
            "sex": "male",
            "wealth": "0",
            "form": "0",
            "parts": "0",
            "size": "medium",
            "material": "0"
        },
        {
            "vnum": "28",
            "name": "summoned earth elemental",
            "short_description": "An earth elemental",
            "long_description": "A huge part of earth stands here, preparing to move.\n",
            "description": "You see nothing special about it.\n",
            "race": "earth elemental",
            "act": "A",
            "affected_by": "0",
            "alignment": "0",
            "group": "0",
            "level": "0",
            "hitroll": "1",
            "hit_dice": "1d1+1",
            "mana_dice": "1d1+1",
            "dam_dice": "3d10+12",
            "dam_type": "crush",
            "ac_pierce": "0",
            "ac_bash": "0",
            "ac_slash": "0",
            "ac_exotic": "0",
            "off_flags": "N",
            "imm_flags": "0",
            "res_flags": "E",
            "vuln_flags": "0",
            "start_pos": "stand",
            "default_pos": "stand",
            "sex": "male",
            "wealth": "0",
            "form": "0",
            "parts": "0",
            "size": "large",
            "material": "0"
        },
        {
            "vnum": "29",
            "name": "summoned air elemental",
            "short_description": "An air elemental",
            "long_description": "A dense circularly flowing gaseous form hanging here.\n",
            "description": "You see nothing special about it.\n",
            "race": "air elemental",
            "act": "A",
            "affected_by": "0",
            "alignment": "0",
            "group": "0",
            "level": "0",
            "hitroll": "1",
            "hit_dice": "1d1+1",
            "mana_dice": "1d1+1",
            "dam_dice": "3d10+12",
            "dam_type": "crush",
            "ac_pierce": "0",
            "ac_bash": "0",
            "ac_slash": "0",
            "ac_exotic": "0",
            "off_flags": "N",
            "imm_flags": "0",
            "res_flags": "OS",
            "vuln_flags": "0",
            "start_pos": "stand",
            "default_pos": "stand",
            "sex": "male",
            "wealth": "0",
            "form": "0",
            "parts": "0",
            "size": "large",
            "material": "0"
        },
        {
            "vnum": "30",
            "name": "summoned fire elemental",
            "short_description": "A fire elemental",
            "long_description": "A balanced burning air is hanging here.\n",
            "description": "You see nothing special about it.\n",
            "race": "fire elemental",
            "act": "A",
            "affected_by": "0",
            "alignment": "0",
            "group": "0",
            "level": "0",
            "hitroll": "1",
            "hit_dice": "1d1+1",
            "mana_dice": "1d1+1",
            "dam_dice": "3d10+12",
            "dam_type": "crush",
            "ac_pierce": "0",
            "ac_bash": "0",
            "ac_slash": "0",
            "ac_exotic": "0",
            "off_flags": "N",
            "imm_flags": "0",
            "res_flags": "H",
            "vuln_flags": "0",
            "start_pos": "stand",
            "default_pos": "stand",
            "sex": "male",
            "wealth": "0",
            "form": "0",
            "parts": "0",
            "size": "large",
            "material": "0"
        },
        {
            "vnum": "31",
            "name": "summoned water elemental",
            "short_description": "A water elemental",
            "long_description": "A huge mass of ball-shaped water is hanging in the air.\n",
            "description": "You see nothing special about it.\n",
            "race": "water elemental",
            "act": "A",
            "affected_by": "0",
            "alignment": "0",
            "group": "0",
            "level": "0",
            "hitroll": "1",
            "hit_dice": "1d1+1",
            "mana_dice": "1d1+1",
            "dam_dice": "3d10+12",
            "dam_type": "crush",
            "ac_pierce": "0",
            "ac_bash": "0",
            "ac_slash": "0",
            "ac_exotic": "0",
            "off_flags": "N",
            "imm_flags": "0",
            "res_flags": "I",
            "vuln_flags": "0",
            "start_pos": "stand",
            "default_pos": "stand",
            "sex": "male",
            "wealth": "0",
            "form": "0",
            "parts": "0",
            "size": "large",
            "material": "0"
        },
        {
            "vnum": "32",
            "name": "summoned lightning elemental",
            "short_description": "A lightning elemental",
            "long_description": "A huge spark of electricity fizzles here.\n",
            "description": "You see nothing special about it.\n",
            "race": "lightning elemental",
            "act": "A",
            "affected_by": "0",
            "alignment": "0",
            "group": "0",
            "level": "0",
            "hitroll": "1",
            "hit_dice": "1d1+1",
            "mana_dice": "1d1+1",
            "dam_dice": "3d10+12",
            "dam_type": "crush",
            "ac_pierce": "0",
            "ac_bash": "0",
            "ac_slash": "0",
            "ac_exotic": "0",
            "off_flags": "N",
            "imm_flags": "0",
            "res_flags": "J",
            "vuln_flags": "0",
            "start_pos": "stand",
            "default_pos": "stand",
            "sex": "male",
            "wealth": "0",
            "form": "0",
            "parts": "0",
            "size": "large",
            "material": "0"
        },
        {
            "vnum": "33",
            "name": "animated weapon",
            "short_description": "Live %s",
            "long_description": "An animated weapon stands here.\n",
            "description": "You see nothing special about it.\n",
            "race": "unique",
            "act": "A",
            "affected_by": "0",
            "alignment": "0",
            "group": "0",
            "level": "0",
            "hitroll": "1",
            "hit_dice": "1d1+1",
            "mana_dice": "1d1+1",
            "dam_dice": "3d10+12",
            "dam_type": "slash",
            "ac_pierce": "0",
            "ac_bash": "0",
            "ac_slash": "0",
            "ac_exotic": "0",
            "off_flags": "N",
            "imm_flags": "0",
            "res_flags": "0",
            "vuln_flags": "0",
            "start_pos": "stand",
            "default_pos": "stand",
            "sex": "male",
            "wealth": "0",
            "form": "0",
            "parts": "0",
            "size": "large",
            "material": "0"
        },
        {
            "vnum": "34",
            "name": "animated armor",
            "short_description": "Live %s",
            "long_description": "An animated armor stands here.\n",
            "description": "You see nothing special about it.\n",
            "race": "unique",
            "act": "A",
            "affected_by": "0",
            "alignment": "0",
            "group": "0",
            "level": "0",
            "hitroll": "1",
            "hit_dice": "1d1+1",
            "mana_dice": "1d1+1",
            "dam_dice": "3d10+12",
            "dam_type": "crush",
            "ac_pierce": "0",
            "ac_bash": "0",
            "ac_slash": "0",
            "ac_exotic": "0",
            "off_flags": "N",
            "imm_flags": "0",
            "res_flags": "0",
            "vuln_flags": "0",
            "start_pos": "stand",
            "default_pos": "stand",
            "sex": "male",
            "wealth": "0",
            "form": "0",
            "parts": "0",
            "size": "large",
            "material": "0"
        }
    ],
    "objects": [
        {
            "vnum": "1",
            "name": "coin silver gcash",
            "short_description": "a silver coin",
            "description": "One miserable silver coin.",
            "material": "silver",
            "type": "money",
            "extra_flags": "0",
            "wear_flags": "A",
            "values": "1 0 0 0 0",
            "level": "0",
            "weight": "10",
            "cost": "0",
            "condition": "P"
        },
        {
            "vnum": "2",
            "name": "coin gold gcash",
            "short_description": "a gold coin",
            "description": "One valuable gold coin.",
            "material": "gold",
            "type": "money",
            "extra_flags": "0",
            "wear_flags": "A",
            "values": "0 1 0 0 0",
            "level": "0",
            "weight": "10",
            "cost": "0",
            "condition": "P"
        },
        {
            "vnum": "3",
            "name": "coins gold gcash",
            "short_description": "%d gold coins",
            "description": "A pile of gold coins.",
            "material": "gold",
            "type": "money",
            "extra_flags": "0",
            "wear_flags": "A",
            "values": "0 0 0 0 0",
            "level": "0",
            "weight": "10",
            "cost": "0",
            "condition": "P"
        },
        {
            "vnum": "4",
            "name": "coins silver gcash",
            "short_description": "%d silver coins",
            "description": "A pile of silver coins.",
            "material": "silver",
            "type": "money",
            "extra_flags": "0",
            "wear_flags": "A",
            "values": "0 0 0 0 0",
            "level": "0",
            "weight": "10",
            "cost": "0",
            "condition": "P"
        },
        {
            "vnum": "5",
            "name": "coins silver gold gcash",
            "short_description": "%d silver coins and %d gold coins",
            "description": "A pile of coins.",
            "material": "gold",
            "type": "money",
            "extra_flags": "0",
            "wear_flags": "A",
            "values": "0 0 0 0 0",
            "level": "0",
            "weight": "10",
            "cost": "0",
            "condition": "P"
        },
        {
            "vnum": "6",
            "name": "%s arrow",
            "short_description": "a %s arrow",
            "description": "A %s arrow lies on the ground.",
            "material": "wood",
            "type": "weapon",
            "extra_flags": "0",
            "wear_flags": "AO",
            "values": "arrow 1 1 pierce 0",
            "level": "1",
            "weight": "5",
            "cost": "10",
            "condition": "P"
        },
        {
            "vnum": "7",
            "name": "wooden bow",
            "short_description": "a wooden bow",
            "description": "A wooden arrow lies on the ground.",
            "material": "wood",
            "type": "weapon",
            "extra_flags": "0",
            "wear_flags": "AO",
            "values": "bow 1 1 blast 0",
            "level": "1",
            "weight": "5",
            "cost": "10",
            "condition": "P"
        },
        {
            "vnum": "10",
            "name": "corpse",
            "short_description": "the corpse of %s",
            "description": "The corpse of %s is lying here.",
            "material": "flesh",
            "type": "npc_corpse",
            "extra_flags": "0",
            "wear_flags": "A",
            "values": "0 0 0 1 0",
            "level": "0",
            "weight": "1000",
            "cost": "0",
            "condition": "D"
        },
        {
            "vnum": "11",
            "name": "corpse",
            "short_description": "the corpse of %s",
            "description": "The corpse of %s is lying here.",
            "material": "flesh",
            "type": "pc_corpse",
            "extra_flags": "O",
            "wear_flags": "A",
            "values": "0 0 0 1 0",
            "level": "0",
            "weight": "1000",
            "cost": "0",
            "condition": "D"
        },
        {
            "vnum": "12",
            "name": "head",
            "short_description": "the head of %s",
            "description": "The severed head of %s is lying here.",
            "material": "meat",
            "type": "trash",
            "extra_flags": "0",
            "wear_flags": "A",
            "values": "0 0 0 0 0",
            "level": "0",
            "weight": "50",
            "cost": "0",
            "condition": "D"
        },
        {
            "vnum": "13",
            "name": "heart",
            "short_description": "the heart of %s",
            "description": "The torn-out heart of %s is lying here.",
            "material": "meat",
            "type": "food",
            "extra_flags": "0",
            "wear_flags": "A",
            "values": "16 16 0 0 0",
            "level": "0",
            "weight": "20",
            "cost": "0",
            "condition": "D"
        },
        {
            "vnum": "14",
            "name": "arm",
            "short_description": "the arm of %s",
            "description": "The sliced-off arm of %s is lying here.",
            "material": "meat",
            "type": "food",
            "extra_flags": "0",
            "wear_flags": "A",
            "values": "20 20 0 0 0",
            "level": "0",
            "weight": "50",
            "cost": "0",
            "condition": "D"
        },
        {
            "vnum": "15",
            "name": "leg",
            "short_description": "the leg of %s",
            "description": "The sliced-off leg of %s is lying here.",
            "material": "meat",
            "type": "food",
            "extra_flags": "0",
            "wear_flags": "A",
            "values": "20 20 0 0 0",
            "level": "0",
            "weight": "50",
            "cost": "0",
            "condition": "D"
        },
        {
            "vnum": "16",
            "name": "guts entrails",
            "short_description": "the guts of %s",
            "description": "A steaming pile of %s's entrails is lying here.",
            "material": "meat",
            "type": "food",
            "extra_flags": "0",
            "wear_flags": "A",
            "values": "5 5 0 1 0",
            "level": "0",
            "weight": "20",
            "cost": "0",
            "condition": "D"
        },
        {
            "vnum": "17",
            "name": "brains brain",
            "short_description": "the brains of %s",
            "description": "The splattered brains of %s are lying here.",
            "material": "meat",
            "type": "food",
            "extra_flags": "0",
            "wear_flags": "A",
            "values": "10 10 0 0 0",
            "level": "0",
            "weight": "20",
            "cost": "0",
            "condition": "D"
        },
        {
            "vnum": "19",
            "name": "grave stone",
            "short_description": "the grave of %s",
            "description": "A grave stone for %s stands here.",
            "material": "stone",
            "type": "treasure",
            "extra_flags": "A",
            "wear_flags": "0",
            "values": "0 0 0 0 0",
            "level": "100",
            "weight": "100",
            "cost": "12000",
            "condition": "P"
        },
        {
            "vnum": "20",
            "name": "mushroom",
            "short_description": "a Magic Mushroom",
            "description": "A delicious magic mushroom is here.",
            "material": "food",
            "type": "food",
            "extra_flags": "0",
            "wear_flags": "A",
            "values": "8 8 0 0 0",
            "level": "0",
            "weight": "10",
            "cost": "0",
            "condition": "P"
        },
        {
            "vnum": "21",
            "name": "ball light",
            "short_description": "a bright ball of light",
            "description": "A bright ball of light shimmers in the air.",
            "material": "energy",
            "type": "light",
            "extra_flags": "A",
            "wear_flags": "A",
            "values": "0 0 -1 0 0",
            "level": "0",
            "weight": "0",
            "cost": "0",
            "condition": "P"
        },
        {
            "vnum": "22",
            "name": "spring",
            "short_description": "a magical spring",
            "description": "A magical spring flows from the ground here.",
            "material": "water",
            "type": "fountain",
            "extra_flags": "G",
            "wear_flags": "0",
            "values": "100000 100000 'water' 0 0",
            "level": "0",
            "weight": "0",
            "cost": "0",
            "condition": "P"
        },
        {
            "vnum": "23",
            "name": "disc disk floating black",
            "short_description": "a floating disc",
            "description": "A floating black disc hangs in the air.",
            "material": "energy",
            "type": "container",
            "extra_flags": "GMPUYZ",
            "wear_flags": "AQ",
            "values": "0 E 0 0 0",
            "level": "0",
            "weight": "0",
            "cost": "0",
            "condition": "P"
        },
        {
            "vnum": "25",
            "name": "gate portal",
            "short_description": "a shimmering gate",
            "description": "A shimmering black gate rises from the ground, leading to parts unknown.",
            "material": "shadow",
            "type": "portal",
            "extra_flags": "GOT",
            "wear_flags": "0",
            "values": "0 0 0 0 0",
            "level": "0",
            "weight": "0",
            "cost": "0",
            "condition": "P"
        },
        {
            "vnum": "26",
            "name": "poncho",
            "short_description": "a poncho from the carcass of %s",
            "description": "A poncho from the cascass of %s lies here.",
            "material": "flesh",
            "type": "armor",
            "extra_flags": "0",
            "wear_flags": "AK",
            "values": "0 0 0 0 0",
            "level": "0",
            "weight": "60",
            "cost": "0",
            "condition": "P",
            "affects_a": [
                {
                    "location": "13",
                    "modifier": "35"
                },
                {
                    "location": "6",
                    "modifier": "1"
                }
            ]
        },
        {
            "vnum": "27",
            "name": "steak",
            "short_description": "a steak from %s",
            "description": "A steak from %s.",
            "material": "meat",
            "type": "food",
            "extra_flags": "0",
            "wear_flags": "A",
            "values": "25 25 0 0 0",
            "level": "0",
            "weight": "20",
            "cost": "0",
            "condition": "P"
        },
        {
            "vnum": "28",
            "name": "ranger staff",
            "short_description": "a ranger staff",
            "description": "There is a Ranger's Staff here on the ground.",
            "material": "ebony",
            "type": "weapon",
            "extra_flags": "A",
            "wear_flags": "AN",
            "values": "staff 10 1 pierce 0",
            "level": "0",
            "weight": "160",
            "cost": "0",
            "condition": "P"
        },
        {
            "vnum": "29",
            "name": "decanter endless water",
            "short_description": "Decanter of Endless Water",
            "description": "A small shiny decanter is on the floor.",
            "material": "leather",
            "type": "drink",
            "extra_flags": "AGIOY",
            "wear_flags": "A",
            "values": "100000 100000 'water' 0 0",
            "level": "21",
            "weight": "10",
            "cost": "29900",
            "condition": "G",
            "extra_descriptions": [
                {
                    "keyword": "decanter",
                    "description": "The letters '%s' is carved on the upper surface of the decanter.\n"
                }
            ]
        },
        {
            "vnum": "30",
            "name": "silk adamantite backpack",
            "short_description": "the silk-adamantite backpack",
            "description": "A very very shiny backpack is here.",
            "material": "silk",
            "type": "container",
            "extra_flags": "AGIOY",
            "wear_flags": "AKOP",
            "values": "500 64 0 100 10",
            "level": "21",
            "weight": "30",
            "cost": "99900",
            "condition": "P",
            "affects_a": [
                {
                    "location": "3",
                    "modifier": "5"
                },
                {
                    "location": "5",
                    "modifier": "5"
                },
                {
                    "location": "6",
                    "modifier": "5"
                },
                {
                    "location": "12",
                    "modifier": "200"
                },
                {
                    "location": "13",
                    "modifier": "200"
                },
                {
                    "location": "17",
                    "modifier": "-200"
                },
                {
                    "location": "14",
                    "modifier": "500"
                },
                {
                    "location": "18",
                    "modifier": "20"
                },
                {
                    "location": "19",
                    "modifier": "20"
                },
                {
                    "location": "24",
                    "modifier": "-20"
                }
            ],
            "extra_descriptions": [
                {
                    "keyword": "backpack",
                    "description": "The golden letters '%s' is carved on the side of the backpack.\n"
                }
            ]
        },
        {
            "vnum": "31",
            "name": "lion shield",
            "short_description": "Shield Lion",
            "description": "A shield with a head of lion shape on it lying on the floor.",
            "material": "steel",
            "type": "armor",
            "extra_flags": "GIRYZ",
            "wear_flags": "AJ",
            "values": "8 8 8 3 0",
            "level": "0",
            "weight": "80",
            "cost": "10000",
            "condition": "P"
        },
        {
            "vnum": "42",
            "name": "vial potion",
            "short_description": "a potion vial",
            "description": "A vial of a potion is left here.",
            "material": "glass",
            "type": "drink",
            "extra_flags": "0",
            "wear_flags": "AO",
            "values": "5 0 'water' 0 0",
            "level": "0",
            "weight": "10",
            "cost": "10",
            "condition": "P",
            "extra_descriptions": [
                {
                    "keyword": "vial",
                    "description": "It's a glass vial used to hold magical potions. It looks fragile.\n"
                }
            ]
        },
        {
            "vnum": "43",
            "name": "potion silver",
            "short_description": "a silver potion",
            "description": "A small silvery potion has carelessly been left here.",
            "material": "glass",
            "type": "potion",
            "extra_flags": "G",
            "wear_flags": "AO",
            "values": "1 'detect invis' '' '' ''",
            "level": "0",
            "weight": "10",
            "cost": "0",
            "condition": "P"
        },
        {
            "vnum": "44",
            "name": "potion golden",
            "short_description": "a golden potion",
            "description": "A golden vial shines on the ground.",
            "material": "glass",
            "type": "potion",
            "extra_flags": "G",
            "wear_flags": "AO",
            "values": "1 'frenzy' '' '' ''",
            "level": "0",
            "weight": "10",
            "cost": "0",
            "condition": "P"
        },
        {
            "vnum": "45",
            "name": "potion swirling",
            "short_description": "a swirling potion",
            "description": "Some swirling liquid in a vial catches your attention.",
            "material": "glass",
            "type": "potion",
            "extra_flags": "G",
            "wear_flags": "AO",
            "values": "1 'bless' '' '' ''",
            "level": "0",
            "weight": "10",
            "cost": "0",
            "condition": "P"
        },
        {
            "vnum": "51",
            "name": "tattoo atum ra",
            "short_description": "lawful good tattoo of atum-ra",
            "description": "A tattoo flying in the air.",
            "material": "energy",
            "type": "tattoo",
            "extra_flags": "AUTY",
            "wear_flags": "AR",
            "values": "0 0 -1 0 0",
            "level": "0",
            "weight": "0",
            "cost": "0",
            "condition": "P"
        },
        {
            "vnum": "52",
            "name": "tattoo zeus",
            "short_description": "neutral good tattoo of zeus",
            "description": "A tattoo flying in the air.",
            "material": "energy",
            "type": "tattoo",
            "extra_flags": "AUTY",
            "wear_flags": "AR",
            "values": "0 0 -1 0 0",
            "level": "0",
            "weight": "0",
            "cost": "0",
            "condition": "P"
        },
        {
            "vnum": "53",
            "name": "tattoo siebele",
            "short_description": "true neutral tattoo of siebele",
            "description": "A tattoo flying in the air.",
            "material": "energy",
            "type": "tattoo",
            "extra_flags": "AUTY",
            "wear_flags": "AR",
            "values": "0 0 -1 0 0",
            "level": "0",
            "weight": "0",
            "cost": "0",
            "condition": "P"
        },
        {
            "vnum": "54",
            "name": "tattoo shamash",
            "short_description": "tattoo of shamash, god of justice",
            "description": "A tattoo flying in the air.",
            "material": "energy",
            "type": "tattoo",
            "extra_flags": "AUTY",
            "wear_flags": "AR",
            "values": "0 0 -1 0 0",
            "level": "0",
            "weight": "0",
            "cost": "0",
            "condition": "P"
        },
        {
            "vnum": "55",
            "name": "tattoo ahura mazda",
            "short_description": "chaotic good tattoo of ahuramazda",
            "description": "A tattoo flying in the air.",
            "material": "energy",
            "type": "tattoo",
            "extra_flags": "AUTY",
            "wear_flags": "AR",
            "values": "0 0 -1 0 0",
            "level": "0",
            "weight": "0",
            "cost": "0",
            "condition": "P"
        },
        {
            "vnum": "56",
            "name": "tattoo ehrumen",
            "short_description": "chaotic evil tattoo of ehrumen",
            "description": "A tattoo flying in the air.",
            "material": "energy",
            "type": "tattoo",
            "extra_flags": "AUTY",
            "wear_flags": "AR",
            "values": "0 0 -1 0 0",
            "level": "0",
            "weight": "0",
            "cost": "0",
            "condition": "P"
        },
        {
            "vnum": "57",
            "name": "tattoo deimos",
            "short_description": "lawful evil tattoo of deimos",
            "description": "A tattoo flying in the air.",
            "material": "energy",
            "type": "tattoo",
            "extra_flags": "AUTY",
            "wear_flags": "AR",
            "values": "0 0 -1 0 0",
            "level": "0",
            "weight": "0",
            "cost": "0",
            "condition": "P"
        },
        {
            "vnum": "58",
            "name": "tattoo phobos",
            "short_description": "neutral evil tattoo of phobos",
            "description": "A tattoo flying in the air.",
            "material": "energy",
            "type": "tattoo",
            "extra_flags": "AUTY",
            "wear_flags": "AR",
            "values": "0 0 -1 0 0",
            "level": "0",
            "weight": "0",
            "cost": "0",
            "condition": "P"
        },
        {
            "vnum": "59",
            "name": "tattoo odin",
            "short_description": "lawful neutral tattoo of odin",
            "description": "A tattoo flying in the air.",
            "material": "energy",
            "type": "tattoo",
            "extra_flags": "AUTY",
            "wear_flags": "AR",
            "values": "0 0 -1 0 0",
            "level": "0",
            "weight": "0",
            "cost": "0",
            "condition": "P"
        },
        {
            "vnum": "60",
            "name": "tattoo teshub",
            "short_description": "chaotic neutral tattoo of teshub",
            "description": "A tattoo flying in the air.",
            "material": "energy",
            "type": "tattoo",
            "extra_flags": "AUTY",
            "wear_flags": "AR",
            "values": "0 0 -1 0 0",
            "level": "0",
            "weight": "0",
            "cost": "0",
            "condition": "P"
        },
        {
            "vnum": "61",
            "name": "tattoo ares",
            "short_description": "tattoo of ares, God of War",
            "description": "A tattoo flying in the air.",
            "material": "energy",
            "type": "tattoo",
            "extra_flags": "AUTY",
            "wear_flags": "AR",
            "values": "0 0 -1 0 0",
            "level": "0",
            "weight": "0",
            "cost": "0",
            "condition": "P"
        },
        {
            "vnum": "62",
            "name": "tattoo goktengri",
            "short_description": "tattoo of goktengri, God of Honor",
            "description": "A tattoo flying in the air.",
            "material": "energy",
            "type": "tattoo",
            "extra_flags": "AUTY",
            "wear_flags": "AR",
            "values": "0 0 -1 0 0",
            "level": "0",
            "weight": "0",
            "cost": "0",
            "condition": "P"
        },
        {
            "vnum": "63",
            "name": "tattoo hera",
            "short_description": "tattoo of hera, god of hate",
            "description": "A tattoo flying in the air.",
            "material": "energy",
            "type": "tattoo",
            "extra_flags": "AUTY",
            "wear_flags": "AR",
            "values": "0 0 -1 0 0",
            "level": "0",
            "weight": "0",
            "cost": "0",
            "condition": "P"
        },
        {
            "vnum": "64",
            "name": "tattoo venus",
            "short_description": "tattoo of venus, god of beauty",
            "description": "A tattoo flying in the air.",
            "material": "energy",
            "type": "tattoo",
            "extra_flags": "AUTY",
            "wear_flags": "AR",
            "values": "0 0 -1 0 0",
            "level": "0",
            "weight": "0",
            "cost": "0",
            "condition": "P"
        },
        {
            "vnum": "65",
            "name": "tattoo set",
            "short_description": "tattoo of set, god of anger",
            "description": "A tattoo flying in the air.",
            "material": "energy",
            "type": "tattoo",
            "extra_flags": "AUTY",
            "wear_flags": "AR",
            "values": "0 0 -1 0 0",
            "level": "0",
            "weight": "0",
            "cost": "0",
            "condition": "P"
        },
        {
            "vnum": "66",
            "name": "tattoo enki",
            "short_description": "tattoo of enki, god of knowledge",
            "description": "A tattoo flying in the air.",
            "material": "energy",
            "type": "tattoo",
            "extra_flags": "AUTY",
            "wear_flags": "AR",
            "values": "0 0 -1 0 0",
            "level": "0",
            "weight": "0",
            "cost": "0",
            "condition": "P"
        },
        {
            "vnum": "67",
            "name": "tattoo eros",
            "short_description": "tattoo of eros, god of love",
            "description": "A tattoo flying in the air.",
            "material": "energy",
            "type": "tattoo",
            "extra_flags": "AUTY",
            "wear_flags": "AR",
            "values": "0 0 -1 0 0",
            "level": "0",
            "weight": "0",
            "cost": "0",
            "condition": "P"
        },
        {
            "vnum": "70",
            "name": "badge",
            "short_description": "silver ruler badge",
            "description": "A silver bagde shines on the ground.",
            "material": "silver",
            "type": "treasure",
            "extra_flags": "MOTWZ",
            "wear_flags": "A",
            "values": "0 0 0 0 0",
            "level": "50",
            "weight": "4",
            "cost": "0",
            "condition": "P",
            "affects_f": [
                {
                    "where": "D",
                    "location": "0",
                    "modifier": "0",
                    "bitvector": "F"
                }
            ]
        },
        {
            "vnum": "71",
            "name": "buckler ruler shield",
            "short_description": "Rulers' Buckler",
            "description": "A buckler of a Ruler is on the ground.",
            "material": "steel",
            "type": "armor",
            "extra_flags": "GIRYZ",
            "wear_flags": "AJ",
            "values": "8 8 8 3 0",
            "level": "0",
            "weight": "80",
            "cost": "10000",
            "condition": "P"
        },
        {
            "vnum": "72",
            "name": "great ruler shield",
            "short_description": "Rulers' Great Shield",
            "description": "There is a Great Ruler Shield on the ground.",
            "material": "steel",
            "type": "armor",
            "extra_flags": "GIRYZ",
            "wear_flags": "AJ",
            "values": "20 20 20 10 0",
            "level": "0",
            "weight": "90",
            "cost": "15000",
            "condition": "P"
        },
        {
            "vnum": "73",
            "name": "kite ruler shield",
            "short_description": "Rulers' Kite Shield",
            "description": "You see a large Kite Shield of Ruler on the ground.",
            "material": "steel",
            "type": "armor",
            "extra_flags": "GIRYZ",
            "wear_flags": "AJ",
            "values": "20 20 20 10 0",
            "level": "0",
            "weight": "95",
            "cost": "20000",
            "condition": "P",
            "affects_a": [
                {
                    "location": "17",
                    "modifier": "-10"
                },
                {
                    "location": "18",
                    "modifier": "3"
                },
                {
                    "location": "19",
                    "modifier": "4"
                }
            ]
        },
        {
            "vnum": "74",
            "name": "tower ruler shield",
            "short_description": "Rulers' Tower Shield",
            "description": "A very big shield with a symbol of Ruler covers the ground.",
            "material": "steel",
            "type": "armor",
            "extra_flags": "GIRYZ",
            "wear_flags": "AJ",
            "values": "30 30 30 20 0",
            "level": "0",
            "weight": "85",
            "cost": "20000",
            "condition": "P"
        },
        {
            "vnum": "80",
            "name": "golden dagger",
            "short_description": "a golden dagger",
            "description": "There is a shiny golden dagger on the ground.",
            "material": "gold",
            "type": "weapon",
            "extra_flags": "TWAIP",
            "wear_flags": "AN",
            "values": "dagger 10 1 pierce D",
            "level": "20",
            "weight": "80",
            "cost": "0",
            "condition": "P"
        },
        {
            "vnum": "81",
            "name": "golden mace",
            "short_description": "a golden mace",
            "description": "A shiny gold mace is on the ground.",
            "material": "gold",
            "type": "weapon",
            "extra_flags": "TWAIP",
            "wear_flags": "AN",
            "values": "mace 10 1 crush 0",
            "level": "20",
            "weight": "100",
            "cost": "0",
            "condition": "P"
        },
        {
            "vnum": "82",
            "name": "golden dragonplate plate",
            "short_description": "Dragonplate",
            "description": "A Dragonplate is left here.",
            "material": "gold",
            "type": "armor",
            "extra_flags": "GIY",
            "wear_flags": "AD",
            "values": "30 30 30 30 0",
            "level": "0",
            "weight": "150",
            "cost": "10000",
            "condition": "P",
            "affects_a": [
                {
                    "location": "6",
                    "modifier": "2"
                },
                {
                    "location": "19",
                    "modifier": "5"
                },
                {
                    "location": "18",
                    "modifier": "5"
                }
            ]
        },
        {
            "vnum": "83",
            "name": "golden sword",
            "short_description": "a golden sword",
            "description": "There is a shiny golden sword on the ground.",
            "material": "gold",
            "type": "weapon",
            "extra_flags": "TWAIP",
            "wear_flags": "AN",
            "values": "sword 10 1 pierce D",
            "level": "20",
            "weight": "80",
            "cost": "0",
            "condition": "P"
        },
        {
            "vnum": "84",
            "name": "quest kio",
            "short_description": "quest staff of kio",
            "description": "A quest obj flying in the air.",
            "material": "energy",
            "type": "treasure",
            "extra_flags": "ATY",
            "wear_flags": "A",
            "values": "0 0 -1 0 0",
            "level": "0",
            "weight": "0",
            "cost": "0",
            "condition": "P",
            "extra_descriptions": [
                {
                    "keyword": "quest",
                    "description": "The letters '%s' is carved on the staff.\n"
                }
            ]
        },
        {
            "vnum": "85",
            "name": "quest conrad",
            "short_description": "quest staff of conrad",
            "description": "A quest obj flying in the air.",
            "material": "energy",
            "type": "treasure",
            "extra_flags": "ATY",
            "wear_flags": "A",
            "values": "0 0 -1 0 0",
            "level": "0",
            "weight": "0",
            "cost": "0",
            "condition": "P",
            "extra_descriptions": [
                {
                    "keyword": "quest",
                    "description": "The letters '%s' is carved on the staff.\n"
                }
            ]
        },
        {
            "vnum": "86",
            "name": "quest powerman",
            "short_description": "quest staff of powerman",
            "description": "A quest obj flying in the air.",
            "material": "energy",
            "type": "treasure",
            "extra_flags": "ATY",
            "wear_flags": "A",
            "values": "0 0 -1 0 0",
            "level": "0",
            "weight": "0",
            "cost": "0",
            "condition": "P",
            "extra_descriptions": [
                {
                    "keyword": "quest",
                    "description": "The letters '%s' is carved on the staff.\n"
                }
            ]
        },
        {
            "vnum": "87",
            "name": "chaos blade",
            "short_description": "a chaos blade",
            "description": "A shiny gold dagger is on the ground.",
            "material": "gold",
            "type": "weapon",
            "extra_flags": "TWAIP",
            "wear_flags": "AN",
            "values": "dagger 10 1 pierce D",
            "level": "20",
            "weight": "200",
            "cost": "0",
            "condition": "P",
            "affects_a": [
                {
                    "location": "6",
                    "modifier": "2"
                }
            ]
        },
        {
            "vnum": "88",
            "name": "eyed sword",
            "short_description": "%s's eyed sword",
            "description": "A sword with an eye on it is here.",
            "material": "platinum",
            "type": "weapon",
            "extra_flags": "B",
            "wear_flags": "AN",
            "values": "exotic 10 1 pierce D",
            "level": "15",
            "weight": "60",
            "cost": "0",
            "condition": "P",
            "affects_a": [
                {
                    "location": "18",
                    "modifier": "20"
                },
                {
                    "location": "19",
                    "modifier": "20"
                },
                {
                    "location": "6",
                    "modifier": "1"
                }
            ],
            "extra_descriptions": [
                {
                    "keyword": "sword",
                    "description": "The letters '%s' is carved on the handle.\n"
                }
            ]
        },
        {
            "vnum": "89",
            "name": "kassandra",
            "short_description": "kassandra",
            "description": "A mystical green stone is here, flying in the air.",
            "material": "stone",
            "type": "treasure",
            "extra_flags": "AUTY",
            "wear_flags": "AO",
            "values": "0 0 -1 0 0",
            "level": "0",
            "weight": "0",
            "cost": "0",
            "condition": "P"
        },
        {
            "vnum": "90",
            "name": "dress",
            "short_description": "dress",
            "description": "A dress of a white gown out of the bolt of silk lying here..",
            "material": "silk",
            "type": "armor",
            "extra_flags": "G",
            "wear_flags": "AD",
            "values": "1 1 1 1 1",
            "level": "1",
            "weight": "90",
            "cost": "100",
            "condition": "P",
            "extra_descriptions": [
                {
                    "keyword": "dress",
                    "description": "This dress is made by dressmaker for Keeper who is after all work of hard\nyears guarding a retired lord.\n"
                }
            ]
        },
        {
            "vnum": "91",
            "name": "turkish rug",
            "short_description": "a rug with Turkish patterns",
            "description": "A small rug with Turkish patterns is lying here.",
            "material": "wool",
            "type": "treasure",
            "extra_flags": "0",
            "wear_flags": "AO",
            "values": "0 0 0 0 0",
            "level": "18",
            "weight": "10",
            "cost": "1000",
            "condition": "G"
        },
        {
            "vnum": "92",
            "name": "shield fire",
            "short_description": "fire shield",
            "description": "An energy shield is left here.",
            "material": "energy",
            "type": "armor",
            "extra_flags": "GPUY",
            "wear_flags": "AJ",
            "values": "20 20 20 20 2",
            "level": "0",
            "weight": "250",
            "cost": "10000",
            "condition": "P",
            "extra_descriptions": [
                {
                    "keyword": "shield energy",
                    "description": "This shield is resistive to %s.\n"
                }
            ]
        },
        {
            "vnum": "93",
            "name": "%s",
            "short_description": "the spirit of %s",
            "description": "The vial containing spirit of %s is lying here.",
            "material": "glass",
            "type": "treasure",
            "extra_flags": "TY",
            "wear_flags": "AO",
            "values": "0 0 0 1 0",
            "level": "0",
            "weight": "0",
            "cost": "0",
            "condition": "D",
            "extra_descriptions": [
                {
                    "keyword": "spirit",
                    "description": "The spirit of %s is in this vial.\n"
                }
            ]
        },
        {
            "vnum": "94",
            "name": "girth hero",
            "short_description": "the %s Girth of %s",
            "description": "An enormous, huge GIRTH lies here, filling the room with its power.",
            "material": "platinum",
            "type": "armor",
            "extra_flags": "AGIOY",
            "wear_flags": "ALP",
            "values": "12 12 12 9 2",
            "level": "21",
            "weight": "300",
            "cost": "100000",
            "condition": "G",
            "affects_a": [
                {
                    "location": "1",
                    "modifier": "2"
                },
                {
                    "location": "4",
                    "modifier": "2"
                },
                {
                    "location": "5",
                    "modifier": "3"
                },
                {
                    "location": "3",
                    "modifier": "3"
                },
                {
                    "location": "6",
                    "modifier": "1"
                },
                {
                    "location": "12",
                    "modifier": "200"
                },
                {
                    "location": "13",
                    "modifier": "200"
                },
                {
                    "location": "14",
                    "modifier": "500"
                },
                {
                    "location": "18",
                    "modifier": "10"
                },
                {
                    "location": "19",
                    "modifier": "10"
                }
            ],
            "affects_f": [
                {
                    "where": "A",
                    "location": "17",
                    "modifier": "-30",
                    "bitvector": "J"
                },
                {
                    "where": "D",
                    "location": "0",
                    "modifier": "0",
                    "bitvector": "CDEG"
                }
            ]
        },
        {
            "vnum": "95",
            "name": "ring hero",
            "short_description": "the %s Ring of %s",
            "description": "An enormous, RING lies here, filling the room with its power.",
            "material": "platinum",
            "type": "armor",
            "extra_flags": "AGIOY",
            "wear_flags": "ABP",
            "values": "12 12 12 9 1",
            "level": "21",
            "weight": "300",
            "cost": "100000",
            "condition": "G",
            "affects_a": [
                {
                    "location": "6",
                    "modifier": "1"
                },
                {
                    "location": "17",
                    "modifier": "-20"
                },
                {
                    "location": "18",
                    "modifier": "10"
                },
                {
                    "location": "12",
                    "modifier": "150"
                },
                {
                    "location": "13",
                    "modifier": "150"
                }
            ],
            "affects_f": [
                {
                    "where": "A",
                    "location": "14",
                    "modifier": "500",
                    "bitvector": "TU"
                }
            ]
        },
        {
            "vnum": "96",
            "name": "weapon hero",
            "short_description": "the %s Weapon of %s",
            "description": "An enormous, huge WEAPON lies here, filling the room with its power.",
            "material": "platinum",
            "type": "weapon",
            "extra_flags": "AGIOY",
            "wear_flags": "ANP",
            "values": "exotic 10 4 slash D",
            "level": "21",
            "weight": "100",
            "cost": "100000",
            "condition": "G",
            "affects_a": [
                {
                    "location": "1",
                    "modifier": "2"
                },
                {
                    "location": "2",
                    "modifier": "2"
                },
                {
                    "location": "4",
                    "modifier": "2"
                },
                {
                    "location": "6",
                    "modifier": "1"
                },
                {
                    "location": "19",
                    "modifier": "25"
                },
                {
                    "location": "18",
                    "modifier": "25"
                },
                {
                    "location": "12",
                    "modifier": "200"
                },
                {
                    "location": "13",
                    "modifier": "200"
                },
                {
                    "location": "14",
                    "modifier": "500"
                }
            ]
        },
        {
            "vnum": "97",
            "name": "quest mandrake",
            "short_description": "quest staff of mandrake",
            "description": "A quest obj flying in the air.",
            "material": "energy",
            "type": "treasure",
            "extra_flags": "ATY",
            "wear_flags": "A",
            "values": "0 0 -1 0 0",
            "level": "0",
            "weight": "0",
            "cost": "0",
            "condition": "P",
            "extra_descriptions": [
                {
                    "keyword": "quest",
                    "description": "The letters '%s' is carved on the staff.\n"
                }
            ]
        },
        {
            "vnum": "98",
            "name": "sword katana",
            "short_description": "a katana sword",
            "description": "A katana sword is forgotten here.",
            "material": "iron",
            "type": "weapon",
            "extra_flags": "ORYa",
            "wear_flags": "ANP",
            "values": "sword 10 1 slash 0",
            "level": "15",
            "weight": "60",
            "cost": "0",
            "condition": "P",
            "extra_descriptions": [
                {
                    "keyword": "katana",
                    "description": "The letters '%s' is carved on the handle.\n"
                }
            ]
        },
        {
            "vnum": "99",
            "name": "golden lance",
            "short_description": "a golden lance",
            "description": "There is a shiny golden lance on the ground.",
            "material": "gold",
            "type": "weapon",
            "extra_flags": "TWAIP",
            "wear_flags": "AN",
            "values": "lance 10 1 none D",
            "level": "20",
            "weight": "80",
            "cost": "0",
            "condition": "P"
        }
    ],
    "rooms": [
        {
            "vnum": "1",
            "name": "The Void",
            "description": "You are floating in nothing.\n",
            "flags": "CD",
            "sector": "1"
        },
        {
            "vnum": "2",
            "name": "Limbo",
            "description": "You are floating in a formless void, detached from all sensation of physical\nmatter, surrounded by swirling glowing light, which fades into the relative\ndarkness around you without any trace of edges or shadow.\n   There is a \"No Tipping\" notice pinned to the darkness.\n",
            "flags": "D",
            "sector": "1",
            "exits": [
                {
                    "door": "D4",
                    "description": "",
                    "keyword": "",
                    "locks": "0",
                    "key": "-1",
                    "u1_vnum": "3001"
                }
            ]
        }
    ],
    "resets": [],
    "shops": [],
    "specials": [
        {
            "vnum": "11",
            "spec_fun": "spec_special_guard"
        },
        {
            "vnum": "15",
            "spec_fun": "spec_stalker"
        },
        {
            "vnum": "13",
            "spec_fun": "spec_cast_mage"
        }
    ],
    "omprogs": [
        {
            "command": "O",
            "vnum": "51",
            "progtype": "fight_prog",
            "progname": "fight_prog_tattoo_apollon"
        },
        {
            "command": "O",
            "vnum": "52",
            "progtype": "fight_prog",
            "progname": "fight_prog_tattoo_zeus"
        },
        {
            "command": "O",
            "vnum": "53",
            "progtype": "fight_prog",
            "progname": "fight_prog_tattoo_siebele"
        },
        {
            "command": "O",
            "vnum": "54",
            "progtype": "fight_prog",
            "progname": "fight_prog_tattoo_hephaestus"
        },
        {
            "command": "O",
            "vnum": "55",
            "progtype": "fight_prog",
            "progname": "fight_prog_tattoo_ehrumen"
        },
        {
            "command": "O",
            "vnum": "56",
            "progtype": "fight_prog",
            "progname": "fight_prog_tattoo_ahrumazda"
        },
        {
            "command": "O",
            "vnum": "57",
            "progtype": "fight_prog",
            "progname": "fight_prog_tattoo_deimos"
        },
        {
            "command": "O",
            "vnum": "58",
            "progtype": "fight_prog",
            "progname": "fight_prog_tattoo_phobos"
        },
        {
            "command": "O",
            "vnum": "59",
            "progtype": "fight_prog",
            "progname": "fight_prog_tattoo_odin"
        },
        {
            "command": "O",
            "vnum": "60",
            "progtype": "fight_prog",
            "progname": "fight_prog_tattoo_mars"
        },
        {
            "command": "O",
            "vnum": "61",
            "progtype": "fight_prog",
            "progname": "fight_prog_tattoo_athena"
        },
        {
            "command": "O",
            "vnum": "62",
            "progtype": "fight_prog",
            "progname": "fight_prog_tattoo_goktengri"
        },
        {
            "command": "O",
            "vnum": "63",
            "progtype": "fight_prog",
            "progname": "fight_prog_tattoo_hera"
        },
        {
            "command": "O",
            "vnum": "64",
            "progtype": "fight_prog",
            "progname": "fight_prog_tattoo_venus"
        },
        {
            "command": "O",
            "vnum": "65",
            "progtype": "fight_prog",
            "progname": "fight_prog_tattoo_ares"
        },
        {
            "command": "O",
            "vnum": "66",
            "progtype": "fight_prog",
            "progname": "fight_prog_tattoo_prometheus"
        },
        {
            "command": "O",
            "vnum": "67",
            "progtype": "fight_prog",
            "progname": "fight_prog_tattoo_eros"
        },
        {
            "command": "O",
            "vnum": "28",
            "progtype": "wear_prog",
            "progname": "wear_prog_ranger_staff"
        },
        {
            "command": "O",
            "vnum": "28",
            "progtype": "fight_prog",
            "progname": "fight_prog_ranger_staff"
        },
        {
            "command": "O",
            "vnum": "80",
            "progtype": "fight_prog",
            "progname": "fight_prog_golden_weapon"
        },
        {
            "command": "O",
            "vnum": "81",
            "progtype": "fight_prog",
            "progname": "fight_prog_golden_weapon"
        },
        {
            "command": "O",
            "vnum": "83",
            "progtype": "fight_prog",
            "progname": "fight_prog_golden_weapon"
        },
        {
            "command": "O",
            "vnum": "99",
            "progtype": "fight_prog",
            "progname": "fight_prog_golden_weapon"
        },
        {
            "command": "O",
            "vnum": "80",
            "progtype": "death_prog",
            "progname": "death_prog_golden_weapon"
        },
        {
            "command": "O",
            "vnum": "81",
            "progtype": "death_prog",
            "progname": "death_prog_golden_weapon"
        },
        {
            "command": "O",
            "vnum": "83",
            "progtype": "death_prog",
            "progname": "death_prog_golden_weapon"
        },
        {
            "command": "O",
            "vnum": "99",
            "progtype": "death_prog",
            "progname": "death_prog_golden_weapon"
        },
        {
            "command": "O",
            "vnum": "88",
            "progtype": "get_prog",
            "progname": "get_prog_spec_weapon"
        },
        {
            "command": "O",
            "vnum": "88",
            "progtype": "wear_prog",
            "progname": "wear_prog_eyed_sword"
        },
        {
            "command": "O",
            "vnum": "89",
            "progtype": "speech_prog",
            "progname": "speech_prog_kassandra"
        },
        {
            "command": "O",
            "vnum": "84",
            "progtype": "get_prog",
            "progname": "get_prog_quest_obj"
        },
        {
            "command": "O",
            "vnum": "85",
            "progtype": "get_prog",
            "progname": "get_prog_quest_obj"
        },
        {
            "command": "O",
            "vnum": "86",
            "progtype": "get_prog",
            "progname": "get_prog_quest_obj"
        },
        {
            "command": "O",
            "vnum": "97",
            "progtype": "get_prog",
            "progname": "get_prog_quest_obj"
        },
        {
            "command": "O",
            "vnum": "92",
            "progtype": "wear_prog",
            "progname": "wear_prog_fire_shield"
        },
        {
            "command": "O",
            "vnum": "92",
            "progtype": "remove_prog",
            "progname": "remove_prog_fire_shield"
        },
        {
            "command": "O",
            "vnum": "29",
            "progtype": "get_prog",
            "progname": "get_prog_quest_hreward"
        },
        {
            "command": "O",
            "vnum": "30",
            "progtype": "get_prog",
            "progname": "get_prog_quest_hreward"
        },
        {
            "command": "O",
            "vnum": "94",
            "progtype": "get_prog",
            "progname": "get_prog_quest_reward"
        },
        {
            "command": "O",
            "vnum": "95",
            "progtype": "get_prog",
            "progname": "get_prog_quest_reward"
        },
        {
            "command": "O",
            "vnum": "96",
            "progtype": "get_prog",
            "progname": "get_prog_quest_reward"
        },
        {
            "command": "O",
            "vnum": "96",
            "progtype": "wear_prog",
            "progname": "wear_prog_quest_weapon"
        },
        {
            "command": "O",
            "vnum": "98",
            "progtype": "wear_prog",
            "progname": "wear_prog_katana_sword"
        },
        {
            "command": "M",
            "vnum": "15",
            "progtype": "death_prog",
            "progname": "death_prog_stalker"
        }
    ]
}