{
    "area": {
        "file": "lioncastle.are",
        "name": "Lions",
        "low_range": "90",
        "high_range": "100",
        "writer": "Cabal",
        "credits": "Castle of LionMen",
        "min_vnum": "500",
        "max_vnum": "510"
    },
    "mobiles": [
        {
            "vnum": "500",
            "name": "Lions healer cabal adept",
            "short_description": "a Healer",
            "long_description": "A healer of the Lion's is here to heal you.\n",
            "description": "He is an old, wise cleric blessing the LionMen against the threats \nof all creatures thru the forest.\n",
            "race": "human",
            "act": "ABQVae",
            "affected_by": "DFH",
            "alignment": "1000",
            "group": "0",
            "level": "80",
            "hitroll": "0",
            "hit_dice": "1d1+20999",
            "mana_dice": "1d1+999",
            "dam_dice": "2d4+50",
            "dam_type": "claw",
            "ac_pierce": "-75",
            "ac_bash": "-75",
            "ac_slash": "-75",
            "ac_exotic": "-25",
            "off_flags": "FHIK",
            "imm_flags": "ABC",
            "res_flags": "D",
            "vuln_flags": "0",
            "start_pos": "stand",
            "default_pos": "stand",
            "sex": "male",
            "wealth": "1000",
            "form": "0",
            "parts": "0",
            "size": "medium",
            "material": "0"
        },
        {
            "vnum": "501",
            "name": "guard lionman guardian",
            "short_description": "the guardian",
            "long_description": "A guardian is guarding the enterance.\n",
            "description": "His claws seem as if it sears your flesh.\n",
            "race": "human",
            "act": "ABKWe",
            "affected_by": "DFHJVZe",
            "alignment": "0",
            "group": "0",
            "level": "92",
            "hitroll": "40",
            "hit_dice": "2d500+25000",
            "mana_dice": "1d200+1600",
            "dam_dice": "10d40+50",
            "dam_type": "claw",
            "ac_pierce": "-70",
            "ac_bash": "-70",
            "ac_slash": "-70",
            "ac_exotic": "-30",
            "off_flags": "ACEFNU",
            "imm_flags": "AB",
            "res_flags": "0",
            "vuln_flags": "S",
            "start_pos": "stand",
            "default_pos": "stand",
            "sex": "male",
            "wealth": "5000",
            "form": "0",
            "parts": "0",
            "size": "medium",
            "material": "0"
        },
        {
            "vnum": "502",
            "name": "guildmaster master",
            "short_description": "the guildmaster",
            "long_description": "Your guildmaster is standing here.\n",
            "description": "He is an old, but strong looking LionMan.  Some leaves and dry branches \nstill hang over his clothes from last camouflage.\n",
            "race": "human",
            "act": "ABKRV",
            "affected_by": "DEFZ",
            "alignment": "1000",
            "group": "0",
            "level": "86",
            "hitroll": "0",
            "hit_dice": "1d1+22999",
            "mana_dice": "1d1+999",
            "dam_dice": "3d8+44",
            "dam_type": "chop",
            "ac_pierce": "-60",
            "ac_bash": "-60",
            "ac_slash": "-60",
            "ac_exotic": "-20",
            "off_flags": "FG",
            "imm_flags": "ABD",
            "res_flags": "C",
            "vuln_flags": "0",
            "start_pos": "stand",
            "default_pos": "stand",
            "sex": "male",
            "wealth": "0",
            "form": "0",
            "parts": "0",
            "size": "medium",
            "material": "0"
        }
    ],
    "objects": [
        {
            "vnum": "500",
            "name": "key small wooden",
            "short_description": "a small wooden key",
            "description": "A small wooden key is on the ground.",
            "material": "wood",
            "type": "key",
            "extra_flags": "ORY",
            "wear_flags": "AO",
            "values": "0 0 0 0 0",
            "level": "40",
            "weight": "4",
            "cost": "0",
            "condition": "P"
        },
        {
            "vnum": "501",
            "name": "altar",
            "short_description": "the altar",
            "description": "There is a huge wooden altar in the middle of the room.",
            "material": "gold",
            "type": "container",
            "extra_flags": "ORY",
            "wear_flags": "P",
            "values": "10 15 500 15 100",
            "level": "60",
            "weight": "1",
            "cost": "20",
            "condition": "P"
        },
        {
            "vnum": "502",
            "name": "code secret",
            "short_description": "Code of secret",
            "description": "The code of secret is here.",
            "material": "gold",
            "type": "treasure",
            "extra_flags": "O",
            "wear_flags": "AO",
            "values": "0 0 0 0 0",
            "level": "60",
            "weight": "1",
            "cost": "100000",
            "condition": "P"
        },
        {
            "vnum": "503",
            "name": "lion sword",
            "short_description": "a silver eyed sword",
            "description": "A silver sword, that has an EYE on it, is resting on the ground.",
            "material": "silver",
            "type": "weapon",
            "extra_flags": "TWAIKLP",
            "wear_flags": "AN",
            "values": "sword 7 2 slash 0",
            "level": "1",
            "weight": "100",
            "cost": "0",
            "condition": "P"
        }
    ],
    "rooms": [
        {
            "vnum": "500",
            "name": "The Enterance",
            "description": "You are standing at the enterance of a lionsMan guild.  You see many trainee\nlionMen walking around.  The guild room  seems to be lying to the north.  \nSouth is the enterance into the of castle.\n",
            "flags": "DX",
            "sector": "0",
            "exits": [
                {
                    "door": "D0",
                    "description": "The doorway looks leading to a great guild room.\n",
                    "keyword": "",
                    "locks": "5",
                    "key": "-1",
                    "u1_vnum": "501"
                },
                {
                    "door": "D2",
                    "description": "This way leads outside to the lionman's guild.\n",
                    "keyword": "",
                    "locks": "1",
                    "key": "-1",
                    "u1_vnum": "6007"
                }
            ]
        },
        {
            "vnum": "501",
            "name": "Inside the Guild",
            "description": "This room connects to three rooms at north, west and east. Beside all doors\nthere are Lion EYE's placed like guarding the doorways.\n",
            "flags": "DX",
            "sector": "0",
            "exits": [
                {
                    "door": "D0",
                    "description": "That room is the altar.\n",
                    "keyword": "",
                    "locks": "0",
                    "key": "-1",
                    "u1_vnum": "504"
                },
                {
                    "door": "D1",
                    "description": "A sign on the door reads: 'Meeting Room'.\n",
                    "keyword": "",
                    "locks": "0",
                    "key": "-1",
                    "u1_vnum": "502"
                },
                {
                    "door": "D2",
                    "description": "Enterance guild room can be seen.\n",
                    "keyword": "",
                    "locks": "0",
                    "key": "-1",
                    "u1_vnum": "500"
                },
                {
                    "door": "D3",
                    "description": "An oak door protects the storge room.\n",
                    "keyword": "",
                    "locks": "0",
                    "key": "-1",
                    "u1_vnum": "503"
                }
            ]
        },
        {
            "vnum": "502",
            "name": "Meeting room",
            "description": "This room is for the for the lionMan's to talk about their future and \nenemies.\n",
            "flags": "DX",
            "sector": "0",
            "exits": [
                {
                    "door": "D3",
                    "description": "Doorway to the greater guild room.\n",
                    "keyword": "",
                    "locks": "0",
                    "key": "-1",
                    "u1_vnum": "501"
                }
            ]
        },
        {
            "vnum": "503",
            "name": "Storge Room",
            "description": "You are inside the storge room of LionMan. This room is for the EYEd swords\n to rest.\n",
            "flags": "DX",
            "sector": "0",
            "exits": [
                {
                    "door": "D1",
                    "description": "Doorway to the greater guild room.\n",
                    "keyword": "",
                    "locks": "0",
                    "key": "-1",
                    "u1_vnum": "501"
                }
            ]
        },
        {
            "vnum": "504",
            "name": "The Altar of the Forest",
            "description": "You stand beside the huge wooden altar.  One other side a heavy rag of \ncleric is found.  On the north wall the Eye of a Lion is carved.\n",
            "flags": "DX",
            "sector": "0",
            "exits": [
                {
                    "door": "D2",
                    "description": "Doorway to the greater hall.\n",
                    "keyword": "",
                    "locks": "0",
                    "key": "-1",
                    "u1_vnum": "501"
                }
            ]
        }
    ],
    "resets": [
        {
            "command": "M",
            "arg1": "501",
            "arg2": "1",
            "arg3": "500",
            "arg4": "1"
        },
        {
            "command": "E",
            "arg1": "500",
            "arg2": "0",
            "arg3": "11"
        },
        {
            "command": "M",
            "arg1": "500",
            "arg2": "1",
            "arg3": "504",
            "arg4": "1"
        },
        {
            "command": "O",
            "arg1": "501",
            "arg2": "1",
            "arg3": "504"
        },
        {
            "command": "P",
            "arg1": "502",
            "arg2": "1",
            "arg3": "501",
            "arg4": "1"
        },
        {
            "command": "M",
            "arg1": "502",
            "arg2": "1",
            "arg3": "502",
            "arg4": "1"
        }
    ],
    "specials": [
        {
            "vnum": "500",
            "spec_fun": "spec_cast_cabal"
        },
        {
            "vnum": "501",
            "spec_fun": "spec_fight_lionguard"
        }
    ],
    "omprogs": [
        {
            "command": "M",
            "vnum": "501",
            "progtype": "greet_prog",
            "progname": "greet_prog_lions"
        },
        {
            "command": "O",
            "vnum": "502",
            "progtype": "sac_prog",
            "progname": "sac_prog_cabal_item"
        },
        {
            "command": "O",
            "vnum": "502",
            "progtype": "get_prog",
            "progname": "get_prog_cabal_item"
        }
    ]
}