{
    "area": {
        "file": "marsh.are",
        "name": "Marsh",
        "low_range": "15",
        "high_range": "25",
        "writer": "Generic",
        "credits": "Old Marsh",
        "min_vnum": "8300",
        "max_vnum": "8399"
    },
    "mobiles": [
        {
            "vnum": "8301",
            "name": "oldstyle troll",
            "short_description": "a swamp troll",
            "long_description": "A swamp troll charges towards you.\n",
            "description": "This huge behemoth towers to a height of 15 feet.  He sneers at you \nas he approaches and raises two black taloned claws to strike you.\n",
            "race": "troll",
            "act": "ABCFG",
            "affected_by": "0",
            "alignment": "-600",
            "group": "0",
            "level": "16",
            "hitroll": "0",
            "hit_dice": "3d9+233",
            "mana_dice": "8d9+100",
            "dam_dice": "2d6+4",
            "dam_type": "none",
            "ac_pierce": "-2",
            "ac_bash": "-2",
            "ac_slash": "-2",
            "ac_exotic": "7",
            "off_flags": "EFNR",
            "imm_flags": "0",
            "res_flags": "0",
            "vuln_flags": "0",
            "start_pos": "stand",
            "default_pos": "rest",
            "sex": "male",
            "wealth": "500",
            "form": "0",
            "parts": "0",
            "size": "medium",
            "material": "0"
        },
        {
            "vnum": "8302",
            "name": "oldstyle troll",
            "short_description": "a green troll",
            "long_description": "A green troll attempts to get a hold on you.\n",
            "description": "This big troll towers several feet over you.  He has a large spear\nwhich he seems to ply with utmost prowess.  He jabs his spear at you\nand cackles with glee.\n",
            "race": "troll",
            "act": "ACFG",
            "affected_by": "0",
            "alignment": "-400",
            "group": "0",
            "level": "14",
            "hitroll": "0",
            "hit_dice": "2d10+190",
            "mana_dice": "7d9+100",
            "dam_dice": "1d12+3",
            "dam_type": "none",
            "ac_pierce": "-1",
            "ac_bash": "-1",
            "ac_slash": "-1",
            "ac_exotic": "8",
            "off_flags": "EFNR",
            "imm_flags": "0",
            "res_flags": "0",
            "vuln_flags": "0",
            "start_pos": "stand",
            "default_pos": "stand",
            "sex": "male",
            "wealth": "400",
            "form": "0",
            "parts": "0",
            "size": "medium",
            "material": "0"
        },
        {
            "vnum": "8303",
            "name": "oldstyle ogre",
            "short_description": "an ogre",
            "long_description": "An ogre stands here getting ready to beat in your face.\n",
            "description": "This mean bastard looks like he could tear you limb from limb.\n",
            "race": "human",
            "act": "ACFG",
            "affected_by": "0",
            "alignment": "-500",
            "group": "0",
            "level": "20",
            "hitroll": "0",
            "hit_dice": "3d9+333",
            "mana_dice": "10d9+100",
            "dam_dice": "2d8+5",
            "dam_type": "none",
            "ac_pierce": "-4",
            "ac_bash": "-4",
            "ac_slash": "-4",
            "ac_exotic": "7",
            "off_flags": "EFNU",
            "imm_flags": "0",
            "res_flags": "0",
            "vuln_flags": "0",
            "start_pos": "stand",
            "default_pos": "stand",
            "sex": "male",
            "wealth": "500",
            "form": "0",
            "parts": "0",
            "size": "medium",
            "material": "0"
        },
        {
            "vnum": "8304",
            "name": "oldstyle thing",
            "short_description": "the Swamp Thing",
            "long_description": "The Swamp Thing shambles about here.  It seems hungry.\n",
            "description": "The Swamp Thing has huge fists, which look like they could pound you flat.\n",
            "race": "human",
            "act": "ACFG",
            "affected_by": "0",
            "alignment": "-700",
            "group": "0",
            "level": "24",
            "hitroll": "0",
            "hit_dice": "5d10+500",
            "mana_dice": "12d9+100",
            "dam_dice": "2d10+6",
            "dam_type": "none",
            "ac_pierce": "-6",
            "ac_bash": "-6",
            "ac_slash": "-6",
            "ac_exotic": "6",
            "off_flags": "EFNU",
            "imm_flags": "0",
            "res_flags": "0",
            "vuln_flags": "0",
            "start_pos": "stand",
            "default_pos": "rest",
            "sex": "none",
            "wealth": "1250",
            "form": "0",
            "parts": "0",
            "size": "medium",
            "material": "0"
        },
        {
            "vnum": "8305",
            "name": "oldstyle gnoll",
            "short_description": "a gnoll",
            "long_description": "There is a mean looking gnoll here.\n",
            "description": "The Gnoll seems annoyed at your presence.\n",
            "race": "human",
            "act": "ACG",
            "affected_by": "DF",
            "alignment": "-1000",
            "group": "0",
            "level": "30",
            "hitroll": "0",
            "hit_dice": "6d12+853",
            "mana_dice": "15d9+100",
            "dam_dice": "4d6+8",
            "dam_type": "none",
            "ac_pierce": "-9",
            "ac_bash": "-9",
            "ac_slash": "-9",
            "ac_exotic": "6",
            "off_flags": "EFNU",
            "imm_flags": "0",
            "res_flags": "0",
            "vuln_flags": "0",
            "start_pos": "stand",
            "default_pos": "stand",
            "sex": "male",
            "wealth": "1250",
            "form": "0",
            "parts": "0",
            "size": "medium",
            "material": "0"
        },
        {
            "vnum": "8306",
            "name": "oldstyle beast",
            "short_description": "a huge hairy beast",
            "long_description": "A huge hairy beast shambles towards you with death in his eyes.\n",
            "description": "This huge beast stands about 20 feet in height and has huge green clawed\nappendages. \n",
            "race": "human",
            "act": "ACFG",
            "affected_by": "DF",
            "alignment": "-450",
            "group": "0",
            "level": "21",
            "hitroll": "0",
            "hit_dice": "4d10+360",
            "mana_dice": "10d9+100",
            "dam_dice": "4d4+5",
            "dam_type": "none",
            "ac_pierce": "-5",
            "ac_bash": "-5",
            "ac_slash": "-5",
            "ac_exotic": "7",
            "off_flags": "EFNU",
            "imm_flags": "0",
            "res_flags": "0",
            "vuln_flags": "0",
            "start_pos": "stand",
            "default_pos": "stand",
            "sex": "male",
            "wealth": "500",
            "form": "0",
            "parts": "0",
            "size": "medium",
            "material": "0"
        },
        {
            "vnum": "8307",
            "name": "oldstyle beast",
            "short_description": "a rather small beast",
            "long_description": "A rather small beast cringes in terror as it notices you.\n",
            "description": "This rather small beast looks like you could take it out with a single\nsword blow.\n",
            "race": "human",
            "act": "ACGH",
            "affected_by": "P",
            "alignment": "0",
            "group": "0",
            "level": "3",
            "hitroll": "0",
            "hit_dice": "2d6+35",
            "mana_dice": "1d9+100",
            "dam_dice": "1d6+0",
            "dam_type": "none",
            "ac_pierce": "7",
            "ac_bash": "7",
            "ac_slash": "7",
            "ac_exotic": "10",
            "off_flags": "EFNU",
            "imm_flags": "0",
            "res_flags": "0",
            "vuln_flags": "0",
            "start_pos": "stand",
            "default_pos": "stand",
            "sex": "male",
            "wealth": "25",
            "form": "0",
            "parts": "0",
            "size": "medium",
            "material": "0"
        },
        {
            "vnum": "8308",
            "name": "oldstyle will will-o-wisp",
            "short_description": "the Will-O-Wisp",
            "long_description": "A Will-O-Wisp darts hear and there, making fun of you.\n",
            "description": "This strange little creature seems very hard to keep your eyes on.\nYou stare as hard as you can at the glowing ball of floating light and\nare just able to notice a small pair of glowing eyes.\n",
            "race": "human",
            "act": "ACGH",
            "affected_by": "P",
            "alignment": "0",
            "group": "0",
            "level": "10",
            "hitroll": "0",
            "hit_dice": "2d7+121",
            "mana_dice": "5d9+100",
            "dam_dice": "2d4+2",
            "dam_type": "none",
            "ac_pierce": "1",
            "ac_bash": "1",
            "ac_slash": "1",
            "ac_exotic": "8",
            "off_flags": "EFNU",
            "imm_flags": "0",
            "res_flags": "0",
            "vuln_flags": "0",
            "start_pos": "stand",
            "default_pos": "stand",
            "sex": "none",
            "wealth": "150",
            "form": "0",
            "parts": "0",
            "size": "medium",
            "material": "0"
        },
        {
            "vnum": "8309",
            "name": "oldstyle snake anaconda",
            "short_description": "the monstrous snake",
            "long_description": "A monstrous snake slithers towards you, thinking 'breakfast'.\n",
            "description": "This 10 meter anaconda looks rather hungry.\n",
            "race": "snake",
            "act": "ACFGH",
            "affected_by": "PQ",
            "alignment": "-100",
            "group": "0",
            "level": "16",
            "hitroll": "0",
            "hit_dice": "3d9+233",
            "mana_dice": "8d9+100",
            "dam_dice": "2d6+4",
            "dam_type": "none",
            "ac_pierce": "-2",
            "ac_bash": "-2",
            "ac_slash": "-2",
            "ac_exotic": "7",
            "off_flags": "EFNR",
            "imm_flags": "0",
            "res_flags": "0",
            "vuln_flags": "0",
            "start_pos": "stand",
            "default_pos": "stand",
            "sex": "male",
            "wealth": "500",
            "form": "0",
            "parts": "0",
            "size": "medium",
            "material": "0"
        },
        {
            "vnum": "8310",
            "name": "oldstyle snake python",
            "short_description": "a large snake",
            "long_description": "A rather large python rests in a coil here.\n",
            "description": "It's the largest Amazon python you have ever seen.\n",
            "race": "snake",
            "act": "ACFGH",
            "affected_by": "PQ",
            "alignment": "-100",
            "group": "0",
            "level": "11",
            "hitroll": "0",
            "hit_dice": "2d8+134",
            "mana_dice": "5d9+100",
            "dam_dice": "1d10+2",
            "dam_type": "none",
            "ac_pierce": "1",
            "ac_bash": "1",
            "ac_slash": "1",
            "ac_exotic": "8",
            "off_flags": "EFNR",
            "imm_flags": "0",
            "res_flags": "0",
            "vuln_flags": "0",
            "start_pos": "stand",
            "default_pos": "stand",
            "sex": "female",
            "wealth": "0",
            "form": "0",
            "parts": "0",
            "size": "medium",
            "material": "0"
        },
        {
            "vnum": "8312",
            "name": "oldstyle hag",
            "short_description": "the Marsh Hag",
            "long_description": "A Marsh Hag is here.\n",
            "description": "Yech!  She manages to make even Smurfette look attractive.  That's ok,\nbecause she thinks you stink too, and she's about to do something about it.\n",
            "race": "human",
            "act": "ACGS",
            "affected_by": "DF",
            "alignment": "-200",
            "group": "0",
            "level": "9",
            "hitroll": "0",
            "hit_dice": "2d7+96",
            "mana_dice": "4d9+100",
            "dam_dice": "1d7+2",
            "dam_type": "none",
            "ac_pierce": "3",
            "ac_bash": "3",
            "ac_slash": "3",
            "ac_exotic": "8",
            "off_flags": "BEFJNU",
            "imm_flags": "0",
            "res_flags": "0",
            "vuln_flags": "0",
            "start_pos": "stand",
            "default_pos": "stand",
            "sex": "female",
            "wealth": "50",
            "form": "0",
            "parts": "0",
            "size": "medium",
            "material": "0"
        },
        {
            "vnum": "8313",
            "name": "oldstyle slaad",
            "short_description": "a Death Slaad",
            "long_description": "A Death Slaad is standing here distraught.  He seems lost.\n",
            "description": "This dark apparition stands a meager 13 feet in height.  Even in the dim\nswamp light, the blade of his scythe gleams.\n",
            "race": "human",
            "act": "ACG",
            "affected_by": "DF",
            "alignment": "-200",
            "group": "0",
            "level": "20",
            "hitroll": "0",
            "hit_dice": "3d9+333",
            "mana_dice": "10d9+100",
            "dam_dice": "2d8+5",
            "dam_type": "none",
            "ac_pierce": "-4",
            "ac_bash": "-4",
            "ac_slash": "-4",
            "ac_exotic": "7",
            "off_flags": "EFNU",
            "imm_flags": "0",
            "res_flags": "0",
            "vuln_flags": "0",
            "start_pos": "stand",
            "default_pos": "stand",
            "sex": "male",
            "wealth": "700",
            "form": "0",
            "parts": "0",
            "size": "medium",
            "material": "0"
        },
        {
            "vnum": "8314",
            "name": "oldstyle wolf",
            "short_description": "a marsh wolf",
            "long_description": "A marsh wolf sniffs the ground has followed your scent.\n",
            "description": "This wolf looks plump.  She probably ate a friend or two of yours who came\ninto the marsh.\n",
            "race": "wolf",
            "act": "ACFG",
            "affected_by": "0",
            "alignment": "-200",
            "group": "0",
            "level": "8",
            "hitroll": "0",
            "hit_dice": "2d7+96",
            "mana_dice": "4d9+100",
            "dam_dice": "1d7+2",
            "dam_type": "none",
            "ac_pierce": "3",
            "ac_bash": "3",
            "ac_slash": "3",
            "ac_exotic": "9",
            "off_flags": "ENR",
            "imm_flags": "0",
            "res_flags": "0",
            "vuln_flags": "0",
            "start_pos": "stand",
            "default_pos": "stand",
            "sex": "female",
            "wealth": "0",
            "form": "0",
            "parts": "0",
            "size": "medium",
            "material": "0"
        },
        {
            "vnum": "8318",
            "name": "oldstyle mound shambling",
            "short_description": "a shambling mound",
            "long_description": "A heap of garbage shambles towards you.\n",
            "description": "This grotesque pile of plant matter fills you with utmost horror.\n",
            "race": "human",
            "act": "ACG",
            "affected_by": "Q",
            "alignment": "-100",
            "group": "0",
            "level": "13",
            "hitroll": "0",
            "hit_dice": "2d10+170",
            "mana_dice": "6d9+100",
            "dam_dice": "2d5+3",
            "dam_type": "none",
            "ac_pierce": "-1",
            "ac_bash": "-1",
            "ac_slash": "-1",
            "ac_exotic": "8",
            "off_flags": "EFNU",
            "imm_flags": "0",
            "res_flags": "0",
            "vuln_flags": "0",
            "start_pos": "stand",
            "default_pos": "stand",
            "sex": "none",
            "wealth": "0",
            "form": "0",
            "parts": "0",
            "size": "medium",
            "material": "0"
        },
        {
            "vnum": "8319",
            "name": "oldstyle shaman orc",
            "short_description": "the orc shaman",
            "long_description": "An orc shaman stands before you holding a staff and wearing robes.\n",
            "description": "This old orc has an array of bones stuck in his hair and strange symbols\npainted on his face and hands.\n",
            "race": "human",
            "act": "ABCDFGQ",
            "affected_by": "DF",
            "alignment": "-100",
            "group": "0",
            "level": "12",
            "hitroll": "0",
            "hit_dice": "2d10+150",
            "mana_dice": "12d9+100",
            "dam_dice": "2d4+3",
            "dam_type": "none",
            "ac_pierce": "0",
            "ac_bash": "0",
            "ac_slash": "0",
            "ac_exotic": "7",
            "off_flags": "EIKU",
            "imm_flags": "0",
            "res_flags": "0",
            "vuln_flags": "0",
            "start_pos": "stand",
            "default_pos": "stand",
            "sex": "male",
            "wealth": "17",
            "form": "0",
            "parts": "0",
            "size": "medium",
            "material": "0"
        },
        {
            "vnum": "8320",
            "name": "oldstyle giant",
            "short_description": "a marsh giant",
            "long_description": "A marsh giant stomps towards you.\n",
            "description": "This huge monster of a man has green gnarly teeth and a BIG stick.\n",
            "race": "giant",
            "act": "ABCDFG",
            "affected_by": "DF",
            "alignment": "-100",
            "group": "0",
            "level": "15",
            "hitroll": "0",
            "hit_dice": "3d9+208",
            "mana_dice": "7d9+100",
            "dam_dice": "2d6+3",
            "dam_type": "none",
            "ac_pierce": "-2",
            "ac_bash": "-2",
            "ac_slash": "-2",
            "ac_exotic": "7",
            "off_flags": "EFNR",
            "imm_flags": "0",
            "res_flags": "0",
            "vuln_flags": "0",
            "start_pos": "stand",
            "default_pos": "stand",
            "sex": "male",
            "wealth": "600",
            "form": "0",
            "parts": "0",
            "size": "medium",
            "material": "0"
        },
        {
            "vnum": "8321",
            "name": "oldstyle gargoyle",
            "short_description": "a gargoyle",
            "long_description": "A large gargoyle lands next to you, baring his fangs at you.\n",
            "description": "This creepy fellow looks like he could use you as a meal.\n",
            "race": "human",
            "act": "ABCDFG",
            "affected_by": "DF",
            "alignment": "-100",
            "group": "0",
            "level": "12",
            "hitroll": "0",
            "hit_dice": "2d10+150",
            "mana_dice": "6d9+100",
            "dam_dice": "1d10+3",
            "dam_type": "none",
            "ac_pierce": "0",
            "ac_bash": "0",
            "ac_slash": "0",
            "ac_exotic": "8",
            "off_flags": "EFNU",
            "imm_flags": "0",
            "res_flags": "0",
            "vuln_flags": "0",
            "start_pos": "stand",
            "default_pos": "stand",
            "sex": "none",
            "wealth": "100",
            "form": "0",
            "parts": "0",
            "size": "medium",
            "material": "0"
        }
    ],
    "objects": [
        {
            "vnum": "8301",
            "name": "spear long two-handed",
            "short_description": "a long spear",
            "description": "A strange spear lies here.",
            "material": "oak",
            "type": "weapon",
            "extra_flags": "J",
            "wear_flags": "AN",
            "values": "staff 1 12 stab F",
            "level": "11",
            "weight": "100",
            "cost": "1330",
            "condition": "P",
            "affects_a": [
                {
                    "location": "2",
                    "modifier": "1"
                },
                {
                    "location": "19",
                    "modifier": "3"
                }
            ]
        },
        {
            "vnum": "8302",
            "name": "horned helmet",
            "short_description": "a dark horned helmet",
            "description": "A wicked looking horned helmet lies here.",
            "material": "iron bone",
            "type": "armor",
            "extra_flags": "J",
            "wear_flags": "AE",
            "values": "6 6 5 2 0",
            "level": "10",
            "weight": "50",
            "cost": "0",
            "condition": "P",
            "affects_a": [
                {
                    "location": "3",
                    "modifier": "-3"
                },
                {
                    "location": "19",
                    "modifier": "1"
                }
            ],
            "extra_descriptions": [
                {
                    "keyword": "horns horn",
                    "description": "These horns appear to be made of adamantite."
                }
            ]
        },
        {
            "vnum": "8303",
            "name": "chain mail chainmail",
            "short_description": "a suit of chainmail",
            "description": "An old suit of chainmail lies here, corroded by the marsh.",
            "material": "iron",
            "type": "armor",
            "extra_flags": "J",
            "wear_flags": "AD",
            "values": "5 8 7 0 0",
            "level": "20",
            "weight": "200",
            "cost": "2700",
            "condition": "P"
        },
        {
            "vnum": "8306",
            "name": "scythe",
            "short_description": "a huge, wicked-looking scythe",
            "description": "An evil, wicked-looking scythe lies in the shadows.",
            "material": "iron",
            "type": "weapon",
            "extra_flags": "HJ",
            "wear_flags": "AN",
            "values": "polearm 5 5 slice F",
            "level": "19",
            "weight": "160",
            "cost": "1770",
            "condition": "P",
            "affects_a": [
                {
                    "location": "19",
                    "modifier": "3"
                },
                {
                    "location": "18",
                    "modifier": "3"
                }
            ]
        },
        {
            "vnum": "8307",
            "name": "green potion",
            "short_description": "a murky green potion",
            "description": "A murky green potion lies here in the mud.",
            "material": "glass",
            "type": "potion",
            "extra_flags": "AB",
            "wear_flags": "A",
            "values": "43 'cure critical' '' '' ''",
            "level": "5",
            "weight": "10",
            "cost": "690",
            "condition": "P",
            "extra_descriptions": [
                {
                    "keyword": "potion",
                    "description": "It looks really disgusting and doesn't smell very nice either."
                }
            ]
        },
        {
            "vnum": "8308",
            "name": "claymore rusty sword",
            "short_description": "a rusty claymore",
            "description": "A huge rusted sword lies in a pool of water.",
            "material": "iron",
            "type": "weapon",
            "extra_flags": "0",
            "wear_flags": "AN",
            "values": "sword 4 8 cleave F",
            "level": "28",
            "weight": "100",
            "cost": "3000",
            "condition": "P"
        }
    ],
    "rooms": [
        {
            "vnum": "8301",
            "name": "Muddy Path",
            "description": "This section of the path is slowly being drowned by the nearby swamp to the\nsouth, which is creeping slowly inland.  Several caved-in buildings sprawl\nhere, torn apart both by battle and the elements.\n",
            "flags": "0",
            "sector": "2",
            "exits": [
                {
                    "door": "D0",
                    "description": "The path looks drier here.\n",
                    "keyword": "",
                    "locks": "0",
                    "key": "-1",
                    "u1_vnum": "6125"
                },
                {
                    "door": "D2",
                    "description": "A broken road leading southward into the marsh.\n",
                    "keyword": "",
                    "locks": "0",
                    "key": "-1",
                    "u1_vnum": "8302"
                }
            ],
            "extra_descriptions": [
                {
                    "keyword": "swamp",
                    "description": "The swamp to the south even reaches as far as this point ... it makes the\nground and air about you moist and fetid.\n"
                }
            ]
        },
        {
            "vnum": "8302",
            "name": "Swamp's Edge",
            "description": "Briars and marsh plants stick to your boots and clothes, and clouds cover the\nskies above the murky marsh, leaving the path before you dark and sinister.\nYou see some disturbances in the marsh, but after a few strangled screams,\nthe sounds stop.\n",
            "flags": "0",
            "sector": "5",
            "exits": [
                {
                    "door": "D0",
                    "description": "",
                    "keyword": "",
                    "locks": "0",
                    "key": "-1",
                    "u1_vnum": "8301"
                },
                {
                    "door": "D1",
                    "description": "To the east lies a series of bogs and shallows that look rather threatening.\n",
                    "keyword": "",
                    "locks": "0",
                    "key": "-1",
                    "u1_vnum": "8303"
                },
                {
                    "door": "D2",
                    "description": "You notice a large hill rising out of the marsh to the south.\n",
                    "keyword": "",
                    "locks": "0",
                    "key": "-1",
                    "u1_vnum": "8304"
                }
            ]
        },
        {
            "vnum": "8303",
            "name": "Marshy Forest",
            "description": "This area is by no means a forest, but for those who dwell in these sparse\ntrees it is one.  Occasionally you see a whole humanoid form floating face down\nin the water, but mostly you only find pieces.  You hear a loud bellow in the\ndistance.  And feel fear creep into your heart.\n",
            "flags": "A",
            "sector": "5",
            "exits": [
                {
                    "door": "D1",
                    "description": "Eastward is the thick bog of ooze...\n",
                    "keyword": "",
                    "locks": "0",
                    "key": "-1",
                    "u1_vnum": "8305"
                },
                {
                    "door": "D3",
                    "description": "Westward lies the remanents of a broken and shattered roadway being swallowed\nby the marsh.\n",
                    "keyword": "",
                    "locks": "0",
                    "key": "-1",
                    "u1_vnum": "8302"
                }
            ],
            "extra_descriptions": [
                {
                    "keyword": "pieces",
                    "description": "You see severed limbs and spongy intestines.\n"
                },
                {
                    "keyword": "humanoid corpse",
                    "description": "He looks mangled and shredded.  You see one large gash mark that looks\nlike it came from the claw of some huge beast.\n"
                }
            ]
        },
        {
            "vnum": "8304",
            "name": "On a hill.",
            "description": "You stand atop a hill on the northwestern side of the evil swamp. Dark\nclouds whip around you and the wind raises its voice and assails you.\n",
            "flags": "A",
            "sector": "4",
            "exits": [
                {
                    "door": "D0",
                    "description": "To the north lies a damp broken roadway.\n",
                    "keyword": "",
                    "locks": "0",
                    "key": "-1",
                    "u1_vnum": "8302"
                },
                {
                    "door": "D1",
                    "description": "A dark pool congeals to the east.\n",
                    "keyword": "",
                    "locks": "0",
                    "key": "-1",
                    "u1_vnum": "8309"
                },
                {
                    "door": "D2",
                    "description": "A gloomy path leads down the hill into the swamp.\n",
                    "keyword": "",
                    "locks": "0",
                    "key": "-1",
                    "u1_vnum": "8310"
                }
            ]
        },
        {
            "vnum": "8305",
            "name": "An Oozing Bog",
            "description": "You stand in an oozing quagmire.  A creaking beat fills the air, \naccompanied by groans and soughing of the air.  Several large winged\nbeasts flap over you and send chilling glares your way.  You feel out\nof place, and feel that the occupants of this realm will soon \nhave you for a feast.\n",
            "flags": "A",
            "sector": "5",
            "exits": [
                {
                    "door": "D1",
                    "description": "Eastward lies a horde of disgusting looking monsters.\n",
                    "keyword": "",
                    "locks": "0",
                    "key": "-1",
                    "u1_vnum": "8306"
                },
                {
                    "door": "D3",
                    "description": "Westward lies a marshy area.\n",
                    "keyword": "",
                    "locks": "0",
                    "key": "-1",
                    "u1_vnum": "8303"
                }
            ],
            "extra_descriptions": [
                {
                    "keyword": "beasts",
                    "description": "You see a large creature, possibly a demon, flapping heavily above you.\n"
                }
            ]
        },
        {
            "vnum": "8306",
            "name": "An Oozing Bog",
            "description": "The ground here is soft and oozing.  You feel slimy water seeping into your\nboots.  Better stop and check for leeches when you get out of here.\n",
            "flags": "A",
            "sector": "5",
            "exits": [
                {
                    "door": "D3",
                    "description": "You see a large tree limb that looks easily moved.\n",
                    "keyword": "limb",
                    "locks": "1",
                    "key": "-1",
                    "u1_vnum": "8305"
                }
            ],
            "extra_descriptions": [
                {
                    "keyword": "limb",
                    "description": "The limb looks like it is attached to a trap door in the ground.\n"
                }
            ]
        },
        {
            "vnum": "8307",
            "name": "Swamp Thing's Lair",
            "description": "A horrible swamp thing resides here.  Mutilated corpses suffuse the air with\nthe overwhelming stench of putrid flesh.\n",
            "flags": "A",
            "sector": "6",
            "exits": [
                {
                    "door": "D3",
                    "description": "A pool of quick sand lies to the west.\n",
                    "keyword": "",
                    "locks": "0",
                    "key": "-1",
                    "u1_vnum": "8308"
                }
            ],
            "extra_descriptions": [
                {
                    "keyword": "corpses",
                    "description": "You notice a note on one of the corpses reading:  'Best ye forget the temple,\nit is not for the likes of you...'\n"
                }
            ]
        },
        {
            "vnum": "8308",
            "name": "Pool of Quick Sand",
            "description": "You stand by a large oozing pool of quick sand.  Luckily only a complete\nklutz could not avoid it.  Dancing lights fly about you and one seems to\nbe taunting you towards the pool.\n",
            "flags": "A",
            "sector": "6",
            "exits": [
                {
                    "door": "D1",
                    "description": "The swamp thing's lair.\n",
                    "keyword": "",
                    "locks": "0",
                    "key": "-1",
                    "u1_vnum": "8307"
                },
                {
                    "door": "D2",
                    "description": "A murky bog.\n",
                    "keyword": "",
                    "locks": "0",
                    "key": "-1",
                    "u1_vnum": "8314"
                },
                {
                    "door": "D3",
                    "description": "A dark pool lies to the west.\n",
                    "keyword": "",
                    "locks": "0",
                    "key": "-1",
                    "u1_vnum": "8309"
                }
            ],
            "extra_descriptions": [
                {
                    "keyword": "quicksand",
                    "description": "It looks deadly to the foolish.\n"
                },
                {
                    "keyword": "lights ",
                    "description": "From the stories you have heard, you recognize them as will-o-wisps.\n"
                }
            ]
        },
        {
            "vnum": "8309",
            "name": "A Dark Pool.",
            "description": "You stand beside a large dark pond.  The water boils not with heat, but with\nmotion, as if it is alive.  A creaking beat pulses through the air, leaving\nyou with a cold sweat and fear in your heart.\n",
            "flags": "A",
            "sector": "6",
            "exits": [
                {
                    "door": "D1",
                    "description": "A large pool of quicksand lies to the east.\n",
                    "keyword": "",
                    "locks": "0",
                    "key": "-1",
                    "u1_vnum": "8308"
                },
                {
                    "door": "D2",
                    "description": "You see a cloud of darkness to the south.\n",
                    "keyword": "",
                    "locks": "0",
                    "key": "-1",
                    "u1_vnum": "8311"
                },
                {
                    "door": "D3",
                    "description": "A hill rises out of the swamp to the east.\n",
                    "keyword": "",
                    "locks": "0",
                    "key": "-1",
                    "u1_vnum": "8304"
                }
            ],
            "extra_descriptions": [
                {
                    "keyword": "pond",
                    "description": "It looks ALIVE ...\n"
                }
            ]
        },
        {
            "vnum": "8310",
            "name": "Gloomy Path Through the Marsh.",
            "description": "To the north lies a hill, shrouded in dark clouds, and to the south lies\na huge patch of vegetation.  You sense an evil presence and notice \na beast flying overhead to the south east, towards what looks to be a \nhuge fortress, half buried in the marsh.\n",
            "flags": "A",
            "sector": "6",
            "exits": [
                {
                    "door": "D0",
                    "description": "To the north a hill protrudes from the marshes.\n",
                    "keyword": "",
                    "locks": "0",
                    "key": "-1",
                    "u1_vnum": "8304"
                },
                {
                    "door": "D2",
                    "description": "To the south a huge mass of vegetation seems to quiver with life.\n",
                    "keyword": "",
                    "locks": "0",
                    "key": "-1",
                    "u1_vnum": "8312"
                }
            ],
            "extra_descriptions": [
                {
                    "keyword": "vegetation",
                    "description": "It looks sentient.\n"
                },
                {
                    "keyword": "fortress",
                    "description": "It is surrounded by walls nearly 20 meters high.  In a tall tower on the\nnortheast side, a window glows blue with magical energy.\n"
                },
                {
                    "keyword": "beast",
                    "description": "It looks to be a demon of some foul breed.\n"
                },
                {
                    "keyword": "clouds",
                    "description": "The clouds look dark and foreboding.\n"
                }
            ]
        },
        {
            "vnum": "8311",
            "name": "Cloud of Darkness.",
            "description": "As you travel through this cloud of darkness, a fear such as you have never\nknown before assails you.\n",
            "flags": "A",
            "sector": "6",
            "exits": [
                {
                    "door": "D0",
                    "description": "A dark pool lies to the north.\n",
                    "keyword": "",
                    "locks": "0",
                    "key": "-1",
                    "u1_vnum": "8309"
                },
                {
                    "door": "D2",
                    "description": "An obelisk lies to the south.\n",
                    "keyword": "",
                    "locks": "0",
                    "key": "-1",
                    "u1_vnum": "8313"
                }
            ]
        },
        {
            "vnum": "8312",
            "name": "Near Vegetation from Hell.",
            "description": "You stand near some of the strangest plant life you have ever seen, a mixture\nof tumescent vegetables, evil-smelling fruit trees, and malignant ferns.\n",
            "flags": "A",
            "sector": "6",
            "exits": [
                {
                    "door": "D0",
                    "description": "To the north is a gloomy path through the marsh.\n",
                    "keyword": "",
                    "locks": "0",
                    "key": "-1",
                    "u1_vnum": "8310"
                },
                {
                    "door": "D1",
                    "description": "Eastward is a large, black stone monolith.\n",
                    "keyword": "",
                    "locks": "0",
                    "key": "-1",
                    "u1_vnum": "8313"
                }
            ],
            "extra_descriptions": [
                {
                    "keyword": "plant plants",
                    "description": "They look rather violent, and snap at you when you come near.\n"
                }
            ]
        },
        {
            "vnum": "8313",
            "name": "By the Monolith.",
            "description": "You are standing near a monolith which protrudes some 20 feet from the\nmarsh into the air.  Its black obsidian surface shines darkly in the \nstrange, almost unearthly light that enters through the clouds above.\n",
            "flags": "A",
            "sector": "5",
            "exits": [
                {
                    "door": "D0",
                    "description": "To the north is a cloud of darkest evil.\n",
                    "keyword": "",
                    "locks": "0",
                    "key": "-1",
                    "u1_vnum": "8311"
                },
                {
                    "door": "D1",
                    "description": "Eastward lies a murky bog.\n",
                    "keyword": "",
                    "locks": "0",
                    "key": "-1",
                    "u1_vnum": "8314"
                },
                {
                    "door": "D3",
                    "description": "Near Vegetation from Hell.\n",
                    "keyword": "",
                    "locks": "0",
                    "key": "-1",
                    "u1_vnum": "8312"
                }
            ],
            "extra_descriptions": [
                {
                    "keyword": "monolith",
                    "description": "This huge monolith resembles nothing you have ever seen before.\nYou have a strong feeling not to go within.\n"
                }
            ]
        },
        {
            "vnum": "8314",
            "name": "Murky Bog.",
            "description": "A murky bog surrounds you.  To the east a black monolith juts forth from the\nground.  Far to the north lies a huge pool of quicksand.  Snarls can be heard\nechoing as if from a great distance.\n",
            "flags": "A",
            "sector": "5",
            "exits": [
                {
                    "door": "D0",
                    "description": "To the north lies a huge pool of quicksand.\n",
                    "keyword": "",
                    "locks": "0",
                    "key": "-1",
                    "u1_vnum": "8308"
                },
                {
                    "door": "D1",
                    "description": "To the east the marsh turns into a small lake.\n",
                    "keyword": "",
                    "locks": "0",
                    "key": "-1",
                    "u1_vnum": "8315"
                },
                {
                    "door": "D3",
                    "description": "Westward a large monolith awaits adventurers.\n",
                    "keyword": "",
                    "locks": "0",
                    "key": "-1",
                    "u1_vnum": "8313"
                }
            ],
            "extra_descriptions": [
                {
                    "keyword": "monolith",
                    "description": "This is a huge obsidian stone block stuck in the marsh.\n"
                }
            ]
        },
        {
            "vnum": "8315",
            "name": "Northern Lake Side.",
            "description": "Floating on this boiling lake is not what you would consider an enjoyable \nexperience.  Many a creature bumps the bottom of your boat, and glares \nat you through unblinking eyes from the waters below.  The southern \nportion of the lake looks calm and serene compared to this wild place.\n",
            "flags": "A",
            "sector": "7",
            "exits": [
                {
                    "door": "D2",
                    "description": "The southern portion of the lake lies to the south.\n",
                    "keyword": "",
                    "locks": "0",
                    "key": "-1",
                    "u1_vnum": "8316"
                },
                {
                    "door": "D3",
                    "description": "To the west lies a murky bog.\n",
                    "keyword": "",
                    "locks": "0",
                    "key": "-1",
                    "u1_vnum": "8314"
                }
            ]
        },
        {
            "vnum": "8316",
            "name": "Southern Lake Side.",
            "description": "You are floating on a calm section of blue crystal water.  You feel much more\nat ease then you were before in this area.  Then a wave of fear passes over\nyou.  You are not alone.\n",
            "flags": "A",
            "sector": "7",
            "exits": [
                {
                    "door": "D0",
                    "description": "Northern lake side.\n",
                    "keyword": "",
                    "locks": "0",
                    "key": "-1",
                    "u1_vnum": "8315"
                },
                {
                    "door": "D3",
                    "description": "To the west is a beach where your boat can land.\n",
                    "keyword": "",
                    "locks": "0",
                    "key": "-1",
                    "u1_vnum": "8317"
                }
            ],
            "extra_descriptions": [
                {
                    "keyword": "north",
                    "description": "The way to the north seems to be impassable, due to the rough water and\nstrange wild life.\n"
                }
            ]
        },
        {
            "vnum": "8317",
            "name": "Beach",
            "description": "You are on a sandy shore.  Marsh life creeps across the surface.  To the west\nlies an evil fortress.  You see figures walking along the battlements.\n",
            "flags": "A",
            "sector": "5",
            "exits": [
                {
                    "door": "D1",
                    "description": "To the east lies the southern portion of a small lake.\n",
                    "keyword": "",
                    "locks": "0",
                    "key": "-1",
                    "u1_vnum": "8316"
                },
                {
                    "door": "D3",
                    "description": "The great gates.\n",
                    "keyword": "",
                    "locks": "0",
                    "key": "-1",
                    "u1_vnum": "8318"
                }
            ],
            "extra_descriptions": [
                {
                    "keyword": "fortress",
                    "description": "It is hewn of black stone and heavily fortified.\n"
                }
            ]
        },
        {
            "vnum": "8318",
            "name": "Before the Great Gates.",
            "description": "You stand before the gates of a huge fortress.  The drawbridge is up, the\ngates closed, and the portcullis down.  This place looks very dangerous,\nand you decide not to continue onward.\n",
            "flags": "A",
            "sector": "3",
            "exits": [
                {
                    "door": "D1",
                    "description": "To the east is a marshy beach.\n",
                    "keyword": "",
                    "locks": "0",
                    "key": "-1",
                    "u1_vnum": "8317"
                },
                {
                    "door": "D2",
                    "description": "",
                    "keyword": "",
                    "locks": "1",
                    "key": "-1",
                    "u1_vnum": "-1"
                }
            ]
        }
    ],
    "resets": [
        {
            "command": "M",
            "arg1": "8301",
            "arg2": "2",
            "arg3": "8303",
            "arg4": "1"
        },
        {
            "command": "M",
            "arg1": "8301",
            "arg2": "2",
            "arg3": "8308",
            "arg4": "1"
        },
        {
            "command": "M",
            "arg1": "8302",
            "arg2": "6",
            "arg3": "8303",
            "arg4": "2"
        },
        {
            "command": "G",
            "arg1": "8307",
            "arg2": "-1"
        },
        {
            "command": "M",
            "arg1": "8302",
            "arg2": "6",
            "arg3": "8304",
            "arg4": "2"
        },
        {
            "command": "G",
            "arg1": "8307",
            "arg2": "-1"
        },
        {
            "command": "M",
            "arg1": "8302",
            "arg2": "6",
            "arg3": "8306",
            "arg4": "2"
        },
        {
            "command": "M",
            "arg1": "8303",
            "arg2": "3",
            "arg3": "8303",
            "arg4": "1"
        },
        {
            "command": "M",
            "arg1": "8303",
            "arg2": "3",
            "arg3": "8313",
            "arg4": "1"
        },
        {
            "command": "M",
            "arg1": "8303",
            "arg2": "3",
            "arg3": "8307",
            "arg4": "1"
        },
        {
            "command": "M",
            "arg1": "8304",
            "arg2": "1",
            "arg3": "8307",
            "arg4": "1"
        },
        {
            "command": "M",
            "arg1": "8305",
            "arg2": "2",
            "arg3": "8306",
            "arg4": "2"
        },
        {
            "command": "E",
            "arg1": "8303",
            "arg2": "20",
            "arg3": "5"
        },
        {
            "command": "E",
            "arg1": "8308",
            "arg2": "20",
            "arg3": "16"
        },
        {
            "command": "M",
            "arg1": "8306",
            "arg2": "2",
            "arg3": "8304",
            "arg4": "1"
        },
        {
            "command": "M",
            "arg1": "8306",
            "arg2": "2",
            "arg3": "8310",
            "arg4": "1"
        },
        {
            "command": "M",
            "arg1": "8307",
            "arg2": "2",
            "arg3": "8305",
            "arg4": "1"
        },
        {
            "command": "M",
            "arg1": "8307",
            "arg2": "2",
            "arg3": "8313",
            "arg4": "1"
        },
        {
            "command": "M",
            "arg1": "8308",
            "arg2": "1",
            "arg3": "8308",
            "arg4": "1"
        },
        {
            "command": "M",
            "arg1": "8309",
            "arg2": "2",
            "arg3": "8305",
            "arg4": "1"
        },
        {
            "command": "M",
            "arg1": "8309",
            "arg2": "2",
            "arg3": "8311",
            "arg4": "1"
        },
        {
            "command": "M",
            "arg1": "8310",
            "arg2": "2",
            "arg3": "8304",
            "arg4": "1"
        },
        {
            "command": "M",
            "arg1": "8310",
            "arg2": "2",
            "arg3": "8305",
            "arg4": "1"
        },
        {
            "command": "M",
            "arg1": "8312",
            "arg2": "2",
            "arg3": "8310",
            "arg4": "1"
        },
        {
            "command": "M",
            "arg1": "8312",
            "arg2": "2",
            "arg3": "8309",
            "arg4": "1"
        },
        {
            "command": "M",
            "arg1": "8313",
            "arg2": "1",
            "arg3": "8310",
            "arg4": "1"
        },
        {
            "command": "E",
            "arg1": "8306",
            "arg2": "1",
            "arg3": "16"
        },
        {
            "command": "E",
            "arg1": "8302",
            "arg2": "5",
            "arg3": "6"
        },
        {
            "command": "M",
            "arg1": "8314",
            "arg2": "6",
            "arg3": "8304",
            "arg4": "1"
        },
        {
            "command": "M",
            "arg1": "8314",
            "arg2": "6",
            "arg3": "8305",
            "arg4": "1"
        },
        {
            "command": "M",
            "arg1": "8314",
            "arg2": "6",
            "arg3": "8306",
            "arg4": "1"
        },
        {
            "command": "M",
            "arg1": "8314",
            "arg2": "6",
            "arg3": "8307",
            "arg4": "1"
        },
        {
            "command": "M",
            "arg1": "8314",
            "arg2": "6",
            "arg3": "8308",
            "arg4": "1"
        },
        {
            "command": "M",
            "arg1": "8314",
            "arg2": "6",
            "arg3": "8309",
            "arg4": "1"
        },
        {
            "command": "M",
            "arg1": "8318",
            "arg2": "2",
            "arg3": "8312",
            "arg4": "2"
        },
        {
            "command": "G",
            "arg1": "8307",
            "arg2": "-1"
        },
        {
            "command": "M",
            "arg1": "8318",
            "arg2": "2",
            "arg3": "8312",
            "arg4": "2"
        },
        {
            "command": "G",
            "arg1": "8307",
            "arg2": "-1"
        },
        {
            "command": "M",
            "arg1": "8321",
            "arg2": "2",
            "arg3": "8318",
            "arg4": "2"
        },
        {
            "command": "M",
            "arg1": "8321",
            "arg2": "2",
            "arg3": "8318",
            "arg4": "2"
        },
        {
            "command": "M",
            "arg1": "8320",
            "arg2": "5",
            "arg3": "8307",
            "arg4": "1"
        },
        {
            "command": "G",
            "arg1": "8301",
            "arg2": "10"
        },
        {
            "command": "M",
            "arg1": "8320",
            "arg2": "5",
            "arg3": "8309",
            "arg4": "1"
        },
        {
            "command": "G",
            "arg1": "8301",
            "arg2": "10"
        },
        {
            "command": "M",
            "arg1": "8320",
            "arg2": "5",
            "arg3": "8311",
            "arg4": "1"
        },
        {
            "command": "G",
            "arg1": "8301",
            "arg2": "10"
        },
        {
            "command": "M",
            "arg1": "8320",
            "arg2": "5",
            "arg3": "8313",
            "arg4": "1"
        },
        {
            "command": "G",
            "arg1": "8301",
            "arg2": "10"
        },
        {
            "command": "G",
            "arg1": "8307",
            "arg2": "-1"
        },
        {
            "command": "M",
            "arg1": "8320",
            "arg2": "5",
            "arg3": "8315",
            "arg4": "1"
        },
        {
            "command": "G",
            "arg1": "8301",
            "arg2": "10"
        },
        {
            "command": "E",
            "arg1": "8302",
            "arg2": "5",
            "arg3": "6"
        }
    ],
    "shops": [],
    "specials": [
        {
            "vnum": "8309",
            "spec_fun": "spec_poison"
        },
        {
            "vnum": "8310",
            "spec_fun": "spec_poison"
        },
        {
            "vnum": "8312",
            "spec_fun": "spec_thief"
        },
        {
            "vnum": "8313",
            "spec_fun": "spec_cast_undead"
        },
        {
            "vnum": "8319",
            "spec_fun": "spec_cast_cleric"
        }
    ]
}