{
    "area": {
        "file": "mirkwd2.are",
        "name": "Mirkwood",
        "low_range": "5",
        "high_range": "15",
        "writer": "Yaegar",
        "credits": "Mirkwood",
        "min_vnum": "8800",
        "max_vnum": "8899"
    },
    "helps": [
        {
            "level": "0",
            "keyword": "mirkwood",
            "text": "Written by Yaegar using MZF and a DOS text Editor in December 1995. Based\nloosely on the forest mentioned in the works of Tolkien of the same name.\n\nThanks to J.R.R. Tolkien and the gang at AM.\n\nConverted to ROM 2.4 format by Roland.\nEnhanced and balanced by jaceks.\nChecked and beta tested by Quartz.\n"
        }
    ],
    "mobiles": [
        {
            "vnum": "8800",
            "name": "sylvan elf scout",
            "short_description": "a sylvan elf scout",
            "long_description": "A Sylvan Elf scout is offended at your intrusion!\n",
            "description": "The Sylvan Elves are a good people, but centuries of subjection to the\nviolences and prejudices of other races have made them wary and very\nhostile toward outsiders. However, if you're tough enough, perhaps he'll\nback down. As natives of Mirkwood, they are virtually imposssible to see\nif they don't want to be seen.\n",
            "race": "elf",
            "act": "ABCFG",
            "affected_by": "FJQ",
            "alignment": "400",
            "group": "0",
            "level": "5",
            "hitroll": "0",
            "hit_dice": "2d6+60",
            "mana_dice": "1d1+99",
            "dam_dice": "1d6+1",
            "dam_type": "punch",
            "ac_pierce": "5",
            "ac_bash": "5",
            "ac_slash": "5",
            "ac_exotic": "10",
            "off_flags": "DF",
            "imm_flags": "ABNI",
            "res_flags": "AN",
            "vuln_flags": "GH",
            "start_pos": "stand",
            "default_pos": "sit",
            "sex": "male",
            "wealth": "103",
            "form": "0",
            "parts": "0",
            "size": "small",
            "material": "0"
        },
        {
            "vnum": "8801",
            "name": "sylvan elf warrior",
            "short_description": "a sylvan elf warrior",
            "long_description": "A Sylvan Elf warrior lunges at you with his sword!\n",
            "description": "The Sylvan Elves are a good people, but centuries of subjection to the\nviolences and prejudices of other races have made them wary and very\nhostile toward outsiders. However, if you're tough enough, perhaps he'll\nback down.\n",
            "race": "elf",
            "act": "ABCFG",
            "affected_by": "J",
            "alignment": "400",
            "group": "0",
            "level": "7",
            "hitroll": "2",
            "hit_dice": "2d6+84",
            "mana_dice": "1d1+99",
            "dam_dice": "1d8+1",
            "dam_type": "slice",
            "ac_pierce": "5",
            "ac_bash": "5",
            "ac_slash": "7",
            "ac_exotic": "10",
            "off_flags": "CEF",
            "imm_flags": "AB",
            "res_flags": "0",
            "vuln_flags": "D",
            "start_pos": "rest",
            "default_pos": "stand",
            "sex": "male",
            "wealth": "150",
            "form": "0",
            "parts": "0",
            "size": "small",
            "material": "0"
        },
        {
            "vnum": "8802",
            "name": "orc scout",
            "short_description": "an orc scout",
            "long_description": "An Orcish scout screams and attacks!\n",
            "description": "These foul creatures have been sent in advance by Orcish forces to scout\nout the defenses of Mirkwood. So far, their attempts have resulted only\nin their own demise, but eventually the Elves will be worn down by the\nsheer weight of numbers of the immense Orcish hordes.\n",
            "race": "orc",
            "act": "ABCFGH",
            "affected_by": "J",
            "alignment": "-400",
            "group": "0",
            "level": "5",
            "hitroll": "0",
            "hit_dice": "2d6+60",
            "mana_dice": "1d1+99",
            "dam_dice": "1d6+1",
            "dam_type": "slap",
            "ac_pierce": "10",
            "ac_bash": "5",
            "ac_slash": "10",
            "ac_exotic": "10",
            "off_flags": "CDF",
            "imm_flags": "AB",
            "res_flags": "0",
            "vuln_flags": "CD",
            "start_pos": "stand",
            "default_pos": "stand",
            "sex": "male",
            "wealth": "211",
            "form": "0",
            "parts": "0",
            "size": "medium",
            "material": "0"
        },
        {
            "vnum": "8803",
            "name": "orc warrior",
            "short_description": "an orc warrior",
            "long_description": "An Orcish warrior screams and attacks!\n",
            "description": "These fell minions of Sauron have been sent in an attempt to subjugate\nMirkwood. So far, their attempts have resulted only in their own demise,\nbut eventually the Elves will be worn down by the sheer weight of numbers \nof the immense Orcish hordes.\n",
            "race": "orc",
            "act": "ACFG",
            "affected_by": "J",
            "alignment": "-400",
            "group": "0",
            "level": "5",
            "hitroll": "1",
            "hit_dice": "2d6+60",
            "mana_dice": "1d1+99",
            "dam_dice": "1d6+1",
            "dam_type": "grep",
            "ac_pierce": "5",
            "ac_bash": "5",
            "ac_slash": "7",
            "ac_exotic": "5",
            "off_flags": "EIN",
            "imm_flags": "AB",
            "res_flags": "0",
            "vuln_flags": "C",
            "start_pos": "stand",
            "default_pos": "stand",
            "sex": "male",
            "wealth": "0",
            "form": "0",
            "parts": "0",
            "size": "medium",
            "material": "0"
        },
        {
            "vnum": "8804",
            "name": "guard",
            "short_description": "a wood elf guard",
            "long_description": "A Wood Elf guard angrily accosts you.\n",
            "description": "This angry guard is incensed at your trespass in the hall of his king, and\nwill attempt to forcibly eject you.\n",
            "race": "elf",
            "act": "AFGTQ",
            "affected_by": "J",
            "alignment": "400",
            "group": "8807",
            "level": "8",
            "hitroll": "0",
            "hit_dice": "2d7+98",
            "mana_dice": "1d1+99",
            "dam_dice": "1d7+2",
            "dam_type": "smash",
            "ac_pierce": "3",
            "ac_bash": "3",
            "ac_slash": "3",
            "ac_exotic": "5",
            "off_flags": "CKNRT",
            "imm_flags": "ABHLN",
            "res_flags": "0",
            "vuln_flags": "0",
            "start_pos": "stand",
            "default_pos": "stand",
            "sex": "male",
            "wealth": "50",
            "form": "0",
            "parts": "0",
            "size": "small",
            "material": "0"
        },
        {
            "vnum": "8805",
            "name": "chief guard",
            "short_description": "the chief of the guard",
            "long_description": "A Wood Elf chief of the guard lunges at you with his sword!\n",
            "description": "The Wood Elves are a good people, but centuries of subjection to the\nviolences and prejudices of other races have made them wary and very\nhostile toward outsiders. However, if you're tough enough, perhaps he'll\nback down.\n",
            "race": "elf",
            "act": "ABCFGQ",
            "affected_by": "J",
            "alignment": "400",
            "group": "0",
            "level": "12",
            "hitroll": "1",
            "hit_dice": "2d10+150",
            "mana_dice": "1d1+99",
            "dam_dice": "1d10+3",
            "dam_type": "claw",
            "ac_pierce": "1",
            "ac_bash": "1",
            "ac_slash": "0",
            "ac_exotic": "7",
            "off_flags": "CDEFRTU",
            "imm_flags": "HLN",
            "res_flags": "C",
            "vuln_flags": "0",
            "start_pos": "stand",
            "default_pos": "stand",
            "sex": "male",
            "wealth": "100",
            "form": "0",
            "parts": "0",
            "size": "medium",
            "material": "0"
        },
        {
            "vnum": "8806",
            "name": "galion butler",
            "short_description": "Galion the butler",
            "long_description": "A Wood Elf butler glares at you accusingly.\n",
            "description": "Galion has a tremenous fondness for Dorwinion Wine, and he is now well and\ntruly inebriated. However that does not mean he won't react to your intrusion.\n",
            "race": "elf",
            "act": "ABCFG",
            "affected_by": "J",
            "alignment": "400",
            "group": "0",
            "level": "10",
            "hitroll": "0",
            "hit_dice": "2d7+120",
            "mana_dice": "1d1+99",
            "dam_dice": "2d4+2",
            "dam_type": "punch",
            "ac_pierce": "2",
            "ac_bash": "2",
            "ac_slash": "2",
            "ac_exotic": "8",
            "off_flags": "KN",
            "imm_flags": "AB",
            "res_flags": "0",
            "vuln_flags": "0",
            "start_pos": "stand",
            "default_pos": "stand",
            "sex": "male",
            "wealth": "0",
            "form": "0",
            "parts": "0",
            "size": "medium",
            "material": "0"
        },
        {
            "vnum": "8807",
            "name": "thranduil king",
            "short_description": "Thranduil, king of the Wood Elves",
            "long_description": "Thranduil, King of the Wood Elves, eyes you suspiciously.\n",
            "description": "While not immune to the prejudices of his brethren, Thranduil is a trifle\nwiser (and more civilized) and he will not attack without provocation.\n",
            "race": "elf",
            "act": "BGR",
            "affected_by": "HJ",
            "alignment": "500",
            "group": "0",
            "level": "15",
            "hitroll": "1",
            "hit_dice": "3d9+180",
            "mana_dice": "1d1+149",
            "dam_dice": "2d5+1",
            "dam_type": "claw",
            "ac_pierce": "-1",
            "ac_bash": "-1",
            "ac_slash": "-1",
            "ac_exotic": "2",
            "off_flags": "CDEK",
            "imm_flags": "0",
            "res_flags": "D",
            "vuln_flags": "0",
            "start_pos": "sit",
            "default_pos": "sit",
            "sex": "male",
            "wealth": "0",
            "form": "0",
            "parts": "0",
            "size": "medium",
            "material": "0"
        },
        {
            "vnum": "8808",
            "name": "wood elf male",
            "short_description": "a male wood elf",
            "long_description": "A male Wood Elf glares angrily at you.\n",
            "description": "This person won't attack you like the guards will, but that doesn't mean\nhe likes you any more than they do...\n",
            "race": "elf",
            "act": "CGQ",
            "affected_by": "J",
            "alignment": "400",
            "group": "0",
            "level": "6",
            "hitroll": "0",
            "hit_dice": "2d7+70",
            "mana_dice": "1d1+99",
            "dam_dice": "1d7+1",
            "dam_type": "punch",
            "ac_pierce": "4",
            "ac_bash": "4",
            "ac_slash": "4",
            "ac_exotic": "5",
            "off_flags": "FR",
            "imm_flags": "0",
            "res_flags": "0",
            "vuln_flags": "0",
            "start_pos": "stand",
            "default_pos": "stand",
            "sex": "male",
            "wealth": "0",
            "form": "0",
            "parts": "0",
            "size": "small",
            "material": "0"
        },
        {
            "vnum": "8809",
            "name": "wood elf female",
            "short_description": "a female wood elf",
            "long_description": "A female Wood Elf glares angrily at you.\n",
            "description": "This person won't attack you like the guards will, but that doesn't mean\nahe likes you any more than they do...\n",
            "race": "elf",
            "act": "CGQ",
            "affected_by": "J",
            "alignment": "400",
            "group": "0",
            "level": "6",
            "hitroll": "0",
            "hit_dice": "2d7+65",
            "mana_dice": "1d1+99",
            "dam_dice": "1d7+1",
            "dam_type": "punch",
            "ac_pierce": "5",
            "ac_bash": "5",
            "ac_slash": "5",
            "ac_exotic": "5",
            "off_flags": "FR",
            "imm_flags": "0",
            "res_flags": "0",
            "vuln_flags": "0",
            "start_pos": "stand",
            "default_pos": "stand",
            "sex": "female",
            "wealth": "0",
            "form": "0",
            "parts": "0",
            "size": "small",
            "material": "0"
        },
        {
            "vnum": "8810",
            "name": "turnkey elf",
            "short_description": "the turnkey",
            "long_description": "The turnkey sleeps here.\n",
            "description": "This surly fellow is almost always passed out from copious alcohol consumption.\n",
            "race": "elf",
            "act": "BCG",
            "affected_by": "J",
            "alignment": "0",
            "group": "0",
            "level": "9",
            "hitroll": "-1",
            "hit_dice": "2d6+112",
            "mana_dice": "1d1+99",
            "dam_dice": "1d8+2",
            "dam_type": "slap",
            "ac_pierce": "2",
            "ac_bash": "2",
            "ac_slash": "2",
            "ac_exotic": "4",
            "off_flags": "FJ",
            "imm_flags": "0",
            "res_flags": "0",
            "vuln_flags": "0",
            "start_pos": "sleep",
            "default_pos": "sleep",
            "sex": "male",
            "wealth": "20",
            "form": "0",
            "parts": "0",
            "size": "small",
            "material": "0"
        },
        {
            "vnum": "8811",
            "name": "thorin oakenshield",
            "short_description": "Thorin Oakenshield",
            "long_description": "Thorin Oakenshield politely bows before you.\n",
            "description": "This Dwarf is descended from noble blood. He and his fellows were waylaid\nby the Wood Elves while journeying to avenge their brethren against the\ndragon Smaug.\n",
            "race": "elf",
            "act": "CGQ",
            "affected_by": "O",
            "alignment": "500",
            "group": "0",
            "level": "14",
            "hitroll": "0",
            "hit_dice": "2d10+190",
            "mana_dice": "1d1+99",
            "dam_dice": "1d12+3",
            "dam_type": "punch",
            "ac_pierce": "-1",
            "ac_bash": "-1",
            "ac_slash": "-1",
            "ac_exotic": "0",
            "off_flags": "IKNR",
            "imm_flags": "0",
            "res_flags": "ABIN",
            "vuln_flags": "0",
            "start_pos": "stand",
            "default_pos": "stand",
            "sex": "male",
            "wealth": "40",
            "form": "0",
            "parts": "0",
            "size": "medium",
            "material": "0"
        }
    ],
    "objects": [
        {
            "vnum": "8800",
            "name": "pool",
            "short_description": "a pool",
            "description": "A pool of crystal-clear water fills this clearing.\n",
            "material": "air",
            "type": "fountain",
            "extra_flags": "0",
            "wear_flags": "0",
            "values": "10000 10000 'water' 0 0",
            "level": "0",
            "weight": "0",
            "cost": "0",
            "condition": "P",
            "extra_descriptions": [
                {
                    "keyword": "pool",
                    "description": "It looks tasty. Have a drink!\n"
                }
            ]
        },
        {
            "vnum": "8801",
            "name": "sword",
            "short_description": "an elvish sword",
            "description": "A beautiful sword has been left here.",
            "material": "adamantite",
            "type": "weapon",
            "extra_flags": "G",
            "wear_flags": "AN",
            "values": "sword 1 5 slash 0",
            "level": "5",
            "weight": "30",
            "cost": "500",
            "condition": "G",
            "affects_a": [
                {
                    "location": "18",
                    "modifier": "2"
                }
            ]
        },
        {
            "vnum": "8802",
            "name": "cloak",
            "short_description": "a plain elven cloak",
            "description": "A plain, but practical, Elven cloak lies here.",
            "material": "cloth",
            "type": "armor",
            "extra_flags": "G",
            "wear_flags": "AC",
            "values": "3 3 3 0 1",
            "level": "5",
            "weight": "40",
            "cost": "200",
            "condition": "G",
            "affects_a": [
                {
                    "location": "13",
                    "modifier": "5"
                },
                {
                    "location": "17",
                    "modifier": "-2"
                }
            ]
        },
        {
            "vnum": "8803",
            "name": "boots",
            "short_description": "a pair of plain elven boots",
            "description": "A plain, but practical, pair of Elven boots.",
            "material": "leather",
            "type": "armor",
            "extra_flags": "G",
            "wear_flags": "AG",
            "values": "3 4 4 0 2",
            "level": "5",
            "weight": "30",
            "cost": "400",
            "condition": "G",
            "affects_a": [
                {
                    "location": "2",
                    "modifier": "1"
                },
                {
                    "location": "14",
                    "modifier": "50"
                }
            ]
        },
        {
            "vnum": "8804",
            "name": "water flask",
            "short_description": "a water flask",
            "description": "An Elven water flask. It is rumored that they can provide water for days.",
            "material": "porcelain",
            "type": "drink",
            "extra_flags": "0",
            "wear_flags": "A",
            "values": "10 10 'water' 0 0",
            "level": "0",
            "weight": "15",
            "cost": "50",
            "condition": "G"
        },
        {
            "vnum": "8805",
            "name": "shield",
            "short_description": "a spiked metal shield",
            "description": "An Orcish spiked metal shield has been left here.",
            "material": "steel",
            "type": "armor",
            "extra_flags": "0",
            "wear_flags": "AJ",
            "values": "3 4 4 0 3",
            "level": "5",
            "weight": "40",
            "cost": "400",
            "condition": "G"
        },
        {
            "vnum": "8806",
            "name": "scimitar",
            "short_description": "an orcish scimitar",
            "description": "An Orcish scimitar has been left here.",
            "material": "iron",
            "type": "weapon",
            "extra_flags": "G",
            "wear_flags": "AN",
            "values": "sword 1 6 cleave 0",
            "level": "5",
            "weight": "120",
            "cost": "450",
            "condition": "G",
            "affects_a": [
                {
                    "location": "1",
                    "modifier": "1"
                },
                {
                    "location": "19",
                    "modifier": "1"
                }
            ]
        },
        {
            "vnum": "8807",
            "name": "helm",
            "short_description": "an ugly spiked helm",
            "description": "An ugly Orcish spiked helm has been left here.",
            "material": "bronze",
            "type": "armor",
            "extra_flags": "G",
            "wear_flags": "AE",
            "values": "4 3 3 0 2",
            "level": "5",
            "weight": "140",
            "cost": "200",
            "condition": "G",
            "affects_a": [
                {
                    "location": "17",
                    "modifier": "-5"
                }
            ]
        },
        {
            "vnum": "8808",
            "name": "flask wine",
            "short_description": "a flask of Dorwinion wine",
            "description": "A half-drunk flask of fine Dorwinion wine lies here.",
            "material": "porcelain",
            "type": "drink",
            "extra_flags": "0",
            "wear_flags": "A",
            "values": "10 5 'red wine' 0 0",
            "level": "5",
            "weight": "60",
            "cost": "150",
            "condition": "G"
        },
        {
            "vnum": "8809",
            "name": "barrel wine",
            "short_description": "a barrel of Dorwinion wine",
            "description": "A barrel of Dorwinion wine is here.",
            "material": "wood",
            "type": "drink",
            "extra_flags": "0",
            "wear_flags": "A",
            "values": "50 50 'wine' 0 0",
            "level": "0",
            "weight": "100",
            "cost": "300",
            "condition": "G"
        },
        {
            "vnum": "8810",
            "name": "barrel",
            "short_description": "an empty barrel",
            "description": "This empty barrel would make a fine boat.",
            "material": "wood",
            "type": "drink",
            "extra_flags": "0",
            "wear_flags": "A",
            "values": "100 0 'water' 0 0",
            "level": "1",
            "weight": "140",
            "cost": "200",
            "condition": "G"
        },
        {
            "vnum": "8811",
            "name": "sword",
            "short_description": "a fine elven sword",
            "description": "A fine Elven sword glimmers softly here.",
            "material": "metal",
            "type": "weapon",
            "extra_flags": "AL",
            "wear_flags": "AN",
            "values": "sword 2 12 cleave DF",
            "level": "14",
            "weight": "45",
            "cost": "600",
            "condition": "G",
            "affects_a": [
                {
                    "location": "2",
                    "modifier": "1"
                },
                {
                    "location": "18",
                    "modifier": "2"
                },
                {
                    "location": "19",
                    "modifier": "3"
                }
            ]
        },
        {
            "vnum": "8812",
            "name": "key",
            "short_description": "a key",
            "description": "A key to a cell door is here.",
            "material": "iron",
            "type": "key",
            "extra_flags": "0",
            "wear_flags": "AO",
            "values": "0 0 0 0 0",
            "level": "0",
            "weight": "10",
            "cost": "0",
            "condition": "G"
        },
        {
            "vnum": "8813",
            "name": "key",
            "short_description": "a key",
            "description": "A key to a cave door is here.",
            "material": "iron",
            "type": "key",
            "extra_flags": "0",
            "wear_flags": "AO",
            "values": "0 0 0 0 0",
            "level": "0",
            "weight": "10",
            "cost": "0",
            "condition": "G"
        }
    ],
    "rooms": [
        {
            "vnum": "8800",
            "name": "Entrance to Mirkwood",
            "description": "You have entered the quasi-magical Elven forest of Mirkwood, populated by\nSylvan Elves and their mysterious allies. Strangers are frowned upon here,\nso be on your guard. It is rumored that many different races of Elves actually \ninhabit this forest, in various parts and sometimes they are carefully hidden, \naway from the prying eyes of strangers.\nThere is a sign tacked to a tree nearby.\n     There is a small (Glowing) (Huming) tablet.\n",
            "flags": "C",
            "sector": "3",
            "exits": [
                {
                    "door": "D0",
                    "description": "",
                    "keyword": "",
                    "locks": "0",
                    "key": "-1",
                    "u1_vnum": "8801"
                },
                {
                    "door": "D1",
                    "description": "",
                    "keyword": "",
                    "locks": "0",
                    "key": "-1",
                    "u1_vnum": "7860"
                },
                {
                    "door": "D2",
                    "description": "",
                    "keyword": "",
                    "locks": "0",
                    "key": "-1",
                    "u1_vnum": "8855"
                }
            ],
            "extra_descriptions": [
                {
                    "keyword": "sign",
                    "description": "This area serves as a connector for many areas with an Elven or Faerie flavour,\nfavored areas of the Immortal Yaegar. Tread carefully, and remember to keep \ntrack of where you have been.\n\n--Yaegar\n"
                },
                {
                    "keyword": "small tablet",
                    "description": "++++++++++++++++++++++++++++++++++++++++++++++++++++++++++++++++++++\n+                                                                  +\n+            This area has been converted and adapted by           +\n+                             Roland                               +\n+                                                                  +\n+                               &                                  +\n+                                                                  +\n+    modified, debugged (?:) slightly enhanced and balanced by     +\n+                             jaceks                               +\n+                                                                  +\n+                               &                                  +\n+                                                                  +\n+                   checked and beta tested by                     +\n+                             Quartz                               +\n+                                                          july'96 +\n++++++++++++++++++++++++++++++++++++++++++++++++++++++++++++++++++++\n"
                }
            ]
        },
        {
            "vnum": "8801",
            "name": "The Path Through Mirkwood",
            "description": "You are advancing along a narrow path that runs deep into the forest of\nMirkwood. Giant, ancient trees tower over you to either side, and sweet\nsongbirds sing in their lofty branches. However, despite this serene scene,\nyou can't shake the feeling that you're being watched.\n",
            "flags": "0",
            "sector": "3",
            "exits": [
                {
                    "door": "D0",
                    "description": "",
                    "keyword": "",
                    "locks": "0",
                    "key": "-1",
                    "u1_vnum": "8802"
                },
                {
                    "door": "D2",
                    "description": "",
                    "keyword": "",
                    "locks": "0",
                    "key": "-1",
                    "u1_vnum": "8800"
                }
            ]
        },
        {
            "vnum": "8802",
            "name": "The Path Through Mirkwood",
            "description": "You are advancing along a narrow path that runs deep into the forest of\nMirkwood. Giant, ancient trees tower over you to either side, and sweet\nsongbirds sing in their lofty branches. However, despite this serene scene,\nyou can't shake the feeling that you're being watched.\n",
            "flags": "0",
            "sector": "3",
            "exits": [
                {
                    "door": "D0",
                    "description": "",
                    "keyword": "",
                    "locks": "0",
                    "key": "-1",
                    "u1_vnum": "8803"
                },
                {
                    "door": "D2",
                    "description": "",
                    "keyword": "",
                    "locks": "0",
                    "key": "-1",
                    "u1_vnum": "8801"
                }
            ]
        },
        {
            "vnum": "8803",
            "name": "A Fork in the Path",
            "description": "You have reached a point where the path branches, with paths running to the\neast and west. A wild animal suddenly howls angrily some distance away, and\nyou involuntarily jump.\n",
            "flags": "0",
            "sector": "3",
            "exits": [
                {
                    "door": "D1",
                    "description": "",
                    "keyword": "",
                    "locks": "0",
                    "key": "-1",
                    "u1_vnum": "8804"
                },
                {
                    "door": "D2",
                    "description": "",
                    "keyword": "",
                    "locks": "0",
                    "key": "-1",
                    "u1_vnum": "8802"
                },
                {
                    "door": "D3",
                    "description": "",
                    "keyword": "",
                    "locks": "0",
                    "key": "-1",
                    "u1_vnum": "8820"
                }
            ]
        },
        {
            "vnum": "8804",
            "name": "A Broad Path",
            "description": "This branch of the path widens out after a short distance, and you notice\nsigns of heavy use, evidently by non-Elves, as Elves do not leave footprints.\nThe trees are thinner and smaller in this part of the forest, giving the\nimpression that it has been recently cleared.\n",
            "flags": "0",
            "sector": "3",
            "exits": [
                {
                    "door": "D1",
                    "description": "",
                    "keyword": "",
                    "locks": "0",
                    "key": "-1",
                    "u1_vnum": "8805"
                },
                {
                    "door": "D3",
                    "description": "",
                    "keyword": "",
                    "locks": "0",
                    "key": "-1",
                    "u1_vnum": "8803"
                }
            ]
        },
        {
            "vnum": "8805",
            "name": "Another Junction",
            "description": "The path once again divides, this time into northern and southern branches.\nTo the north an impressive-looking citadel looms over the treetops, while\nto the south the trail becomes significantly narrower, and overgrown.\n",
            "flags": "0",
            "sector": "3",
            "exits": [
                {
                    "door": "D0",
                    "description": "",
                    "keyword": "",
                    "locks": "0",
                    "key": "-1",
                    "u1_vnum": "8806"
                },
                {
                    "door": "D2",
                    "description": "",
                    "keyword": "",
                    "locks": "0",
                    "key": "-1",
                    "u1_vnum": "8808"
                },
                {
                    "door": "D3",
                    "description": "",
                    "keyword": "",
                    "locks": "0",
                    "key": "-1",
                    "u1_vnum": "8804"
                }
            ]
        },
        {
            "vnum": "8806",
            "name": "A Bend in the Road",
            "description": "The northern road bends to the east at this point, allowing you to gaze\nupon a wondrous Elven Fortress. Although you are more than a mile away,\nit still looms large ahead of you.\n",
            "flags": "0",
            "sector": "3",
            "exits": [
                {
                    "door": "D1",
                    "description": "",
                    "keyword": "",
                    "locks": "0",
                    "key": "-1",
                    "u1_vnum": "8807"
                },
                {
                    "door": "D2",
                    "description": "",
                    "keyword": "",
                    "locks": "0",
                    "key": "-1",
                    "u1_vnum": "8805"
                }
            ]
        },
        {
            "vnum": "8807",
            "name": "Plains",
            "description": "The road opens onto an area cleared of trees here, a broad plain dotted with\nthe occasional hedge or distant farmhouse. There is a marked path running\ndue east toward the west gate of the distant fortress.\n",
            "flags": "0",
            "sector": "2",
            "exits": [
                {
                    "door": "D3",
                    "description": "",
                    "keyword": "",
                    "locks": "0",
                    "key": "-1",
                    "u1_vnum": "8806"
                }
            ]
        },
        {
            "vnum": "8808",
            "name": "The Southern Trail",
            "description": "Progress along this narrow, overgrown path is next to impossible, and you\nfind yourself having to stop several times for a rest. There doesn't seem to\nbe any quick end to it either.\n",
            "flags": "0",
            "sector": "3",
            "exits": [
                {
                    "door": "D0",
                    "description": "",
                    "keyword": "",
                    "locks": "0",
                    "key": "-1",
                    "u1_vnum": "8805"
                },
                {
                    "door": "D2",
                    "description": "",
                    "keyword": "",
                    "locks": "0",
                    "key": "-1",
                    "u1_vnum": "8809"
                }
            ]
        },
        {
            "vnum": "8809",
            "name": "The Southern Trail",
            "description": "Progress along this narrow, overgrown path is next to impossible, and you\nfind yourself having to stop several times for a rest. There doesn't seem to\nbe any quick end to it either.\nYou spy a rope ladder ascending to a platform in a nearby tree.\n",
            "flags": "0",
            "sector": "3",
            "exits": [
                {
                    "door": "D0",
                    "description": "",
                    "keyword": "",
                    "locks": "0",
                    "key": "-1",
                    "u1_vnum": "8808"
                },
                {
                    "door": "D2",
                    "description": "",
                    "keyword": "",
                    "locks": "0",
                    "key": "-1",
                    "u1_vnum": "8811"
                },
                {
                    "door": "D4",
                    "description": "",
                    "keyword": "",
                    "locks": "0",
                    "key": "-1",
                    "u1_vnum": "8810"
                }
            ]
        },
        {
            "vnum": "8810",
            "name": "A Guard Post",
            "description": "You have stumbled into a Sylvan Elf guard post, from which they carefully\nwatch out for intruding Orcs or Goblins. They dislike strangers in general,\nand detest interlopers into their personal areas even more. Expect a violent\nreception if there is a guard present...\n",
            "flags": "0",
            "sector": "3",
            "exits": [
                {
                    "door": "D5",
                    "description": "",
                    "keyword": "",
                    "locks": "0",
                    "key": "-1",
                    "u1_vnum": "8809"
                }
            ]
        },
        {
            "vnum": "8811",
            "name": "The Southern Trail",
            "description": "Progress along this narrow, overgrown path is next to impossible, and you\nfind yourself having to stop several times for a rest. There doesn't seem to\nbe any quick end to it either.\nAt this point you may follow a side trail which runs to the east. It seems\nto be a little less overgrown.\n",
            "flags": "0",
            "sector": "3",
            "exits": [
                {
                    "door": "D0",
                    "description": "",
                    "keyword": "",
                    "locks": "0",
                    "key": "-1",
                    "u1_vnum": "8809"
                },
                {
                    "door": "D1",
                    "description": "",
                    "keyword": "",
                    "locks": "0",
                    "key": "-1",
                    "u1_vnum": "8813"
                },
                {
                    "door": "D2",
                    "description": "",
                    "keyword": "",
                    "locks": "0",
                    "key": "-1",
                    "u1_vnum": "8812"
                }
            ]
        },
        {
            "vnum": "8812",
            "name": "A Dead End",
            "description": "WHAT? After all that exertion, the path ends at a DEAD END??? Ah well, I\nguess you had better turn back...\n",
            "flags": "0",
            "sector": "3",
            "exits": [
                {
                    "door": "D0",
                    "description": "",
                    "keyword": "",
                    "locks": "0",
                    "key": "-1",
                    "u1_vnum": "8811"
                }
            ]
        },
        {
            "vnum": "8813",
            "name": "The Eastern Path",
            "description": "This path is certainly less overgrown than the north-south one. You actually\nfind yourself able to move relatively quickly through the forest, stopping\nonly occasionally to hack away an overhanging branch or vine.\n",
            "flags": "0",
            "sector": "3",
            "exits": [
                {
                    "door": "D1",
                    "description": "",
                    "keyword": "",
                    "locks": "0",
                    "key": "-1",
                    "u1_vnum": "8814"
                },
                {
                    "door": "D3",
                    "description": "",
                    "keyword": "",
                    "locks": "0",
                    "key": "-1",
                    "u1_vnum": "8811"
                }
            ]
        },
        {
            "vnum": "8814",
            "name": "The Eastern Path",
            "description": "This path is certainly less overgrown than the north-south one. You actually\nfind yourself able to move relatively quickly through the forest, stopping\nonly occasionally to hack away an overhanging branch or vine.\n",
            "flags": "0",
            "sector": "3",
            "exits": [
                {
                    "door": "D1",
                    "description": "",
                    "keyword": "",
                    "locks": "0",
                    "key": "-1",
                    "u1_vnum": "8815"
                },
                {
                    "door": "D3",
                    "description": "",
                    "keyword": "",
                    "locks": "0",
                    "key": "-1",
                    "u1_vnum": "8813"
                }
            ]
        },
        {
            "vnum": "8815",
            "name": "A Bend in the Path",
            "description": "You have reached a point where the path bends to the north.\n",
            "flags": "0",
            "sector": "3",
            "exits": [
                {
                    "door": "D0",
                    "description": "",
                    "keyword": "",
                    "locks": "0",
                    "key": "-1",
                    "u1_vnum": "8816"
                },
                {
                    "door": "D3",
                    "description": "",
                    "keyword": "",
                    "locks": "0",
                    "key": "-1",
                    "u1_vnum": "8814"
                }
            ]
        },
        {
            "vnum": "8816",
            "name": "The Northern Path",
            "description": "The path here is fairly clear and free of vegetation. It actually looks\nfairly well-maintained. You think you can hear a distant singing to the\nnorth.\n",
            "flags": "0",
            "sector": "3",
            "exits": [
                {
                    "door": "D0",
                    "description": "",
                    "keyword": "",
                    "locks": "0",
                    "key": "-1",
                    "u1_vnum": "8817"
                },
                {
                    "door": "D2",
                    "description": "",
                    "keyword": "",
                    "locks": "0",
                    "key": "-1",
                    "u1_vnum": "8815"
                }
            ]
        },
        {
            "vnum": "8817",
            "name": "The Northern Path",
            "description": "The path here is fairly clear and free of vegetation. It actually looks\nfairly well-maintained. You think you can hear a distant singing to the\nnorth.\nAnother path runs to the east of here.\n",
            "flags": "0",
            "sector": "3",
            "exits": [
                {
                    "door": "D0",
                    "description": "",
                    "keyword": "",
                    "locks": "0",
                    "key": "-1",
                    "u1_vnum": "8819"
                },
                {
                    "door": "D1",
                    "description": "",
                    "keyword": "",
                    "locks": "0",
                    "key": "-1",
                    "u1_vnum": "8818"
                },
                {
                    "door": "D2",
                    "description": "",
                    "keyword": "",
                    "locks": "0",
                    "key": "-1",
                    "u1_vnum": "8816"
                }
            ]
        },
        {
            "vnum": "8818",
            "name": "The End of the Path",
            "description": "The path ends here in a small clearing with a small shallow pool of crystal\nclear water. You feel strangely at ease here.\n",
            "flags": "0",
            "sector": "3",
            "exits": [
                {
                    "door": "D3",
                    "description": "",
                    "keyword": "",
                    "locks": "0",
                    "key": "-1",
                    "u1_vnum": "8817"
                }
            ]
        },
        {
            "vnum": "8819",
            "name": "Approaching the Holy Grove",
            "description": "The singing is clearly audible here, and it is coming from a well-tended\ngrove to the east. Dimly visible are all manner of man and beast, and\nalthough they would usually feed upon each other, they all seem to be at\npeace.\n",
            "flags": "0",
            "sector": "3",
            "exits": [
                {
                    "door": "D5",
                    "description": "",
                    "keyword": "",
                    "locks": "0",
                    "key": "-1",
                    "u1_vnum": "8904"
                },
                {
                    "door": "D2",
                    "description": "",
                    "keyword": "",
                    "locks": "0",
                    "key": "-1",
                    "u1_vnum": "8817"
                }
            ]
        },
        {
            "vnum": "8820",
            "name": "The Western Path",
            "description": "This path is rather overgrown but it is still easily navigable. You fancy\nyou can see a rope ladder ascending into the brances of a tall oak near the\neastern side of the road.\n",
            "flags": "0",
            "sector": "3",
            "exits": [
                {
                    "door": "D1",
                    "description": "",
                    "keyword": "",
                    "locks": "0",
                    "key": "-1",
                    "u1_vnum": "8803"
                },
                {
                    "door": "D3",
                    "description": "",
                    "keyword": "",
                    "locks": "0",
                    "key": "-1",
                    "u1_vnum": "8822"
                },
                {
                    "door": "D4",
                    "description": "",
                    "keyword": "",
                    "locks": "0",
                    "key": "-1",
                    "u1_vnum": "8821"
                }
            ]
        },
        {
            "vnum": "8821",
            "name": "A Guard Post",
            "description": "You have stumbled into a Sylvan Elf guard post, from which they carefully\nwatch out for intruding Orcs or Goblins. They dislike strangers in general,\nand detest interlopers into their personal areas even more. Expect a violent\nreception if there is a guard present...\n",
            "flags": "0",
            "sector": "3",
            "exits": [
                {
                    "door": "D5",
                    "description": "",
                    "keyword": "",
                    "locks": "0",
                    "key": "-1",
                    "u1_vnum": "8820"
                }
            ]
        },
        {
            "vnum": "8822",
            "name": "A Bend to the North",
            "description": "The path bends to the north here, running for some distance toward a stream.\n",
            "flags": "0",
            "sector": "3",
            "exits": [
                {
                    "door": "D0",
                    "description": "",
                    "keyword": "",
                    "locks": "0",
                    "key": "-1",
                    "u1_vnum": "8823"
                },
                {
                    "door": "D1",
                    "description": "",
                    "keyword": "",
                    "locks": "0",
                    "key": "-1",
                    "u1_vnum": "8820"
                }
            ]
        },
        {
            "vnum": "8823",
            "name": "A Northern Path",
            "description": "This path is fairly even and well-used, so going is not as rough as the\nprevious paths. There is a wide stream dead ahead.\n",
            "flags": "0",
            "sector": "3",
            "exits": [
                {
                    "door": "D0",
                    "description": "",
                    "keyword": "",
                    "locks": "0",
                    "key": "-1",
                    "u1_vnum": "8824"
                },
                {
                    "door": "D2",
                    "description": "",
                    "keyword": "",
                    "locks": "0",
                    "key": "-1",
                    "u1_vnum": "8822"
                }
            ]
        },
        {
            "vnum": "8824",
            "name": "A Stream",
            "description": "This stream is too wide and deep to wade across. You'll need a boat or a\nspell. Mind you, you could always whip out your rod and start angling :)\n",
            "flags": "0",
            "sector": "6",
            "exits": [
                {
                    "door": "D0",
                    "description": "",
                    "keyword": "",
                    "locks": "0",
                    "key": "-1",
                    "u1_vnum": "8825"
                },
                {
                    "door": "D1",
                    "description": "",
                    "keyword": "",
                    "locks": "0",
                    "key": "-1",
                    "u1_vnum": "8866"
                },
                {
                    "door": "D2",
                    "description": "",
                    "keyword": "",
                    "locks": "0",
                    "key": "-1",
                    "u1_vnum": "8823"
                }
            ]
        },
        {
            "vnum": "8825",
            "name": "A Northern Path",
            "description": "This path is fairly even and well-used, so going is not as rough as the\nprevious paths. There is a wide stream to the south.\nA broad, tree-lined path runs to the east.\n",
            "flags": "C",
            "sector": "3",
            "exits": [
                {
                    "door": "D0",
                    "description": "",
                    "keyword": "",
                    "locks": "0",
                    "key": "-1",
                    "u1_vnum": "8826"
                },
                {
                    "door": "D1",
                    "description": "",
                    "keyword": "",
                    "locks": "0",
                    "key": "-1",
                    "u1_vnum": "8856"
                },
                {
                    "door": "D2",
                    "description": "",
                    "keyword": "",
                    "locks": "0",
                    "key": "-1",
                    "u1_vnum": "8824"
                }
            ]
        },
        {
            "vnum": "8826",
            "name": "A Junction",
            "description": "You have reached a point where you can proceed either north or west. Your\nchoice. You still have the feeling you're being watched...\n",
            "flags": "0",
            "sector": "3",
            "exits": [
                {
                    "door": "D0",
                    "description": "",
                    "keyword": "",
                    "locks": "0",
                    "key": "-1",
                    "u1_vnum": "8830"
                },
                {
                    "door": "D2",
                    "description": "",
                    "keyword": "",
                    "locks": "0",
                    "key": "-1",
                    "u1_vnum": "8825"
                },
                {
                    "door": "D3",
                    "description": "",
                    "keyword": "",
                    "locks": "0",
                    "key": "-1",
                    "u1_vnum": "8827"
                }
            ]
        },
        {
            "vnum": "8827",
            "name": "The Western Path",
            "description": "The path you are on here runs down a gently sloping hill, to the base of a\nbeautiful valley below.\n",
            "flags": "0",
            "sector": "4",
            "exits": [
                {
                    "door": "D1",
                    "description": "",
                    "keyword": "",
                    "locks": "0",
                    "key": "-1",
                    "u1_vnum": "8826"
                },
                {
                    "door": "D5",
                    "description": "",
                    "keyword": "",
                    "locks": "0",
                    "key": "-1",
                    "u1_vnum": "8828"
                }
            ]
        },
        {
            "vnum": "8828",
            "name": "The Hill",
            "description": "The path you are on here runs down a gently sloping hill, to the base of a\nbeautiful valley below.\n",
            "flags": "0",
            "sector": "4",
            "exits": [
                {
                    "door": "D4",
                    "description": "",
                    "keyword": "",
                    "locks": "0",
                    "key": "-1",
                    "u1_vnum": "8827"
                },
                {
                    "door": "D5",
                    "description": "",
                    "keyword": "",
                    "locks": "0",
                    "key": "-1",
                    "u1_vnum": "8829"
                }
            ]
        },
        {
            "vnum": "8829",
            "name": "The Base of the Hill",
            "description": "You can proceed east toward the valley from here, or return to the summit\nabove.\n",
            "flags": "0",
            "sector": "4",
            "exits": [
                {
                    "door": "D1",
                    "description": "",
                    "keyword": "",
                    "locks": "0",
                    "key": "-1",
                    "u1_vnum": "7800"
                },
                {
                    "door": "D4",
                    "description": "",
                    "keyword": "",
                    "locks": "0",
                    "key": "-1",
                    "u1_vnum": "8828"
                }
            ]
        },
        {
            "vnum": "8830",
            "name": "A Northern Path",
            "description": "This path is fairly even and well-used, so going is not as rough as the\nprevious paths. There is a narrow path to the east.\n",
            "flags": "0",
            "sector": "3",
            "exits": [
                {
                    "door": "D0",
                    "description": "",
                    "keyword": "",
                    "locks": "0",
                    "key": "-1",
                    "u1_vnum": "8832"
                },
                {
                    "door": "D1",
                    "description": "",
                    "keyword": "",
                    "locks": "0",
                    "key": "-1",
                    "u1_vnum": "8831"
                },
                {
                    "door": "D2",
                    "description": "",
                    "keyword": "",
                    "locks": "0",
                    "key": "-1",
                    "u1_vnum": "8826"
                }
            ]
        },
        {
            "vnum": "8831",
            "name": "A Narrow Path",
            "description": "You are walking along a narrow path that runs from the major northern path\nthrough Mirkwood. Up ahead the path ends in a dead end.\n",
            "flags": "0",
            "sector": "3",
            "exits": [
                {
                    "door": "D3",
                    "description": "",
                    "keyword": "",
                    "locks": "0",
                    "key": "-1",
                    "u1_vnum": "8830"
                }
            ]
        },
        {
            "vnum": "8832",
            "name": "A Northern Path",
            "description": "This path is fairly even and well-used, so going is not as rough as the\nprevious paths.\n",
            "flags": "0",
            "sector": "3",
            "exits": [
                {
                    "door": "D0",
                    "description": "",
                    "keyword": "",
                    "locks": "0",
                    "key": "-1",
                    "u1_vnum": "8833"
                },
                {
                    "door": "D2",
                    "description": "",
                    "keyword": "",
                    "locks": "0",
                    "key": "-1",
                    "u1_vnum": "8830"
                }
            ]
        },
        {
            "vnum": "8833",
            "name": "A Northern Path",
            "description": "This path is fairly even and well-used, so going is not as rough as the\nprevious paths. There is a broad junction to the north.\n",
            "flags": "0",
            "sector": "3",
            "exits": [
                {
                    "door": "D0",
                    "description": "",
                    "keyword": "",
                    "locks": "0",
                    "key": "-1",
                    "u1_vnum": "8834"
                },
                {
                    "door": "D2",
                    "description": "",
                    "keyword": "",
                    "locks": "0",
                    "key": "-1",
                    "u1_vnum": "8832"
                }
            ]
        },
        {
            "vnum": "8834",
            "name": "A Broad Junction",
            "description": "You have come to another junction in the forest. The path to the east runs\nthrough some handsome aspen and pine, but the northern passage is lined by\nsickly-looking, dying trees of unidentifiable type.\n",
            "flags": "0",
            "sector": "3",
            "exits": [
                {
                    "door": "D0",
                    "description": "",
                    "keyword": "",
                    "locks": "0",
                    "key": "-1",
                    "u1_vnum": "8835"
                },
                {
                    "door": "D1",
                    "description": "",
                    "keyword": "",
                    "locks": "0",
                    "key": "-1",
                    "u1_vnum": "8841"
                },
                {
                    "door": "D2",
                    "description": "",
                    "keyword": "",
                    "locks": "0",
                    "key": "-1",
                    "u1_vnum": "8833"
                }
            ]
        },
        {
            "vnum": "8835",
            "name": "An Evil Section of the Forest",
            "description": "There is a palpable evil in this area that causes you to shiver as you pass\nby the blighted vegetation that lines this twisted gray path. The sky can\nno longer be seen overhead- instead a canopy of decaying leaves and rotten\nbranches obscures your view.\n",
            "flags": "0",
            "sector": "3",
            "exits": [
                {
                    "door": "D0",
                    "description": "",
                    "keyword": "",
                    "locks": "0",
                    "key": "-1",
                    "u1_vnum": "8836"
                },
                {
                    "door": "D2",
                    "description": "",
                    "keyword": "",
                    "locks": "0",
                    "key": "-1",
                    "u1_vnum": "8834"
                }
            ]
        },
        {
            "vnum": "8836",
            "name": "An Evil Section of the Forest",
            "description": "There is a palpable eveil in this area that causes you to shiver as you pass\nby the blighted vegetation that lines this twisted gray path. The sky can\nno longer be seen overhead- instead a canopy of decaying leaves and rotten\nbranches obscures your view.\n",
            "flags": "0",
            "sector": "3",
            "exits": [
                {
                    "door": "D2",
                    "description": "",
                    "keyword": "",
                    "locks": "0",
                    "key": "-1",
                    "u1_vnum": "8835"
                },
                {
                    "door": "D3",
                    "description": "",
                    "keyword": "",
                    "locks": "0",
                    "key": "-1",
                    "u1_vnum": "8837"
                }
            ]
        },
        {
            "vnum": "8837",
            "name": "An Evil Section of the Forest",
            "description": "There is a palpable eveil in this area that causes you to shiver as you pass\nby the blighted vegetation that lines this twisted gray path. The sky can\nno longer be seen overhead- instead a canopy of decaying leaves and rotten\nbranches obscures your view.\nThe dying screams of some animal can be heard.\n",
            "flags": "0",
            "sector": "3",
            "exits": [
                {
                    "door": "D1",
                    "description": "",
                    "keyword": "",
                    "locks": "0",
                    "key": "-1",
                    "u1_vnum": "8836"
                },
                {
                    "door": "D3",
                    "description": "",
                    "keyword": "",
                    "locks": "0",
                    "key": "-1",
                    "u1_vnum": "8838"
                }
            ]
        },
        {
            "vnum": "8838",
            "name": "An Evil Section of the Forest",
            "description": "There is a palpable eveil in this area that causes you to shiver as you pass\nby the blighted vegetation that lines this twisted gray path. The sky can\nno longer be seen overhead- instead a canopy of decaying leaves and rotten\nbranches obscures your view.\nMaggots crawl from a decaying Elven corpse hanging from an overhead branch.\nThe stench is unbearable.\nTo the north you see a shadowy area of the forest.\n",
            "flags": "0",
            "sector": "3",
            "exits": [
                {
                    "door": "D0",
                    "description": "",
                    "keyword": "",
                    "locks": "0",
                    "key": "-1",
                    "u1_vnum": "6137"
                },
                {
                    "door": "D1",
                    "description": "",
                    "keyword": "",
                    "locks": "0",
                    "key": "-1",
                    "u1_vnum": "8837"
                },
                {
                    "door": "D3",
                    "description": "",
                    "keyword": "",
                    "locks": "0",
                    "key": "-1",
                    "u1_vnum": "8839"
                }
            ]
        },
        {
            "vnum": "8839",
            "name": "An Evil Section of the Forest",
            "description": "There is a palpable eveil in this area that causes you to shiver as you pass\nby the blighted vegetation that lines this twisted gray path. The sky can\nno longer be seen overhead- instead a canopy of decaying leaves and rotten\nbranches obscures your view.\nAt this point the twisting turning path runs sharply downward toward a large\ngash in the side of a grey cliff face.\n",
            "flags": "0",
            "sector": "3",
            "exits": [
                {
                    "door": "D1",
                    "description": "",
                    "keyword": "",
                    "locks": "0",
                    "key": "-1",
                    "u1_vnum": "8838"
                },
                {
                    "door": "D2",
                    "description": "",
                    "keyword": "",
                    "locks": "0",
                    "key": "-1",
                    "u1_vnum": "8840"
                }
            ]
        },
        {
            "vnum": "8840",
            "name": "The Cliff Face",
            "description": "You are standing before the gash in the cliff-face now, wondering whether\nyou should continue into the inky darkness beyond...\n",
            "flags": "0",
            "sector": "4",
            "exits": [
                {
                    "door": "D0",
                    "description": "",
                    "keyword": "",
                    "locks": "0",
                    "key": "-1",
                    "u1_vnum": "8839"
                },
                {
                    "door": "D5",
                    "description": "It is entrance to unknown area. Not implemented. Sorry (14000)\n",
                    "keyword": "",
                    "locks": "0",
                    "key": "-1",
                    "u1_vnum": "0"
                }
            ]
        },
        {
            "vnum": "8841",
            "name": "A Bend in the Path",
            "description": "You reach a bend in the path, where you can head north or west.\n",
            "flags": "0",
            "sector": "3",
            "exits": [
                {
                    "door": "D0",
                    "description": "",
                    "keyword": "",
                    "locks": "0",
                    "key": "-1",
                    "u1_vnum": "8842"
                },
                {
                    "door": "D3",
                    "description": "",
                    "keyword": "",
                    "locks": "0",
                    "key": "-1",
                    "u1_vnum": "8834"
                }
            ]
        },
        {
            "vnum": "8842",
            "name": "A Bend in the Path",
            "description": "You reach a bend in the path, where you can head south or east.\n",
            "flags": "0",
            "sector": "3",
            "exits": [
                {
                    "door": "D1",
                    "description": "",
                    "keyword": "",
                    "locks": "0",
                    "key": "-1",
                    "u1_vnum": "8843"
                },
                {
                    "door": "D2",
                    "description": "",
                    "keyword": "",
                    "locks": "0",
                    "key": "-1",
                    "u1_vnum": "8841"
                }
            ]
        },
        {
            "vnum": "8843",
            "name": "A Junction",
            "description": "The path once again divides, this time into northern and southern branches.\nTo the north lies another bend in the trail, while to the south the trail\nbecomes significantly narrower, and overgrown.\n",
            "flags": "0",
            "sector": "3",
            "exits": [
                {
                    "door": "D0",
                    "description": "",
                    "keyword": "",
                    "locks": "0",
                    "key": "-1",
                    "u1_vnum": "8845"
                },
                {
                    "door": "D2",
                    "description": "",
                    "keyword": "",
                    "locks": "0",
                    "key": "-1",
                    "u1_vnum": "8844"
                },
                {
                    "door": "D3",
                    "description": "",
                    "keyword": "",
                    "locks": "0",
                    "key": "-1",
                    "u1_vnum": "8842"
                }
            ]
        },
        {
            "vnum": "8844",
            "name": "A Dead End",
            "description": "The passage ends in a dead end, but you see a small rope ladder hanging down\nfrom a nearby oak tree, disappearing in its bushy branches above.\n",
            "flags": "0",
            "sector": "3",
            "exits": [
                {
                    "door": "D0",
                    "description": "",
                    "keyword": "",
                    "locks": "0",
                    "key": "-1",
                    "u1_vnum": "8843"
                },
                {
                    "door": "D4",
                    "description": "",
                    "keyword": "",
                    "locks": "0",
                    "key": "-1",
                    "u1_vnum": "8846"
                }
            ]
        },
        {
            "vnum": "8845",
            "name": "A Bend in the Path",
            "description": "Here, the path bends sharply to the east, heading toward an area of the\nforest that is very different from the previous section. A second path\nruns to the north.\n",
            "flags": "0",
            "sector": "3",
            "exits": [
                {
                    "door": "D0",
                    "description": "",
                    "keyword": "",
                    "locks": "0",
                    "key": "-1",
                    "u1_vnum": "8868"
                },
                {
                    "door": "D1",
                    "description": "",
                    "keyword": "",
                    "locks": "0",
                    "key": "-1",
                    "u1_vnum": "8847"
                },
                {
                    "door": "D2",
                    "description": "",
                    "keyword": "",
                    "locks": "0",
                    "key": "-1",
                    "u1_vnum": "8843"
                }
            ]
        },
        {
            "vnum": "8846",
            "name": "A Guard Post",
            "description": "You have stumbled into a Sylvan Elf guard post, from which they carefully\nwatch out for intruding Orcs or Goblins. They dislike strangers in general,\nand detest interlopers into their personal areas even more. Expect a violent\nreception if there is a guard present...\n",
            "flags": "0",
            "sector": "3",
            "exits": [
                {
                    "door": "D5",
                    "description": "",
                    "keyword": "",
                    "locks": "0",
                    "key": "-1",
                    "u1_vnum": "8844"
                }
            ]
        },
        {
            "vnum": "8847",
            "name": "A T-Junction",
            "description": "You have come out of Mirkwood onto a rather dusty trail. At this point you\nmay proceed east toward some well-cultivated fields, or south and west back\ninto the forest.\n",
            "flags": "0",
            "sector": "2",
            "exits": [
                {
                    "door": "D1",
                    "description": "",
                    "keyword": "",
                    "locks": "0",
                    "key": "-1",
                    "u1_vnum": "8848"
                },
                {
                    "door": "D2",
                    "description": "",
                    "keyword": "",
                    "locks": "0",
                    "key": "-1",
                    "u1_vnum": "8849"
                },
                {
                    "door": "D3",
                    "description": "",
                    "keyword": "",
                    "locks": "0",
                    "key": "-1",
                    "u1_vnum": "8845"
                }
            ]
        },
        {
            "vnum": "8848",
            "name": "Cultivated Field",
            "description": "This field borders on a neatly-tended area with several small farmhouses and\na small watch-tower near a wide stream.\n",
            "flags": "0",
            "sector": "2",
            "exits": [
                {
                    "door": "D3",
                    "description": "",
                    "keyword": "",
                    "locks": "0",
                    "key": "-1",
                    "u1_vnum": "8847"
                }
            ]
        },
        {
            "vnum": "8849",
            "name": "A Desolate Section of the Forest",
            "description": "You have entered a rather forlorn section of the forest, littered with dead\nand dying trees, plus the occasional corpse. Howls and cries of pain sound\nfar off to the south.\n",
            "flags": "0",
            "sector": "3",
            "exits": [
                {
                    "door": "D0",
                    "description": "",
                    "keyword": "",
                    "locks": "0",
                    "key": "-1",
                    "u1_vnum": "8847"
                },
                {
                    "door": "D1",
                    "description": "",
                    "keyword": "",
                    "locks": "0",
                    "key": "-1",
                    "u1_vnum": "8850"
                }
            ]
        },
        {
            "vnum": "8850",
            "name": "A Desolate Section of the Forest",
            "description": "You have entered a rather forlorn section of the forest, littered with dead\nand dying trees, plus the occasional corpse. Howls and cries of pain sound\nfar off to the south.\n",
            "flags": "0",
            "sector": "3",
            "exits": [
                {
                    "door": "D2",
                    "description": "",
                    "keyword": "",
                    "locks": "0",
                    "key": "-1",
                    "u1_vnum": "8851"
                },
                {
                    "door": "D3",
                    "description": "",
                    "keyword": "",
                    "locks": "0",
                    "key": "-1",
                    "u1_vnum": "8849"
                }
            ]
        },
        {
            "vnum": "8851",
            "name": "A Desolate Section of the Forest",
            "description": "You have entered a rather forlorn section of the forest, littered with dead\nand dying trees, plus the occasional corpse. Howls and cries of pain sound\nfar off to the south.\nTo the south is a particularly dark patch of forest.\n",
            "flags": "0",
            "sector": "3",
            "exits": [
                {
                    "door": "D0",
                    "description": "",
                    "keyword": "",
                    "locks": "0",
                    "key": "-1",
                    "u1_vnum": "8850"
                },
                {
                    "door": "D3",
                    "description": "",
                    "keyword": "",
                    "locks": "0",
                    "key": "-1",
                    "u1_vnum": "8852"
                }
            ]
        },
        {
            "vnum": "8852",
            "name": "The Path to Firetop Mountain",
            "description": "The path runs past the rubble and up into the foothills of an immense\nmountain range. far in the distance looms Firetop Mountain.\n",
            "flags": "0",
            "sector": "4",
            "exits": [
                {
                    "door": "D0",
                    "description": "",
                    "keyword": "",
                    "locks": "0",
                    "key": "-1",
                    "u1_vnum": "8853"
                },
                {
                    "door": "D1",
                    "description": "",
                    "keyword": "",
                    "locks": "0",
                    "key": "-1",
                    "u1_vnum": "8851"
                }
            ]
        },
        {
            "vnum": "8853",
            "name": "The Path Continues",
            "description": "You continue for what seems like an eternity, drawing slowly closer to the\ndistant peak.\n",
            "flags": "0",
            "sector": "4",
            "exits": [
                {
                    "door": "D0",
                    "description": "",
                    "keyword": "",
                    "locks": "0",
                    "key": "-1",
                    "u1_vnum": "8854"
                },
                {
                    "door": "D2",
                    "description": "",
                    "keyword": "",
                    "locks": "0",
                    "key": "-1",
                    "u1_vnum": "8852"
                }
            ]
        },
        {
            "vnum": "8854",
            "name": "The Path Continues",
            "description": "You continue for what seems like an eternity, drawing slowly closer to the\ndistant peak.\n",
            "flags": "0",
            "sector": "4",
            "exits": [
                {
                    "door": "D0",
                    "description": "It is entrance to Firetop Mountain \n",
                    "keyword": "",
                    "locks": "0",
                    "key": "-1",
                    "u1_vnum": "5735"
                },
                {
                    "door": "D2",
                    "description": "",
                    "keyword": "",
                    "locks": "0",
                    "key": "-1",
                    "u1_vnum": "8853"
                }
            ]
        },
        {
            "vnum": "8855",
            "name": "Approaching Mirkwood",
            "description": "The forest begins to surround you as you step into its depths. The path\nabruptly turns to the north and you continue.\n",
            "flags": "0",
            "sector": "3",
            "exits": [
                {
                    "door": "D0",
                    "description": "",
                    "keyword": "",
                    "locks": "0",
                    "key": "-1",
                    "u1_vnum": "8800"
                },
                {
                    "door": "D4",
                    "description": "",
                    "keyword": "",
                    "locks": "0",
                    "key": "-1",
                    "u1_vnum": "338"
                }
            ]
        },
        {
            "vnum": "8856",
            "name": "A Broad Tree-Lined Path",
            "description": "This path runs for some distance toward a huge cave, entrance to which is\nrestricted by a massive, handsome door that glows with magic. Magnificent\noaks tower high to either side, and everywhere there is light and beauty.\nHowever, intruders are frowned upon here, so be on your guard.\n",
            "flags": "0",
            "sector": "3",
            "exits": [
                {
                    "door": "D1",
                    "description": "",
                    "keyword": "",
                    "locks": "0",
                    "key": "-1",
                    "u1_vnum": "8857"
                },
                {
                    "door": "D3",
                    "description": "",
                    "keyword": "",
                    "locks": "0",
                    "key": "-1",
                    "u1_vnum": "8825"
                }
            ]
        },
        {
            "vnum": "8857",
            "name": "A Broad Tree-Lined Path",
            "description": "This path runs for some distance toward a huge cave, entrance to which is\nrestricted by a massive, handsome door that glows with magic. Magnificent\noaks tower high to either side, and everywhere there is light and beauty.\nHowever, intruders are frowned upon here, so be on your guard.\nThe entrance is directly before you.\n",
            "flags": "0",
            "sector": "3",
            "exits": [
                {
                    "door": "D1",
                    "description": "",
                    "keyword": "",
                    "locks": "1",
                    "key": "8813",
                    "u1_vnum": "8858"
                },
                {
                    "door": "D3",
                    "description": "",
                    "keyword": "",
                    "locks": "0",
                    "key": "-1",
                    "u1_vnum": "8856"
                }
            ]
        },
        {
            "vnum": "8858",
            "name": "Inside the Cave",
            "description": "You are in the castle of the Wood Elven King Thranduil. The corridor here\nis usually deserted. It would be advisable to keep a low profile, as the\nnatives are hostile...\nThe enchantments here prohibit spellcasting of any form.\n",
            "flags": "D",
            "sector": "0",
            "exits": [
                {
                    "door": "D0",
                    "description": "",
                    "keyword": "",
                    "locks": "0",
                    "key": "-1",
                    "u1_vnum": "8859"
                },
                {
                    "door": "D2",
                    "description": "",
                    "keyword": "",
                    "locks": "0",
                    "key": "-1",
                    "u1_vnum": "8864"
                },
                {
                    "door": "D3",
                    "description": "",
                    "keyword": "",
                    "locks": "1",
                    "key": "8813",
                    "u1_vnum": "8857"
                }
            ]
        },
        {
            "vnum": "8859",
            "name": "Inside the Cave",
            "description": "You are in the castle of the Wood Elven King Thranduil. The corridor here\nis usually deserted. It would be advisable to keep a low profile, as the\nnatives are hostile...\n",
            "flags": "D",
            "sector": "0",
            "exits": [
                {
                    "door": "D1",
                    "description": "",
                    "keyword": "",
                    "locks": "1",
                    "key": "0",
                    "u1_vnum": "8860"
                },
                {
                    "door": "D2",
                    "description": "",
                    "keyword": "",
                    "locks": "0",
                    "key": "-1",
                    "u1_vnum": "8858"
                }
            ]
        },
        {
            "vnum": "8860",
            "name": "A Guard Room",
            "description": "You have stumbled into the guard room! The guards will definitely not\nbe happy to see you. You fancy you can hear muffled cries for help.\n",
            "flags": "D",
            "sector": "0",
            "exits": [
                {
                    "door": "D0",
                    "description": "",
                    "keyword": "",
                    "locks": "1",
                    "key": "8812",
                    "u1_vnum": "8867"
                },
                {
                    "door": "D1",
                    "description": "",
                    "keyword": "",
                    "locks": "1",
                    "key": "0",
                    "u1_vnum": "8861"
                },
                {
                    "door": "D3",
                    "description": "",
                    "keyword": "",
                    "locks": "1",
                    "key": "0",
                    "u1_vnum": "8859"
                }
            ]
        },
        {
            "vnum": "8861",
            "name": "Storage Room",
            "description": "In this room the Elves store their foodstuffs and beloved Dorwinion Wine.\nA trapdoor in the floor allows access to the river, and it is through here\nthat the Elves deposit their empty barrels, so that the river may carry\nthem down to Lake Town.\n",
            "flags": "D",
            "sector": "0",
            "exits": [
                {
                    "door": "D3",
                    "description": "",
                    "keyword": "",
                    "locks": "1",
                    "key": "0",
                    "u1_vnum": "8860"
                },
                {
                    "door": "D5",
                    "description": "",
                    "keyword": "",
                    "locks": "1",
                    "key": "0",
                    "u1_vnum": "8862"
                }
            ]
        },
        {
            "vnum": "8862",
            "name": "The River",
            "description": "You are floating along a river that will carry you back through the forest,\nand eventually to Lake Town.\n",
            "flags": "C",
            "sector": "7",
            "exits": [
                {
                    "door": "D2",
                    "description": "",
                    "keyword": "",
                    "locks": "0",
                    "key": "-1",
                    "u1_vnum": "8863"
                },
                {
                    "door": "D4",
                    "description": "",
                    "keyword": "",
                    "locks": "1",
                    "key": "0",
                    "u1_vnum": "8861"
                }
            ]
        },
        {
            "vnum": "8863",
            "name": "The River",
            "description": "You are floating along a river that will carry you back through the forest,\nand eventually to Lake Town.\n",
            "flags": "C",
            "sector": "7",
            "exits": [
                {
                    "door": "D0",
                    "description": "",
                    "keyword": "",
                    "locks": "0",
                    "key": "-1",
                    "u1_vnum": "8862"
                },
                {
                    "door": "D2",
                    "description": "",
                    "keyword": "",
                    "locks": "0",
                    "key": "-1",
                    "u1_vnum": "8866"
                }
            ]
        },
        {
            "vnum": "8864",
            "name": "Inside the Cave",
            "description": "You are in the castle of the Wood Elven King Thranduil. The corridor here\nis usually deserted. It would be advisable to keep a low profile, as the\nnatives are hostile...\n",
            "flags": "D",
            "sector": "0",
            "exits": [
                {
                    "door": "D0",
                    "description": "",
                    "keyword": "",
                    "locks": "0",
                    "key": "0",
                    "u1_vnum": "8858"
                },
                {
                    "door": "D1",
                    "description": "",
                    "keyword": "",
                    "locks": "1",
                    "key": "0",
                    "u1_vnum": "8865"
                }
            ]
        },
        {
            "vnum": "8865",
            "name": "The Throne Room of Thrandul",
            "description": "Now you've blown it. You've gone and stumbled into the King's Throne Room.\nHe is seated upon an intricately-carved wooden throne at the end of the hall.\nDour guards glare at you on all sides.\n",
            "flags": "D",
            "sector": "0",
            "exits": [
                {
                    "door": "D3",
                    "description": "",
                    "keyword": "",
                    "locks": "1",
                    "key": "0",
                    "u1_vnum": "8864"
                }
            ]
        },
        {
            "vnum": "8866",
            "name": "The River",
            "description": "You are floating along a river that will carry you back through the forest,\nand eventually to Lake Town.\n",
            "flags": "C",
            "sector": "7",
            "exits": [
                {
                    "door": "D0",
                    "description": "",
                    "keyword": "",
                    "locks": "0",
                    "key": "-1",
                    "u1_vnum": "8863"
                },
                {
                    "door": "D3",
                    "description": "",
                    "keyword": "",
                    "locks": "0",
                    "key": "-1",
                    "u1_vnum": "8824"
                }
            ]
        },
        {
            "vnum": "8867",
            "name": "A Cell",
            "description": "This damp cell is small and cramped, and offers little comfort to its\nsingle inhabitant.\n",
            "flags": "AD",
            "sector": "0",
            "exits": [
                {
                    "door": "D2",
                    "description": "",
                    "keyword": "",
                    "locks": "1",
                    "key": "0",
                    "u1_vnum": "8860"
                }
            ]
        },
        {
            "vnum": "8868",
            "name": "A Northern Path",
            "description": "This path runs more or less directly north toward a rather old-looking\nsection of the woods.\n",
            "flags": "0",
            "sector": "3",
            "exits": [
                {
                    "door": "D0",
                    "description": "",
                    "keyword": "",
                    "locks": "0",
                    "key": "-1",
                    "u1_vnum": "8869"
                },
                {
                    "door": "D2",
                    "description": "",
                    "keyword": "",
                    "locks": "0",
                    "key": "-1",
                    "u1_vnum": "8845"
                }
            ]
        },
        {
            "vnum": "8869",
            "name": "A Northern Path",
            "description": "You are progressing along a long, straight northern path. Up ahead, you can\nsee some sort of clearing.\n",
            "flags": "0",
            "sector": "3",
            "exits": [
                {
                    "door": "D0",
                    "description": "",
                    "keyword": "",
                    "locks": "0",
                    "key": "-1",
                    "u1_vnum": "9001"
                },
                {
                    "door": "D2",
                    "description": "",
                    "keyword": "",
                    "locks": "0",
                    "key": "-1",
                    "u1_vnum": "8868"
                }
            ]
        }
    ],
    "resets": [
        {
            "command": "D",
            "arg1": "8857",
            "arg2": "1",
            "arg3": "2"
        },
        {
            "command": "D",
            "arg1": "8858",
            "arg2": "3",
            "arg3": "2"
        },
        {
            "command": "D",
            "arg1": "8859",
            "arg2": "1",
            "arg3": "1"
        },
        {
            "command": "D",
            "arg1": "8860",
            "arg2": "3",
            "arg3": "1"
        },
        {
            "command": "D",
            "arg1": "8860",
            "arg2": "0",
            "arg3": "2"
        },
        {
            "command": "D",
            "arg1": "8867",
            "arg2": "2",
            "arg3": "2"
        },
        {
            "command": "D",
            "arg1": "8860",
            "arg2": "1",
            "arg3": "1"
        },
        {
            "command": "D",
            "arg1": "8861",
            "arg2": "3",
            "arg3": "1"
        },
        {
            "command": "D",
            "arg1": "8861",
            "arg2": "5",
            "arg3": "1"
        },
        {
            "command": "D",
            "arg1": "8862",
            "arg2": "4",
            "arg3": "1"
        },
        {
            "command": "D",
            "arg1": "8864",
            "arg2": "1",
            "arg3": "1"
        },
        {
            "command": "D",
            "arg1": "8865",
            "arg2": "3",
            "arg3": "1"
        },
        {
            "command": "M",
            "arg1": "8800",
            "arg2": "4",
            "arg3": "8810",
            "arg4": "1"
        },
        {
            "command": "E",
            "arg1": "8801",
            "arg2": "-1",
            "arg3": "16"
        },
        {
            "command": "E",
            "arg1": "8802",
            "arg2": "-1",
            "arg3": "12"
        },
        {
            "command": "E",
            "arg1": "8803",
            "arg2": "-1",
            "arg3": "8"
        },
        {
            "command": "G",
            "arg1": "8804",
            "arg2": "-1"
        },
        {
            "command": "O",
            "arg1": "8800",
            "arg2": "0",
            "arg3": "8818"
        },
        {
            "command": "M",
            "arg1": "8801",
            "arg2": "4",
            "arg3": "8821",
            "arg4": "2"
        },
        {
            "command": "E",
            "arg1": "8801",
            "arg2": "-1",
            "arg3": "16"
        },
        {
            "command": "E",
            "arg1": "8802",
            "arg2": "-1",
            "arg3": "12"
        },
        {
            "command": "E",
            "arg1": "8803",
            "arg2": "-1",
            "arg3": "8"
        },
        {
            "command": "G",
            "arg1": "8804",
            "arg2": "-1"
        },
        {
            "command": "M",
            "arg1": "8802",
            "arg2": "3",
            "arg3": "8836",
            "arg4": "2"
        },
        {
            "command": "E",
            "arg1": "8805",
            "arg2": "-1",
            "arg3": "11"
        },
        {
            "command": "E",
            "arg1": "8806",
            "arg2": "-1",
            "arg3": "16"
        },
        {
            "command": "E",
            "arg1": "8807",
            "arg2": "-1",
            "arg3": "6"
        },
        {
            "command": "M",
            "arg1": "8803",
            "arg2": "3",
            "arg3": "8839",
            "arg4": "1"
        },
        {
            "command": "E",
            "arg1": "8805",
            "arg2": "-1",
            "arg3": "11"
        },
        {
            "command": "E",
            "arg1": "8806",
            "arg2": "-1",
            "arg3": "16"
        },
        {
            "command": "E",
            "arg1": "8807",
            "arg2": "-1",
            "arg3": "6"
        },
        {
            "command": "M",
            "arg1": "8800",
            "arg2": "4",
            "arg3": "8846",
            "arg4": "2"
        },
        {
            "command": "E",
            "arg1": "8801",
            "arg2": "-1",
            "arg3": "16"
        },
        {
            "command": "E",
            "arg1": "8802",
            "arg2": "-1",
            "arg3": "12"
        },
        {
            "command": "E",
            "arg1": "8803",
            "arg2": "-1",
            "arg3": "8"
        },
        {
            "command": "G",
            "arg1": "8804",
            "arg2": "-1"
        },
        {
            "command": "M",
            "arg1": "8804",
            "arg2": "4",
            "arg3": "8857",
            "arg4": "2"
        },
        {
            "command": "E",
            "arg1": "8801",
            "arg2": "-1",
            "arg3": "16"
        },
        {
            "command": "E",
            "arg1": "8802",
            "arg2": "-1",
            "arg3": "12"
        },
        {
            "command": "E",
            "arg1": "8803",
            "arg2": "-1",
            "arg3": "8"
        },
        {
            "command": "G",
            "arg1": "8804",
            "arg2": "-1"
        },
        {
            "command": "G",
            "arg1": "8813",
            "arg2": "-1"
        },
        {
            "command": "M",
            "arg1": "8808",
            "arg2": "2",
            "arg3": "8859",
            "arg4": "1"
        },
        {
            "command": "M",
            "arg1": "8810",
            "arg2": "1",
            "arg3": "8860",
            "arg4": "1"
        },
        {
            "command": "G",
            "arg1": "8812",
            "arg2": "-1"
        },
        {
            "command": "G",
            "arg1": "8808",
            "arg2": "-1"
        },
        {
            "command": "M",
            "arg1": "8805",
            "arg2": "1",
            "arg3": "8861",
            "arg4": "1"
        },
        {
            "command": "G",
            "arg1": "8808",
            "arg2": "-1"
        },
        {
            "command": "M",
            "arg1": "8806",
            "arg2": "1",
            "arg3": "8861",
            "arg4": "1"
        },
        {
            "command": "E",
            "arg1": "8801",
            "arg2": "-1",
            "arg3": "16"
        },
        {
            "command": "E",
            "arg1": "8802",
            "arg2": "-1",
            "arg3": "12"
        },
        {
            "command": "E",
            "arg1": "8803",
            "arg2": "-1",
            "arg3": "8"
        },
        {
            "command": "G",
            "arg1": "8804",
            "arg2": "-1"
        },
        {
            "command": "O",
            "arg1": "8809",
            "arg2": "0",
            "arg3": "8861"
        },
        {
            "command": "O",
            "arg1": "8810",
            "arg2": "0",
            "arg3": "8861"
        },
        {
            "command": "M",
            "arg1": "8809",
            "arg2": "2",
            "arg3": "8864",
            "arg4": "1"
        },
        {
            "command": "M",
            "arg1": "8807",
            "arg2": "1",
            "arg3": "8865",
            "arg4": "1"
        },
        {
            "command": "E",
            "arg1": "8811",
            "arg2": "-1",
            "arg3": "16"
        },
        {
            "command": "M",
            "arg1": "8804",
            "arg2": "4",
            "arg3": "8865",
            "arg4": "2"
        },
        {
            "command": "E",
            "arg1": "8801",
            "arg2": "-1",
            "arg3": "16"
        },
        {
            "command": "E",
            "arg1": "8802",
            "arg2": "-1",
            "arg3": "12"
        },
        {
            "command": "E",
            "arg1": "8803",
            "arg2": "-1",
            "arg3": "8"
        },
        {
            "command": "G",
            "arg1": "8804",
            "arg2": "-1"
        },
        {
            "command": "M",
            "arg1": "8811",
            "arg2": "1",
            "arg3": "8867",
            "arg4": "1"
        }
    ],
    "specials": [
        {
            "vnum": "8800",
            "spec_fun": "spec_poison"
        },
        {
            "vnum": "8802",
            "spec_fun": "spec_nasty"
        },
        {
            "vnum": "8803",
            "spec_fun": "spec_nasty"
        },
        {
            "vnum": "8803",
            "spec_fun": "spec_guard"
        },
        {
            "vnum": "8805",
            "spec_fun": "spec_guard"
        },
        {
            "vnum": "8807",
            "spec_fun": "spec_cast_mage"
        }
    ]
}