{
    "area": {
        "file": "mobfact.are",
        "name": "Mob Factory",
        "low_range": "5",
        "high_range": "15",
        "writer": "PinkF",
        "credits": "Mob Factory",
        "min_vnum": "9400",
        "max_vnum": "9499"
    },
    "mobiles": [
        {
            "vnum": "9401",
            "name": "oldstyle fido mutant dog",
            "short_description": "The mutant beastly fido",
            "long_description": "The mutant beastly fido is here, his eyes glowing green!\n",
            "description": "You see a mutant beastly fido, glaring at you with green eyes!  You wonder if\nthis factory meets ASPCA guidlines....\n",
            "race": "fido",
            "act": "AFGH",
            "affected_by": "D",
            "alignment": "-700",
            "group": "0",
            "level": "6",
            "hitroll": "0",
            "hit_dice": "2d7+71",
            "mana_dice": "3d9+100",
            "dam_dice": "1d7+1",
            "dam_type": "none",
            "ac_pierce": "4",
            "ac_bash": "4",
            "ac_slash": "4",
            "ac_exotic": "9",
            "off_flags": "EN",
            "imm_flags": "0",
            "res_flags": "0",
            "vuln_flags": "0",
            "start_pos": "stand",
            "default_pos": "stand",
            "sex": "male",
            "wealth": "0",
            "form": "0",
            "parts": "0",
            "size": "medium",
            "material": "0"
        },
        {
            "vnum": "9402",
            "name": "oldstyle foreman floyd",
            "short_description": "Foreman Floyd",
            "long_description": "Foreman Floyd is here, making plans for the factory's future.\n",
            "description": "You see Foreman Floyd of the Mob factory -- a sterling example of what comes\nof dedicated Mudding!  Rewarded for his years of dedication as a monster\nslayer, Floyd now creates the beasts for other adventurers to fight.\n",
            "race": "human",
            "act": "ABG",
            "affected_by": "DFH",
            "alignment": "2",
            "group": "0",
            "level": "12",
            "hitroll": "0",
            "hit_dice": "2d10+150",
            "mana_dice": "6d9+100",
            "dam_dice": "1d10+3",
            "dam_type": "none",
            "ac_pierce": "0",
            "ac_bash": "0",
            "ac_slash": "0",
            "ac_exotic": "8",
            "off_flags": "EFNU",
            "imm_flags": "0",
            "res_flags": "0",
            "vuln_flags": "0",
            "start_pos": "sit",
            "default_pos": "stand",
            "sex": "male",
            "wealth": "50",
            "form": "0",
            "parts": "0",
            "size": "medium",
            "material": "0"
        },
        {
            "vnum": "9403",
            "name": "oldstyle cityguard guard head",
            "short_description": "The Cityguard head",
            "long_description": "The Cityguard head floats around aimlessly.\n",
            "description": "You see a Cityguard head floating around without a care in the world.\nObviously, this one got past quality control!  Careful, those teeth look\nsharp...\n",
            "race": "unique",
            "act": "AG",
            "affected_by": "T",
            "alignment": "0",
            "group": "0",
            "level": "9",
            "hitroll": "0",
            "hit_dice": "2d6+110",
            "mana_dice": "4d9+100",
            "dam_dice": "1d8+2",
            "dam_type": "none",
            "ac_pierce": "2",
            "ac_bash": "2",
            "ac_slash": "2",
            "ac_exotic": "8",
            "off_flags": "EFNU",
            "imm_flags": "0",
            "res_flags": "0",
            "vuln_flags": "0",
            "start_pos": "stand",
            "default_pos": "stand",
            "sex": "none",
            "wealth": "0",
            "form": "AHV",
            "parts": "AEJK",
            "size": "medium",
            "material": "0"
        },
        {
            "vnum": "9404",
            "name": "oldstyle revolving drunk",
            "short_description": "The revolving drunk",
            "long_description": "The Revolving drunk is here, spinning in place.\n",
            "description": "You see and smell a drunk who looks much like other drunks...but he is spinning\nin place!  Someone should tell him that he is a REVOLTING drunk.\n",
            "race": "human",
            "act": "ACGH",
            "affected_by": "0",
            "alignment": "1",
            "group": "0",
            "level": "2",
            "hitroll": "0",
            "hit_dice": "2d7+21",
            "mana_dice": "1d9+100",
            "dam_dice": "1d5+0",
            "dam_type": "none",
            "ac_pierce": "8",
            "ac_bash": "8",
            "ac_slash": "8",
            "ac_exotic": "10",
            "off_flags": "EFNU",
            "imm_flags": "0",
            "res_flags": "0",
            "vuln_flags": "0",
            "start_pos": "stand",
            "default_pos": "stand",
            "sex": "male",
            "wealth": "2",
            "form": "0",
            "parts": "0",
            "size": "medium",
            "material": "0"
        },
        {
            "vnum": "9405",
            "name": "oldstyle toxic slime",
            "short_description": "The toxic slime",
            "long_description": "A pool of toxic slime lies on  the floor.\n",
            "description": "Yick.  Looks like someone had digestion problems!  Either that, or the \nhydraulic fluid is leaking again.\n",
            "race": "human",
            "act": "ABC",
            "affected_by": "0",
            "alignment": "0",
            "group": "0",
            "level": "4",
            "hitroll": "0",
            "hit_dice": "2d7+46",
            "mana_dice": "2d9+100",
            "dam_dice": "1d5+1",
            "dam_type": "none",
            "ac_pierce": "6",
            "ac_bash": "6",
            "ac_slash": "6",
            "ac_exotic": "9",
            "off_flags": "EFNU",
            "imm_flags": "0",
            "res_flags": "0",
            "vuln_flags": "0",
            "start_pos": "sit",
            "default_pos": "sit",
            "sex": "none",
            "wealth": "0",
            "form": "0",
            "parts": "0",
            "size": "medium",
            "material": "0"
        },
        {
            "vnum": "9406",
            "name": "oldstyle worker",
            "short_description": "The factory worker",
            "long_description": "A Mob Factory worker is standing here, looking bored.\n",
            "description": "The worker wears a bright orange pair of overalls, with the words \"Mob\nFactory\" written in a bright purple starburst.  Fashion plate, he's not.\n",
            "race": "human",
            "act": "AGH",
            "affected_by": "0",
            "alignment": "100",
            "group": "0",
            "level": "3",
            "hitroll": "0",
            "hit_dice": "2d6+35",
            "mana_dice": "1d9+100",
            "dam_dice": "1d6+0",
            "dam_type": "none",
            "ac_pierce": "7",
            "ac_bash": "7",
            "ac_slash": "7",
            "ac_exotic": "10",
            "off_flags": "EFNU",
            "imm_flags": "0",
            "res_flags": "0",
            "vuln_flags": "0",
            "start_pos": "stand",
            "default_pos": "stand",
            "sex": "male",
            "wealth": "2",
            "form": "0",
            "parts": "0",
            "size": "medium",
            "material": "0"
        },
        {
            "vnum": "9407",
            "name": "oldstyle worker",
            "short_description": "The factory worker",
            "long_description": "A Mob Factory worker is here, asleep in a chair.\n",
            "description": "If Floyd walks in, you can bet there'll be trouble.  Guess she shouldn't have\nworked the late shift!\n",
            "race": "human",
            "act": "ABH",
            "affected_by": "0",
            "alignment": "150",
            "group": "0",
            "level": "3",
            "hitroll": "0",
            "hit_dice": "2d6+35",
            "mana_dice": "1d9+100",
            "dam_dice": "1d6+0",
            "dam_type": "none",
            "ac_pierce": "7",
            "ac_bash": "7",
            "ac_slash": "7",
            "ac_exotic": "10",
            "off_flags": "EFNU",
            "imm_flags": "0",
            "res_flags": "0",
            "vuln_flags": "0",
            "start_pos": "sleep",
            "default_pos": "sit",
            "sex": "female",
            "wealth": "3",
            "form": "0",
            "parts": "0",
            "size": "medium",
            "material": "0"
        }
    ],
    "objects": [],
    "rooms": [
        {
            "vnum": "9400",
            "name": "Entrance to the Mob Factory",
            "description": "You find that you have entered a strange factory. This factory doesn't\nmake cars or computers or something - it makes mobs! The sound of\nmachinery can be heard in the background; the grinding gears drive you\ncrazy! To the north you see the storage area, to the south the\nforeman's office, to the east the entrance hallway, and to the west the\nfamiliar paving of wall road.\n",
            "flags": "D",
            "sector": "0",
            "exits": [
                {
                    "door": "D0",
                    "description": "",
                    "keyword": "",
                    "locks": "0",
                    "key": "0",
                    "u1_vnum": "9401"
                },
                {
                    "door": "D1",
                    "description": "",
                    "keyword": "",
                    "locks": "0",
                    "key": "0",
                    "u1_vnum": "9407"
                },
                {
                    "door": "D2",
                    "description": "",
                    "keyword": "",
                    "locks": "0",
                    "key": "0",
                    "u1_vnum": "9403"
                },
                {
                    "door": "D3",
                    "description": "",
                    "keyword": "",
                    "locks": "0",
                    "key": "0",
                    "u1_vnum": "3047"
                }
            ]
        },
        {
            "vnum": "9401",
            "name": "Mob Factory Storage Area",
            "description": "This is where the raw materials from which mobs are manufactured are\nstored. You see sacks of sawdust, cans of pink paint, a large box\ncontaining wigs and a bottle mysteriously labelled \"solution x\". Exits\nare more of storage to the east and north, and entrance to the mob\nfactory to the south.\n",
            "flags": "D",
            "sector": "0",
            "exits": [
                {
                    "door": "D0",
                    "description": "",
                    "keyword": "",
                    "locks": "0",
                    "key": "0",
                    "u1_vnum": "9402"
                },
                {
                    "door": "D1",
                    "description": "",
                    "keyword": "",
                    "locks": "0",
                    "key": "0",
                    "u1_vnum": "9406"
                },
                {
                    "door": "D2",
                    "description": "",
                    "keyword": "",
                    "locks": "0",
                    "key": "0",
                    "u1_vnum": "9400"
                }
            ]
        },
        {
            "vnum": "9402",
            "name": "Mob Factory Storage Area",
            "description": "This is where the raw materials from which mobs are manufactured are\nstored. You see sacks of sawdust, cans of pink paint, a large box\ncontaining wigs and a bottle mysteriously labelled \"solution X\". Exits\nare more of storage to the east and south.\n",
            "flags": "D",
            "sector": "0",
            "exits": [
                {
                    "door": "D1",
                    "description": "",
                    "keyword": "",
                    "locks": "0",
                    "key": "0",
                    "u1_vnum": "9405"
                },
                {
                    "door": "D2",
                    "description": "",
                    "keyword": "",
                    "locks": "0",
                    "key": "0",
                    "u1_vnum": "9401"
                }
            ]
        },
        {
            "vnum": "9403",
            "name": "Foreman's Office",
            "description": "This is the office of the mob factory foreman. The room is sparsely\nfurnished with a metal desk, a couple of chairs, a shelf with helmets\nof various sizes and a Sports Illustrated Swimsuit calendar on the west\nwall. Exits lead north to the mob factory entrance and south to the\nforeman's bathroom.\n",
            "flags": "D",
            "sector": "0",
            "exits": [
                {
                    "door": "D0",
                    "description": "",
                    "keyword": "",
                    "locks": "0",
                    "key": "0",
                    "u1_vnum": "9400"
                },
                {
                    "door": "D2",
                    "description": "",
                    "keyword": "",
                    "locks": "0",
                    "key": "0",
                    "u1_vnum": "9404"
                }
            ]
        },
        {
            "vnum": "9404",
            "name": "Foreman's Bathroom",
            "description": "This is the place where the foreman makes frequent visits. The smell\nhere is very strong and reminds you of bovine excrement! There is a\nshower to the back, and a urinal to the left. On the floor you can\nsee stains of a very suspicious nature. The only exit leads north to\nthe foreman's office.\n",
            "flags": "D",
            "sector": "0",
            "exits": [
                {
                    "door": "D0",
                    "description": "",
                    "keyword": "",
                    "locks": "0",
                    "key": "0",
                    "u1_vnum": "9403"
                }
            ]
        },
        {
            "vnum": "9405",
            "name": "Mob Factory Storage Area",
            "description": "This is where the raw materials from which mobs are manufactured are\nstored. You see sacks of sawdust, cans of pink paint, a large box\ncontaining wigs and a bottle mysteriously labelled \"solution X\". Exits\nare more of storage to the west and south, and an inspection room to\nthe east.\n",
            "flags": "D",
            "sector": "0",
            "exits": [
                {
                    "door": "D1",
                    "description": "",
                    "keyword": "",
                    "locks": "0",
                    "key": "0",
                    "u1_vnum": "9410"
                },
                {
                    "door": "D2",
                    "description": "",
                    "keyword": "",
                    "locks": "0",
                    "key": "0",
                    "u1_vnum": "9406"
                },
                {
                    "door": "D3",
                    "description": "",
                    "keyword": "",
                    "locks": "0",
                    "key": "0",
                    "u1_vnum": "9402"
                }
            ]
        },
        {
            "vnum": "9406",
            "name": "Mob Factory Storage Area",
            "description": "This is where the raw materials from which mobs are manufactured are\nstored. You see sacks of sawdust, cans of pink paint, a large box\ncontaining wigs and a bottle mysteriously labelled \"solution X\". Exits\nare more of storage to the west and north, an inspection room to the\neast and the entrance hallway to the south.\n",
            "flags": "D",
            "sector": "0",
            "exits": [
                {
                    "door": "D0",
                    "description": "",
                    "keyword": "",
                    "locks": "0",
                    "key": "0",
                    "u1_vnum": "9405"
                },
                {
                    "door": "D1",
                    "description": "",
                    "keyword": "",
                    "locks": "0",
                    "key": "0",
                    "u1_vnum": "9411"
                },
                {
                    "door": "D2",
                    "description": "",
                    "keyword": "",
                    "locks": "0",
                    "key": "0",
                    "u1_vnum": "9407"
                },
                {
                    "door": "D3",
                    "description": "",
                    "keyword": "",
                    "locks": "0",
                    "key": "0",
                    "u1_vnum": "9401"
                }
            ]
        },
        {
            "vnum": "9407",
            "name": "Entrance Hallway to Mob Factory",
            "description": "You are standing in the entrance hallway of the mob factory. The sound\nof machinery gets louder now, and you can hear people shouting in the\ndistance. Every once in a while you get creepy feeling that a pair of\neyes is observing you...... Exits are north to the storage area, east\nto the entrance hallway, south to the cafeteria and west to the mob\nfactory entrance.\n",
            "flags": "D",
            "sector": "0",
            "exits": [
                {
                    "door": "D0",
                    "description": "",
                    "keyword": "",
                    "locks": "0",
                    "key": "0",
                    "u1_vnum": "9406"
                },
                {
                    "door": "D1",
                    "description": "",
                    "keyword": "",
                    "locks": "0",
                    "key": "0",
                    "u1_vnum": "9412"
                },
                {
                    "door": "D2",
                    "description": "",
                    "keyword": "",
                    "locks": "0",
                    "key": "0",
                    "u1_vnum": "9408"
                },
                {
                    "door": "D3",
                    "description": "",
                    "keyword": "",
                    "locks": "0",
                    "key": "0",
                    "u1_vnum": "9400"
                }
            ]
        },
        {
            "vnum": "9408",
            "name": "Mob Factory Cafeteria",
            "description": "You find that you have entered the cafeteria of the mob factory. There\nare many workers eating at the numerous tables placed around the room.\nThe food doesn't look too appetising, but the factory workers don't\nseem to care. There are many places where food and drink have been\nspilled on the ground. Exits are north to the entrance hallway and\nsouth to the mob factory cafeteria.\n",
            "flags": "D",
            "sector": "0",
            "exits": [
                {
                    "door": "D0",
                    "description": "",
                    "keyword": "",
                    "locks": "0",
                    "key": "0",
                    "u1_vnum": "9407"
                },
                {
                    "door": "D2",
                    "description": "",
                    "keyword": "",
                    "locks": "0",
                    "key": "0",
                    "u1_vnum": "9409"
                }
            ]
        },
        {
            "vnum": "9409",
            "name": "Mob Factory Cafeteria",
            "description": "You find that you have entered the cafeteria of the mob factory. There\nare many workers eating at the numerous tables placed around the room.\nThe food doesn't look too appetising, but the factory workers don't\nseem to care. There are many places where food and drink have been\nspilled on the ground. The only exit is north to the mob factory\ncafeteria.\n",
            "flags": "D",
            "sector": "0",
            "exits": [
                {
                    "door": "D0",
                    "description": "",
                    "keyword": "",
                    "locks": "0",
                    "key": "0",
                    "u1_vnum": "9408"
                }
            ]
        },
        {
            "vnum": "9410",
            "name": "Mob Factory Inspection Room",
            "description": "You have entered the mob factory inspections room. This is where the\nmobs manufactured on the assembly lines are inspected for defects. A\nwhole team of inspectors from the Midgaard Inspections Bureau is\nstanding around, trying to look busy. Exits are south to the mob\nfactory inspection room, east to the primary assembly line and west to\nthe storage area.\n",
            "flags": "D",
            "sector": "0",
            "exits": [
                {
                    "door": "D1",
                    "description": "",
                    "keyword": "",
                    "locks": "0",
                    "key": "0",
                    "u1_vnum": "9415"
                },
                {
                    "door": "D2",
                    "description": "",
                    "keyword": "",
                    "locks": "0",
                    "key": "0",
                    "u1_vnum": "9411"
                },
                {
                    "door": "D3",
                    "description": "",
                    "keyword": "",
                    "locks": "0",
                    "key": "0",
                    "u1_vnum": "9405"
                }
            ]
        },
        {
            "vnum": "9411",
            "name": "Mob Factory Inspection Room",
            "description": "You have entered the mob factory inspections room. This is where the\nmobs manufactured on the assembly lines are inspected for defects. A\nwhole team of inspectors from the Midgaard Inspections Bureau is\nstanding around, trying to look busy. Exits are south to the mob\nfactory inspection room, east to the primary assembly line and west to\nthe storage area.\n",
            "flags": "D",
            "sector": "0",
            "exits": [
                {
                    "door": "D0",
                    "description": "",
                    "keyword": "",
                    "locks": "0",
                    "key": "0",
                    "u1_vnum": "9410"
                },
                {
                    "door": "D1",
                    "description": "",
                    "keyword": "",
                    "locks": "0",
                    "key": "0",
                    "u1_vnum": "9416"
                },
                {
                    "door": "D2",
                    "description": "",
                    "keyword": "",
                    "locks": "0",
                    "key": "0",
                    "u1_vnum": "9412"
                },
                {
                    "door": "D3",
                    "description": "",
                    "keyword": "",
                    "locks": "0",
                    "key": "0",
                    "u1_vnum": "9406"
                }
            ]
        },
        {
            "vnum": "9412",
            "name": "Entrance Hallway to Mob Factory",
            "description": "You are standing in the entrance hallway of the mob factory. The sound\nof machinery gets louder now, and you can hear people shouting in the\ndistance. Every once in a while you get creepy feeling that a pair of\neyes is observing you...... Exits are north to the inspection room,\neast to the primary assembly line, south to the reject room and west\nto the entrance hallway.\n",
            "flags": "D",
            "sector": "0",
            "exits": [
                {
                    "door": "D0",
                    "description": "",
                    "keyword": "",
                    "locks": "0",
                    "key": "0",
                    "u1_vnum": "9411"
                },
                {
                    "door": "D1",
                    "description": "",
                    "keyword": "",
                    "locks": "0",
                    "key": "0",
                    "u1_vnum": "9417"
                },
                {
                    "door": "D2",
                    "description": "",
                    "keyword": "",
                    "locks": "0",
                    "key": "0",
                    "u1_vnum": "9413"
                },
                {
                    "door": "D3",
                    "description": "",
                    "keyword": "",
                    "locks": "0",
                    "key": "0",
                    "u1_vnum": "9407"
                }
            ]
        },
        {
            "vnum": "9413",
            "name": "Mob Factory Reject Room",
            "description": "This is the factory reject room. All the mobs that are manufactured\nincorrectly or have some defect are placed here before subsequent\ndestruction. You shudder at the many deformed and grotesque shapes\npresent before you. Exits are south to the reject room and north to\nthe entrance hallway.\n",
            "flags": "D",
            "sector": "0",
            "exits": [
                {
                    "door": "D0",
                    "description": "",
                    "keyword": "",
                    "locks": "0",
                    "key": "0",
                    "u1_vnum": "9412"
                },
                {
                    "door": "D2",
                    "description": "",
                    "keyword": "",
                    "locks": "0",
                    "key": "0",
                    "u1_vnum": "9414"
                }
            ]
        },
        {
            "vnum": "9414",
            "name": "Mob Factory Reject Room",
            "description": "This is the factory reject room. All the mobs that are manufactured\nincorrectly or have some defect are placed here before subsequent\ndestruction. You shudder at the many deformed and grotesque shapes\npresent before you. The only exit is north to the reject room.\n",
            "flags": "D",
            "sector": "0",
            "exits": [
                {
                    "door": "D0",
                    "description": "",
                    "keyword": "",
                    "locks": "0",
                    "key": "0",
                    "u1_vnum": "9413"
                }
            ]
        },
        {
            "vnum": "9415",
            "name": "Primary Assembly Line",
            "description": "This is the primary assembly line of the mob factory. Here, all the\nmobs seen roaming around the city of Midgaard are manufactured from\nraw materials. There is a big conveyor belt present which makes a lot\nof noise! It seems that the workers are making drunks today. Exits are\neast to the secondary assembly line, south to the primary assembly\nline and west to the inspection room.\n",
            "flags": "D",
            "sector": "0",
            "exits": [
                {
                    "door": "D1",
                    "description": "",
                    "keyword": "",
                    "locks": "0",
                    "key": "0",
                    "u1_vnum": "9420"
                },
                {
                    "door": "D2",
                    "description": "",
                    "keyword": "",
                    "locks": "0",
                    "key": "0",
                    "u1_vnum": "9416"
                },
                {
                    "door": "D3",
                    "description": "",
                    "keyword": "",
                    "locks": "0",
                    "key": "0",
                    "u1_vnum": "9410"
                }
            ]
        },
        {
            "vnum": "9416",
            "name": "Primary Assembly Line",
            "description": "This is the primary assembly line of the mob factory. Here, all the\nmobs seen roaming around the city of Midgaard are manufactured from\nraw materials. There is a big conveyor belt present which makes a lot\nof noise! It seems that the workers are making drunks today. Exits are\neast to the secondary assembly line, north and south to the primary\nassembly line and west to the inspection room.\n",
            "flags": "D",
            "sector": "0",
            "exits": [
                {
                    "door": "D0",
                    "description": "",
                    "keyword": "",
                    "locks": "0",
                    "key": "0",
                    "u1_vnum": "9415"
                },
                {
                    "door": "D1",
                    "description": "",
                    "keyword": "",
                    "locks": "0",
                    "key": "0",
                    "u1_vnum": "9421"
                },
                {
                    "door": "D2",
                    "description": "",
                    "keyword": "",
                    "locks": "0",
                    "key": "0",
                    "u1_vnum": "9417"
                },
                {
                    "door": "D3",
                    "description": "",
                    "keyword": "",
                    "locks": "0",
                    "key": "0",
                    "u1_vnum": "9411"
                }
            ]
        },
        {
            "vnum": "9417",
            "name": "Primary Assembly Line",
            "description": "This is the primary assembly line of the mob factory. Here, all the\nmobs seen roaming around the city of Midgaard are manufactured from\nraw materials. There is a big conveyor belt present which makes a lot\nof noise! It seems that the workers are making drunks today. Exits are\neast to the secondary assembly line, north and south to the primary\nassembly line and west to the entrance hallway.\n",
            "flags": "D",
            "sector": "0",
            "exits": [
                {
                    "door": "D0",
                    "description": "",
                    "keyword": "",
                    "locks": "0",
                    "key": "0",
                    "u1_vnum": "9416"
                },
                {
                    "door": "D1",
                    "description": "",
                    "keyword": "",
                    "locks": "0",
                    "key": "0",
                    "u1_vnum": "9422"
                },
                {
                    "door": "D2",
                    "description": "",
                    "keyword": "",
                    "locks": "0",
                    "key": "0",
                    "u1_vnum": "9418"
                },
                {
                    "door": "D3",
                    "description": "",
                    "keyword": "",
                    "locks": "0",
                    "key": "0",
                    "u1_vnum": "9412"
                }
            ]
        },
        {
            "vnum": "9418",
            "name": "Primary Assembly Line",
            "description": "This is the primary assembly line of the mob factory. Here, all the\nmobs seen roaming around the city of Midgaard are manufactured from\nraw materials. There is a big conveyor belt present which makes a lot\nof noise! It seems that the workers are making drunks today. Exits are\neast to the secondary assembly line, north and south to the primary\nassembly line.\n",
            "flags": "D",
            "sector": "0",
            "exits": [
                {
                    "door": "D0",
                    "description": "",
                    "keyword": "",
                    "locks": "0",
                    "key": "0",
                    "u1_vnum": "9417"
                },
                {
                    "door": "D1",
                    "description": "",
                    "keyword": "",
                    "locks": "0",
                    "key": "0",
                    "u1_vnum": "9423"
                },
                {
                    "door": "D2",
                    "description": "",
                    "keyword": "",
                    "locks": "0",
                    "key": "0",
                    "u1_vnum": "9419"
                }
            ]
        },
        {
            "vnum": "9419",
            "name": "Primary Assembly Line",
            "description": "This is the primary assembly line of the mob factory. Here, all the\nmobs seen roaming around the city of Midgaard are manufactured from\nraw materials. There is a big conveyor belt present which makes a lot\nof noise! It seems that the workers are making drunks today. Exits are\neast to the secondary assembly line and north to the primary\nassembly line.\n",
            "flags": "D",
            "sector": "0",
            "exits": [
                {
                    "door": "D0",
                    "description": "",
                    "keyword": "",
                    "locks": "0",
                    "key": "0",
                    "u1_vnum": "9418"
                },
                {
                    "door": "D1",
                    "description": "",
                    "keyword": "",
                    "locks": "0",
                    "key": "0",
                    "u1_vnum": "9424"
                }
            ]
        },
        {
            "vnum": "9420",
            "name": "Secondary Assembly Line",
            "description": "This is the secondary asembly line of the mob factory. You are\nsurprised to see cityguard heads come floating on the conveyor belt!\nThe very sight is sickening, but the workers seem to be quite\ncheerful about their work. Exits are south to the secondary assembly\nline and west to the primary assembly line.\n",
            "flags": "D",
            "sector": "0",
            "exits": [
                {
                    "door": "D2",
                    "description": "",
                    "keyword": "",
                    "locks": "0",
                    "key": "0",
                    "u1_vnum": "9421"
                },
                {
                    "door": "D3",
                    "description": "",
                    "keyword": "",
                    "locks": "0",
                    "key": "0",
                    "u1_vnum": "9415"
                }
            ]
        },
        {
            "vnum": "9421",
            "name": "Secondary Assembly Line",
            "description": "This is the secondary asembly line of the mob factory. You are\nsurprised to see cityguard heads come floating on the conveyor belt!\nThe very sight is sickening, but the workers seem to be quite\ncheerful about their work. Exits are north and south to the secondary\nassembly line and west to the primary assembly line.\n",
            "flags": "D",
            "sector": "0",
            "exits": [
                {
                    "door": "D0",
                    "description": "",
                    "keyword": "",
                    "locks": "0",
                    "key": "0",
                    "u1_vnum": "9420"
                },
                {
                    "door": "D2",
                    "description": "",
                    "keyword": "",
                    "locks": "0",
                    "key": "0",
                    "u1_vnum": "9422"
                },
                {
                    "door": "D3",
                    "description": "",
                    "keyword": "",
                    "locks": "0",
                    "key": "0",
                    "u1_vnum": "9416"
                }
            ]
        },
        {
            "vnum": "9422",
            "name": "Secondary Assembly Line",
            "description": "This is the secondary asembly line of the mob factory. You are\nsurprised to see cityguard heads come floating on the conveyor belt!\nThe very sight is sickening, but the workers seem to be quite\ncheerful about their work. Exits are north and south to the secondary\nassembly line and west to the primary assembly line.\n",
            "flags": "D",
            "sector": "0",
            "exits": [
                {
                    "door": "D0",
                    "description": "",
                    "keyword": "",
                    "locks": "0",
                    "key": "0",
                    "u1_vnum": "9421"
                },
                {
                    "door": "D2",
                    "description": "",
                    "keyword": "",
                    "locks": "0",
                    "key": "0",
                    "u1_vnum": "9423"
                },
                {
                    "door": "D3",
                    "description": "",
                    "keyword": "",
                    "locks": "0",
                    "key": "0",
                    "u1_vnum": "9417"
                }
            ]
        },
        {
            "vnum": "9423",
            "name": "Secondary Assembly Line",
            "description": "This is the secondary asembly line of the mob factory. You are\nsurprised to see cityguard heads come floating on the conveyor belt!\nThe very sight is sickening, but the workers seem to be quite\ncheerful about their work. Exits are north and south to the secondary\nassembly line and west to the primary assembly line.\n",
            "flags": "D",
            "sector": "0",
            "exits": [
                {
                    "door": "D0",
                    "description": "",
                    "keyword": "",
                    "locks": "0",
                    "key": "0",
                    "u1_vnum": "9422"
                },
                {
                    "door": "D2",
                    "description": "",
                    "keyword": "",
                    "locks": "0",
                    "key": "0",
                    "u1_vnum": "9424"
                },
                {
                    "door": "D3",
                    "description": "",
                    "keyword": "",
                    "locks": "0",
                    "key": "0",
                    "u1_vnum": "9418"
                }
            ]
        },
        {
            "vnum": "9424",
            "name": "Secondary Assembly Line",
            "description": "This is the secondary asembly line of the mob factory. You are\nsurprised to see cityguard heads come floating on the conveyor belt!\nThe very sight is sickening, but the workers seem to be quite\ncheerful about their work. Exits are north to the secondary\nassembly line and west to the primary assembly line.\n",
            "flags": "D",
            "sector": "0",
            "exits": [
                {
                    "door": "D0",
                    "description": "",
                    "keyword": "",
                    "locks": "0",
                    "key": "0",
                    "u1_vnum": "9423"
                },
                {
                    "door": "D3",
                    "description": "",
                    "keyword": "",
                    "locks": "0",
                    "key": "0",
                    "u1_vnum": "9419"
                }
            ]
        }
    ],
    "resets": [
        {
            "command": "M",
            "arg1": "9405",
            "arg2": "7",
            "arg3": "9401",
            "arg4": "1"
        },
        {
            "command": "M",
            "arg1": "9401",
            "arg2": "5",
            "arg3": "9402",
            "arg4": "1"
        },
        {
            "command": "M",
            "arg1": "9402",
            "arg2": "1",
            "arg3": "9403",
            "arg4": "1"
        },
        {
            "command": "M",
            "arg1": "9405",
            "arg2": "7",
            "arg3": "9404",
            "arg4": "1"
        },
        {
            "command": "M",
            "arg1": "9403",
            "arg2": "7",
            "arg3": "9406",
            "arg4": "1"
        },
        {
            "command": "M",
            "arg1": "9405",
            "arg2": "7",
            "arg3": "9408",
            "arg4": "1"
        },
        {
            "command": "M",
            "arg1": "9401",
            "arg2": "5",
            "arg3": "9408",
            "arg4": "1"
        },
        {
            "command": "M",
            "arg1": "9405",
            "arg2": "7",
            "arg3": "9409",
            "arg4": "1"
        },
        {
            "command": "M",
            "arg1": "9407",
            "arg2": "3",
            "arg3": "9410",
            "arg4": "1"
        },
        {
            "command": "M",
            "arg1": "9404",
            "arg2": "4",
            "arg3": "9410",
            "arg4": "2"
        },
        {
            "command": "M",
            "arg1": "9403",
            "arg2": "7",
            "arg3": "9410",
            "arg4": "1"
        },
        {
            "command": "M",
            "arg1": "9407",
            "arg2": "3",
            "arg3": "9411",
            "arg4": "1"
        },
        {
            "command": "M",
            "arg1": "9401",
            "arg2": "5",
            "arg3": "9411",
            "arg4": "1"
        },
        {
            "command": "M",
            "arg1": "9404",
            "arg2": "4",
            "arg3": "9413",
            "arg4": "2"
        },
        {
            "command": "M",
            "arg1": "9403",
            "arg2": "7",
            "arg3": "9414",
            "arg4": "1"
        },
        {
            "command": "M",
            "arg1": "9405",
            "arg2": "7",
            "arg3": "9415",
            "arg4": "1"
        },
        {
            "command": "M",
            "arg1": "9406",
            "arg2": "8",
            "arg3": "9415",
            "arg4": "1"
        },
        {
            "command": "M",
            "arg1": "9406",
            "arg2": "8",
            "arg3": "9416",
            "arg4": "1"
        },
        {
            "command": "M",
            "arg1": "9406",
            "arg2": "8",
            "arg3": "9417",
            "arg4": "1"
        },
        {
            "command": "M",
            "arg1": "9406",
            "arg2": "8",
            "arg3": "9418",
            "arg4": "1"
        },
        {
            "command": "M",
            "arg1": "9401",
            "arg2": "5",
            "arg3": "9418",
            "arg4": "1"
        },
        {
            "command": "M",
            "arg1": "9406",
            "arg2": "8",
            "arg3": "9419",
            "arg4": "1"
        },
        {
            "command": "M",
            "arg1": "9406",
            "arg2": "8",
            "arg3": "9420",
            "arg4": "1"
        },
        {
            "command": "M",
            "arg1": "9407",
            "arg2": "3",
            "arg3": "9420",
            "arg4": "1"
        },
        {
            "command": "M",
            "arg1": "9405",
            "arg2": "7",
            "arg3": "9421",
            "arg4": "1"
        },
        {
            "command": "M",
            "arg1": "9403",
            "arg2": "7",
            "arg3": "9421",
            "arg4": "1"
        },
        {
            "command": "M",
            "arg1": "9401",
            "arg2": "5",
            "arg3": "9422",
            "arg4": "1"
        },
        {
            "command": "M",
            "arg1": "9403",
            "arg2": "7",
            "arg3": "9422",
            "arg4": "1"
        },
        {
            "command": "M",
            "arg1": "9406",
            "arg2": "8",
            "arg3": "9423",
            "arg4": "1"
        },
        {
            "command": "M",
            "arg1": "9403",
            "arg2": "7",
            "arg3": "9423",
            "arg4": "1"
        },
        {
            "command": "M",
            "arg1": "9403",
            "arg2": "7",
            "arg3": "9424",
            "arg4": "1"
        },
        {
            "command": "M",
            "arg1": "9406",
            "arg2": "8",
            "arg3": "9424",
            "arg4": "1"
        },
        {
            "command": "M",
            "arg1": "9405",
            "arg2": "7",
            "arg3": "9424",
            "arg4": "1"
        }
    ],
    "shops": [],
    "specials": []
}