{
    "area": {
        "file": "ryzen2.are",
        "name": "Caverns",
        "low_range": "25",
        "high_range": "45",
        "writer": "Ryzen",
        "credits": "Caverns",
        "min_vnum": "22000",
        "max_vnum": "22049"
    },
    "mobiles": [
        {
            "vnum": "22002",
            "name": "ghost wandering",
            "short_description": "A Wandering Ghost",
            "long_description": "A ghost wanders about, stuck in the realms between life and death\n",
            "description": "A shadow of its formal self, the ghost appears as it did in life, with\nthe shape of a human body but an astral look to it.  It is a soul which can\nnot rest until destroyed and sent into the heavens.  \n",
            "race": "human",
            "act": "AG",
            "affected_by": "BTU",
            "alignment": "-200",
            "group": "0",
            "level": "25",
            "hitroll": "0",
            "hit_dice": "5d10+550",
            "mana_dice": "1d50+100",
            "dam_dice": "2d10+7",
            "dam_type": "wrath",
            "ac_pierce": "-7",
            "ac_bash": "-7",
            "ac_slash": "-7",
            "ac_exotic": "0",
            "off_flags": "EFU",
            "imm_flags": "0",
            "res_flags": "D",
            "vuln_flags": "N",
            "start_pos": "stand",
            "default_pos": "stand",
            "sex": "none",
            "wealth": "0",
            "form": "AHIMV",
            "parts": "ABCDEFGHIJK",
            "size": "medium",
            "material": "0"
        },
        {
            "vnum": "22003",
            "name": "wraith wicked",
            "short_description": "a Wicked Wraith",
            "long_description": "A wicked looking wraith stares at you, chilling your soul\n",
            "description": "The wraith floats slowly towards you, searching for a new soul to consume.  \n",
            "race": "human",
            "act": "AGO",
            "affected_by": "U",
            "alignment": "-1000",
            "group": "0",
            "level": "34",
            "hitroll": "0",
            "hit_dice": "9d80+1200",
            "mana_dice": "34d10+100",
            "dam_dice": "4d7+10",
            "dam_type": "claw",
            "ac_pierce": "-11",
            "ac_bash": "-10",
            "ac_slash": "-11",
            "ac_exotic": "5",
            "off_flags": "CEFH",
            "imm_flags": "0",
            "res_flags": "0",
            "vuln_flags": "NY",
            "start_pos": "stand",
            "default_pos": "stand",
            "sex": "none",
            "wealth": "0",
            "form": "AHIMV",
            "parts": "ABCDEFGHIJK",
            "size": "medium",
            "material": "0"
        },
        {
            "vnum": "22004",
            "name": "ghastly spectre",
            "short_description": "a spectre",
            "long_description": "A ghastly spectre lurks nearby in the shadows.\n",
            "description": "This long dead spirit is now an evil creation that longs for your blood.  \n",
            "race": "human",
            "act": "AGO",
            "affected_by": "U",
            "alignment": "-800",
            "group": "0",
            "level": "32",
            "hitroll": "0",
            "hit_dice": "5d10+1000",
            "mana_dice": "2d20+1000",
            "dam_dice": "6d4+9",
            "dam_type": "slash",
            "ac_pierce": "-10",
            "ac_bash": "-10",
            "ac_slash": "-10",
            "ac_exotic": "4",
            "off_flags": "CDFH",
            "imm_flags": "0",
            "res_flags": "0",
            "vuln_flags": "NYZ",
            "start_pos": "stand",
            "default_pos": "stand",
            "sex": "none",
            "wealth": "0",
            "form": "AHIMV",
            "parts": "ABCDEFGHIJK",
            "size": "medium",
            "material": "0"
        },
        {
            "vnum": "22005",
            "name": "ghoul",
            "short_description": "a ghoul",
            "long_description": "A ghoul stands here chewing on an old bone.\n",
            "description": "A disgusting undead creature that resembles a zombie, though much more\nferocious.  It carries around an old arm bone that it chews on constantly,\ntearing the last remnants of flesh from it for food.  \n",
            "race": "human",
            "act": "AGO",
            "affected_by": "0",
            "alignment": "-950",
            "group": "0",
            "level": "36",
            "hitroll": "0",
            "hit_dice": "5d25+1400",
            "mana_dice": "36d10+100",
            "dam_dice": "3d10+11",
            "dam_type": "claw",
            "ac_pierce": "-12",
            "ac_bash": "-12",
            "ac_slash": "-12",
            "ac_exotic": "3",
            "off_flags": "CDHK",
            "imm_flags": "0",
            "res_flags": "0",
            "vuln_flags": "N",
            "start_pos": "stand",
            "default_pos": "stand",
            "sex": "none",
            "wealth": "500",
            "form": "AHIMV",
            "parts": "ABCDEFGHIJK",
            "size": "medium",
            "material": "0"
        },
        {
            "vnum": "22006",
            "name": "demon lemure lowest",
            "short_description": "a lemure",
            "long_description": "A lowly demon wanders slugishly forward.\n",
            "description": "A Lemure trudges slowly forward.  Its morphous form not allowing it to\nmove any faster than at a slow walk.  \n",
            "race": "human",
            "act": "AGO",
            "affected_by": "0",
            "alignment": "-600",
            "group": "0",
            "level": "25",
            "hitroll": "0",
            "hit_dice": "5d10+550",
            "mana_dice": "1d50+100",
            "dam_dice": "2d10+7",
            "dam_type": "charge",
            "ac_pierce": "0",
            "ac_bash": "0",
            "ac_slash": "0",
            "ac_exotic": "0",
            "off_flags": "CDF",
            "imm_flags": "0",
            "res_flags": "0",
            "vuln_flags": "NZ",
            "start_pos": "stand",
            "default_pos": "stand",
            "sex": "none",
            "wealth": "0",
            "form": "AHIMV",
            "parts": "ABCDEFGHIJK",
            "size": "medium",
            "material": "0"
        },
        {
            "vnum": "22007",
            "name": "nupperibo demon obese",
            "short_description": "a nupperibo",
            "long_description": "An obese demon wandering around aimlessly.\n",
            "description": "The next step up from lemures in the demon hierarchy, the nupperibos are\ndisgusting.  It's huge, obese form is disgusting, rolls of fat cover its\nentire body.\n",
            "race": "human",
            "act": "AGO",
            "affected_by": "0",
            "alignment": "-700",
            "group": "0",
            "level": "27",
            "hitroll": "0",
            "hit_dice": "5d10+650",
            "mana_dice": "27d10+100",
            "dam_dice": "5d4+7",
            "dam_type": "charge",
            "ac_pierce": "-8",
            "ac_bash": "-8",
            "ac_slash": "-8",
            "ac_exotic": "6",
            "off_flags": "CDF",
            "imm_flags": "0",
            "res_flags": "0",
            "vuln_flags": "NZ",
            "start_pos": "stand",
            "default_pos": "stand",
            "sex": "none",
            "wealth": "0",
            "form": "AHIMV",
            "parts": "ABCDEFGHIJK",
            "size": "large",
            "material": "0"
        },
        {
            "vnum": "22008",
            "name": "spinagon demon",
            "short_description": "a Spinagon",
            "long_description": "An imp-like demon flys towards you on leathery wings\n",
            "description": "The Spinagon looks much like a large imp.  It's large leathery wings keep\nit aflight as it wields its monstrous spear, a blade that is sure to keep\neven the hardiest of warriors at bay.  \n",
            "race": "human",
            "act": "AGO",
            "affected_by": "T",
            "alignment": "-1000",
            "group": "0",
            "level": "33",
            "hitroll": "0",
            "hit_dice": "5d20+1200",
            "mana_dice": "39d10+1100",
            "dam_dice": "6d4+10",
            "dam_type": "none",
            "ac_pierce": "-11",
            "ac_bash": "-11",
            "ac_slash": "-11",
            "ac_exotic": "5",
            "off_flags": "DEFIKN",
            "imm_flags": "0",
            "res_flags": "0",
            "vuln_flags": "N",
            "start_pos": "stand",
            "default_pos": "stand",
            "sex": "none",
            "wealth": "500",
            "form": "AHIMV",
            "parts": "ABCDEFGHIJK",
            "size": "medium",
            "material": "0"
        },
        {
            "vnum": "22009",
            "name": "ghoul lord",
            "short_description": "the ghoul lord",
            "long_description": "The ghoul lord stands here, ready to tear you apart.\n",
            "description": "Much like a normal ghoul but about two feet taller, the ghoul lord is a\nmonstrous sight.  His long snake-like tongue licks scaly lips as it looks at\nyou.  \n",
            "race": "human",
            "act": "ABO",
            "affected_by": "J",
            "alignment": "-1000",
            "group": "0",
            "level": "42",
            "hitroll": "0",
            "hit_dice": "5d50+2250",
            "mana_dice": "42d10+4400",
            "dam_dice": "3d12+14",
            "dam_type": "blast",
            "ac_pierce": "-14",
            "ac_bash": "-14",
            "ac_slash": "-14",
            "ac_exotic": "0",
            "off_flags": "CDEFHK",
            "imm_flags": "0",
            "res_flags": "0",
            "vuln_flags": "NZ",
            "start_pos": "stand",
            "default_pos": "stand",
            "sex": "male",
            "wealth": "800",
            "form": "AHIMV",
            "parts": "ABCDEFGHIJK",
            "size": "large",
            "material": "0"
        },
        {
            "vnum": "22010",
            "name": "dragon deep black",
            "short_description": "A Deep Dragon",
            "long_description": "A black deep dragon is napping here\n",
            "description": "With gleeming scales and razor sharp claws, the Deep Dragon is a mighty\nopponent.  He must have been out hunting because he looks awfully tired now,\nwell at least you get the first attack before he kills you.  \n",
            "race": "dragon",
            "act": "ABG",
            "affected_by": "T",
            "alignment": "-800",
            "group": "0",
            "level": "45",
            "hitroll": "0",
            "hit_dice": "10d100+3000",
            "mana_dice": "45d10+4100",
            "dam_dice": "8d4+16",
            "dam_type": "claw",
            "ac_pierce": "-15",
            "ac_bash": "-15",
            "ac_slash": "-15",
            "ac_exotic": "-1",
            "off_flags": "CDEKM",
            "imm_flags": "0",
            "res_flags": "HIJK",
            "vuln_flags": "F",
            "start_pos": "sleep",
            "default_pos": "stand",
            "sex": "male",
            "wealth": "20000",
            "form": "AHZc",
            "parts": "ADEFIKLPQUVX",
            "size": "medium",
            "material": "0"
        },
        {
            "vnum": "22011",
            "name": "beast undead",
            "short_description": "an Undead Beast",
            "long_description": "A mounstrous undead beast is here searching for dinner\n",
            "description": "A large undead beast stands here.  Multiple bones stick through its rough\nhide, creating spear like points.  Its skin has decayed away, leaving the\nribs and organs exposed.  ICK!  \n",
            "race": "unique",
            "act": "ABFGO",
            "affected_by": "Z",
            "alignment": "-900",
            "group": "0",
            "level": "38",
            "hitroll": "0",
            "hit_dice": "9d50+1600",
            "mana_dice": "38d10+4100",
            "dam_dice": "5d6+12",
            "dam_type": "bite",
            "ac_pierce": "-13",
            "ac_bash": "-13",
            "ac_slash": "-13",
            "ac_exotic": "3",
            "off_flags": "CDEF",
            "imm_flags": "0",
            "res_flags": "0",
            "vuln_flags": "NY",
            "start_pos": "stand",
            "default_pos": "stand",
            "sex": "none",
            "wealth": "500",
            "form": "AGIV",
            "parts": "ACDEFJKQV",
            "size": "large",
            "material": "0"
        },
        {
            "vnum": "22012",
            "name": "cleric holy",
            "short_description": "a Holy Cleric",
            "long_description": "A cleric is here searching for his lost companions.\n",
            "description": "A cleric of the ancient legend, Ryzen.  He appears to be lost in the\ncaverns.  From what he tells you he and his companions became seperated\nduring a battle with undead.  \n",
            "race": "human",
            "act": "ABGQ",
            "affected_by": "0",
            "alignment": "800",
            "group": "0",
            "level": "35",
            "hitroll": "0",
            "hit_dice": "10d50+1300",
            "mana_dice": "40d10+4150",
            "dam_dice": "4d7+11",
            "dam_type": "none",
            "ac_pierce": "-11",
            "ac_bash": "-11",
            "ac_slash": "-11",
            "ac_exotic": "3",
            "off_flags": "CEKLS",
            "imm_flags": "0",
            "res_flags": "0",
            "vuln_flags": "0",
            "start_pos": "stand",
            "default_pos": "stand",
            "sex": "male",
            "wealth": "500",
            "form": "AHMV",
            "parts": "ABCDEFGHIJK",
            "size": "medium",
            "material": "0"
        },
        {
            "vnum": "22013",
            "name": "knight",
            "short_description": "A Well Armed Knight",
            "long_description": "A knight in beautiful armor stands here looking lost\n",
            "description": "This young man wears the plate and sword of a grand knight.  A large blue\ndragon is emblazoned on his plate and he wields his silver long sword with\nease.  \n",
            "race": "human",
            "act": "AGT",
            "affected_by": "C",
            "alignment": "1000",
            "group": "0",
            "level": "26",
            "hitroll": "0",
            "hit_dice": "5d10+600",
            "mana_dice": "26d10+1100",
            "dam_dice": "3d7+17",
            "dam_type": "none",
            "ac_pierce": "-7",
            "ac_bash": "-7",
            "ac_slash": "-7",
            "ac_exotic": "4",
            "off_flags": "CEFIKS",
            "imm_flags": "0",
            "res_flags": "0",
            "vuln_flags": "0",
            "start_pos": "stand",
            "default_pos": "stand",
            "sex": "male",
            "wealth": "500",
            "form": "AHMV",
            "parts": "ABCDEFGHIJK",
            "size": "medium",
            "material": "0"
        },
        {
            "vnum": "22014",
            "name": "halfling thief",
            "short_description": "A Halfling Thief",
            "long_description": "A halfling thief peers around, looking for something to steal\n",
            "description": "Lost from his adventuring companions this little trouble maker is now\njust running around looking for things to slip into his purses.  \n",
            "race": "halfling",
            "act": "AGS",
            "affected_by": "J",
            "alignment": "-400",
            "group": "0",
            "level": "29",
            "hitroll": "0",
            "hit_dice": "6d12+778",
            "mana_dice": "29d10+1100",
            "dam_dice": "4d6+8",
            "dam_type": "pierce",
            "ac_pierce": "-9",
            "ac_bash": "-9",
            "ac_slash": "-9",
            "ac_exotic": "4",
            "off_flags": "FJNS",
            "imm_flags": "0",
            "res_flags": "0",
            "vuln_flags": "Z",
            "start_pos": "stand",
            "default_pos": "stand",
            "sex": "male",
            "wealth": "1200",
            "form": "AHMV",
            "parts": "ABCDEFGHIJK",
            "size": "small",
            "material": "0"
        },
        {
            "vnum": "22015",
            "name": "powerful enchantress",
            "short_description": "A Powerful Enchantress",
            "long_description": "A powerful enchantress walks about searching for her comrades\n",
            "description": "A beautiful enchantress wanders around looking for her comrades who were\nlost after a fight.  She seems to be quite confident in here magic and she\nwears a gorgeous ring on her finger.  \n",
            "race": "human",
            "act": "AGR",
            "affected_by": "H",
            "alignment": "-600",
            "group": "0",
            "level": "31",
            "hitroll": "0",
            "hit_dice": "10d10+928",
            "mana_dice": "50d10+2200",
            "dam_dice": "4d6+9",
            "dam_type": "pierce",
            "ac_pierce": "0",
            "ac_bash": "0",
            "ac_slash": "0",
            "ac_exotic": "0",
            "off_flags": "FNS",
            "imm_flags": "0",
            "res_flags": "C",
            "vuln_flags": "0",
            "start_pos": "stand",
            "default_pos": "stand",
            "sex": "female",
            "wealth": "1000",
            "form": "AHMV",
            "parts": "ABCDEFGHIJK",
            "size": "medium",
            "material": "0"
        }
    ],
    "objects": [
        {
            "vnum": "22000",
            "name": "girdle giant strength",
            "short_description": "girdle of giant strength",
            "description": "A brilliant admantite girdle floats here.",
            "material": "admantite",
            "type": "armor",
            "extra_flags": "BG",
            "wear_flags": "AL",
            "values": "20 20 20 10 0",
            "level": "42",
            "weight": "3",
            "cost": "2000",
            "condition": "P",
            "affects_a": [
                {
                    "location": "19",
                    "modifier": "5"
                },
                {
                    "location": "1",
                    "modifier": "5"
                }
            ]
        },
        {
            "vnum": "22001",
            "name": "bone key carved",
            "short_description": "a carved bone key",
            "description": "A small bone key, carved from a giants finger bone, lies here.",
            "material": "stone",
            "type": "key",
            "extra_flags": "0",
            "wear_flags": "A",
            "values": "0 0 0 0 0",
            "level": "40",
            "weight": "1",
            "cost": "25",
            "condition": "P"
        },
        {
            "vnum": "22002",
            "name": "leggings speed",
            "short_description": "leggings of speed",
            "description": "A set of glowing leather leggings lie here",
            "material": "silver",
            "type": "armor",
            "extra_flags": "A",
            "wear_flags": "AF",
            "values": "9 9 9 0 0",
            "level": "30",
            "weight": "5",
            "cost": "1000",
            "condition": "P",
            "affects_a": [
                {
                    "location": "14",
                    "modifier": "100"
                },
                {
                    "location": "2",
                    "modifier": "2"
                }
            ]
        },
        {
            "vnum": "22003",
            "name": "armor ornate plate",
            "short_description": "an ornate breast plate",
            "description": "A silver breast plate engraved in gold",
            "material": "silver",
            "type": "armor",
            "extra_flags": "0",
            "wear_flags": "AD",
            "values": "8 7 7 0 0",
            "level": "25",
            "weight": "13",
            "cost": "1200",
            "condition": "P",
            "affects_a": [
                {
                    "location": "19",
                    "modifier": "1"
                },
                {
                    "location": "18",
                    "modifier": "1"
                }
            ]
        },
        {
            "vnum": "22004",
            "name": "ring magic",
            "short_description": "ring of magic",
            "description": "A glowing ring covered in magical runes lies here.",
            "material": "mithril",
            "type": "armor",
            "extra_flags": "AG",
            "wear_flags": "AB",
            "values": "9 9 9 4 0",
            "level": "28",
            "weight": "1",
            "cost": "1000",
            "condition": "P",
            "affects_a": [
                {
                    "location": "12",
                    "modifier": "50"
                },
                {
                    "location": "3",
                    "modifier": "2"
                }
            ]
        },
        {
            "vnum": "22005",
            "name": "sheath wrist",
            "short_description": "a concealable wrist sheath",
            "description": "A large leather wrist sheath for a dagger lies here.",
            "material": "leather",
            "type": "container",
            "extra_flags": "GY",
            "wear_flags": "AM",
            "values": "10 0 0 5 50",
            "level": "26",
            "weight": "2",
            "cost": "500",
            "condition": "P",
            "affects_a": [
                {
                    "location": "17",
                    "modifier": "-10"
                },
                {
                    "location": "2",
                    "modifier": "2"
                },
                {
                    "location": "19",
                    "modifier": "4"
                },
                {
                    "location": "18",
                    "modifier": "4"
                }
            ]
        },
        {
            "vnum": "22006",
            "name": "spinagon spear",
            "short_description": "a Spinagon's spear",
            "description": "A long spear with a wickedly sharp blade.",
            "material": "mithril",
            "type": "weapon",
            "extra_flags": "EG",
            "wear_flags": "AN",
            "values": "staff 5 8 thrust DEFH",
            "level": "35",
            "weight": "9",
            "cost": "1300",
            "condition": "P",
            "affects_a": [
                {
                    "location": "19",
                    "modifier": "6"
                },
                {
                    "location": "18",
                    "modifier": "2"
                }
            ]
        },
        {
            "vnum": "22007",
            "name": "rulership rod",
            "short_description": "the Rod of Rulership",
            "description": "A rod inscribed with words of command floats here.",
            "material": "admantite",
            "type": "armor",
            "extra_flags": "ABG",
            "wear_flags": "AO",
            "values": "13 12 12 5 0",
            "level": "38",
            "weight": "5",
            "cost": "5000",
            "condition": "P",
            "affects_a": [
                {
                    "location": "18",
                    "modifier": "4"
                },
                {
                    "location": "13",
                    "modifier": "100"
                },
                {
                    "location": "19",
                    "modifier": "7"
                }
            ]
        },
        {
            "vnum": "22008",
            "name": "collar bloody",
            "short_description": "a bloody collar",
            "description": "The bloody collar of a dead beast lies here",
            "material": "gold",
            "type": "armor",
            "extra_flags": "G",
            "wear_flags": "AC",
            "values": "12 12 12 6 0",
            "level": "36",
            "weight": "7",
            "cost": "800",
            "condition": "P",
            "affects_a": [
                {
                    "location": "18",
                    "modifier": "2"
                },
                {
                    "location": "19",
                    "modifier": "4"
                },
                {
                    "location": "13",
                    "modifier": "10"
                }
            ]
        },
        {
            "vnum": "22010",
            "name": "vial holy water",
            "short_description": "a vial of holy water",
            "description": "A glowing vial of holy water has been left here",
            "material": "glass",
            "type": "potion",
            "extra_flags": "I",
            "wear_flags": "AO",
            "values": "35 'bless' 'heal' '' ''",
            "level": "30",
            "weight": "1",
            "cost": "5600",
            "condition": "P"
        },
        {
            "vnum": "22011",
            "name": "sword silver longsword long",
            "short_description": "a silver longsword",
            "description": "A silver longsword covered in mystical battle runes lies here",
            "material": "silver",
            "type": "weapon",
            "extra_flags": "GI",
            "wear_flags": "AN",
            "values": "sword 5 5 slash D",
            "level": "23",
            "weight": "4",
            "cost": "1350",
            "condition": "P",
            "affects_a": [
                {
                    "location": "18",
                    "modifier": "1"
                },
                {
                    "location": "19",
                    "modifier": "3"
                },
                {
                    "location": "4",
                    "modifier": "1"
                }
            ]
        }
    ],
    "rooms": [
        {
            "vnum": "22000",
            "name": "The Entrance to the Caverns",
            "description": "You stand at the entrance to The Caverns of the Damned.  What creatures\nawait you in its shadowy corridors can only be guessed.  Two dark tunnels\nlead east and west , into the caverns, from here.  \n",
            "flags": "AD",
            "sector": "0",
            "exits": [
                {
                    "door": "D4",
                    "description": "",
                    "keyword": "",
                    "locks": "0",
                    "key": "0",
                    "u1_vnum": "29373"
                },
                {
                    "door": "D1",
                    "description": "",
                    "keyword": "",
                    "locks": "0",
                    "key": "0",
                    "u1_vnum": "22002"
                },
                {
                    "door": "D3",
                    "description": "",
                    "keyword": "",
                    "locks": "0",
                    "key": "0",
                    "u1_vnum": "22001"
                }
            ]
        },
        {
            "vnum": "22001",
            "name": "A Darkened Tunnel",
            "description": "The walls seem to project darkness into this shadowy tunnel making it\nhard to make out any details.  All of the exits lead away into further\ndarkness.  \n",
            "flags": "AD",
            "sector": "0",
            "exits": [
                {
                    "door": "D5",
                    "description": "",
                    "keyword": "",
                    "locks": "0",
                    "key": "0",
                    "u1_vnum": "22008"
                },
                {
                    "door": "D2",
                    "description": "",
                    "keyword": "",
                    "locks": "0",
                    "key": "0",
                    "u1_vnum": "22003"
                },
                {
                    "door": "D1",
                    "description": "",
                    "keyword": "",
                    "locks": "0",
                    "key": "0",
                    "u1_vnum": "22000"
                }
            ]
        },
        {
            "vnum": "22002",
            "name": "A Darkened Tunnel",
            "description": "The great expanse of caverns spreads out before you.  Three posible exits\nlead from this room, each one shrouded in darkness.  \n",
            "flags": "AD",
            "sector": "0",
            "exits": [
                {
                    "door": "D5",
                    "description": "",
                    "keyword": "",
                    "locks": "0",
                    "key": "0",
                    "u1_vnum": "22011"
                },
                {
                    "door": "D2",
                    "description": "",
                    "keyword": "",
                    "locks": "0",
                    "key": "0",
                    "u1_vnum": "22004"
                },
                {
                    "door": "D3",
                    "description": "",
                    "keyword": "",
                    "locks": "0",
                    "key": "0",
                    "u1_vnum": "22000"
                }
            ]
        },
        {
            "vnum": "22003",
            "name": "A Bend in the Tunnel",
            "description": "The tunnel turns here slightly, both directions lead into shadows.  \n",
            "flags": "AD",
            "sector": "0",
            "exits": [
                {
                    "door": "D2",
                    "description": "",
                    "keyword": "",
                    "locks": "0",
                    "key": "0",
                    "u1_vnum": "22005"
                },
                {
                    "door": "D0",
                    "description": "",
                    "keyword": "",
                    "locks": "0",
                    "key": "0",
                    "u1_vnum": "22001"
                }
            ]
        },
        {
            "vnum": "22004",
            "name": "A Bend in the Tunnel",
            "description": "The tunnel turns sharply here.  Directions lead south and north.  \n",
            "flags": "AD",
            "sector": "0",
            "exits": [
                {
                    "door": "D2",
                    "description": "",
                    "keyword": "",
                    "locks": "0",
                    "key": "0",
                    "u1_vnum": "22006"
                },
                {
                    "door": "D0",
                    "description": "",
                    "keyword": "",
                    "locks": "0",
                    "key": "0",
                    "u1_vnum": "22002"
                }
            ]
        },
        {
            "vnum": "22005",
            "name": "A Darkened Tunnel",
            "description": "Blackened tunnels spread out before you.  Exits lead down, east, or\nnorth.  \n",
            "flags": "AD",
            "sector": "0",
            "exits": [
                {
                    "door": "D5",
                    "description": "",
                    "keyword": "",
                    "locks": "0",
                    "key": "0",
                    "u1_vnum": "22024"
                },
                {
                    "door": "D1",
                    "description": "",
                    "keyword": "",
                    "locks": "0",
                    "key": "0",
                    "u1_vnum": "22007"
                },
                {
                    "door": "D0",
                    "description": "",
                    "keyword": "",
                    "locks": "0",
                    "key": "0",
                    "u1_vnum": "22003"
                }
            ]
        },
        {
            "vnum": "22006",
            "name": "A Darkened Tunnel",
            "description": "The total darkness of these corridors is frightening.  For a moment you\nlose your footing and almost slip on something wet.  Holding your light\nclose to the ground you discover a pool of fresh blood.  Exits lead down,\nnorth, and south.  \n",
            "flags": "AD",
            "sector": "0",
            "exits": [
                {
                    "door": "D5",
                    "description": "",
                    "keyword": "",
                    "locks": "0",
                    "key": "0",
                    "u1_vnum": "22014"
                },
                {
                    "door": "D2",
                    "description": "",
                    "keyword": "",
                    "locks": "0",
                    "key": "0",
                    "u1_vnum": "22007"
                },
                {
                    "door": "D0",
                    "description": "",
                    "keyword": "",
                    "locks": "0",
                    "key": "0",
                    "u1_vnum": "22004"
                }
            ]
        },
        {
            "vnum": "22007",
            "name": "A Bend in the Tunnel",
            "description": "The shadowy tunnel continues to the east and west.  \n",
            "flags": "AD",
            "sector": "0",
            "exits": [
                {
                    "door": "D1",
                    "description": "",
                    "keyword": "",
                    "locks": "0",
                    "key": "0",
                    "u1_vnum": "22006"
                },
                {
                    "door": "D3",
                    "description": "",
                    "keyword": "",
                    "locks": "0",
                    "key": "0",
                    "u1_vnum": "22005"
                }
            ]
        },
        {
            "vnum": "22008",
            "name": "A Darkened Tunnel",
            "description": "You stand at the bottom of a flight of stairs.  You are unable to make\nout any details in this poorly lit corridor, however an exit to the\nsouth is noticeable.  \n",
            "flags": "AD",
            "sector": "0",
            "exits": [
                {
                    "door": "D4",
                    "description": "",
                    "keyword": "",
                    "locks": "0",
                    "key": "0",
                    "u1_vnum": "22001"
                },
                {
                    "door": "D2",
                    "description": "",
                    "keyword": "",
                    "locks": "0",
                    "key": "0",
                    "u1_vnum": "22009"
                }
            ]
        },
        {
            "vnum": "22009",
            "name": "A Darkened Tunnel",
            "description": "You stand in a dark tunnel with exits leading two directions into\nblackness.  \n",
            "flags": "AD",
            "sector": "0",
            "exits": [
                {
                    "door": "D3",
                    "description": "",
                    "keyword": "",
                    "locks": "0",
                    "key": "0",
                    "u1_vnum": "22010"
                },
                {
                    "door": "D0",
                    "description": "",
                    "keyword": "",
                    "locks": "0",
                    "key": "0",
                    "u1_vnum": "22008"
                }
            ]
        },
        {
            "vnum": "22010",
            "name": "The End of the Tunnel",
            "description": "This shadowy corridor makes an abrupt stop here, the only exit leading\nback to the east.  \n",
            "flags": "AD",
            "sector": "0",
            "exits": [
                {
                    "door": "D1",
                    "description": "",
                    "keyword": "",
                    "locks": "0",
                    "key": "0",
                    "u1_vnum": "22009"
                }
            ]
        },
        {
            "vnum": "22011",
            "name": "A Darkened Tunnel",
            "description": "A flight of stairs lead into darkness above you while a small tunnel\nheads east into further gloom.  \n",
            "flags": "AD",
            "sector": "0",
            "exits": [
                {
                    "door": "D4",
                    "description": "",
                    "keyword": "",
                    "locks": "0",
                    "key": "0",
                    "u1_vnum": "22002"
                },
                {
                    "door": "D1",
                    "description": "",
                    "keyword": "",
                    "locks": "0",
                    "key": "0",
                    "u1_vnum": "22012"
                }
            ]
        },
        {
            "vnum": "22012",
            "name": "A Darkened Tunnel",
            "description": "The total blackness of the caverns spreads out before you, shadowing\neverything in mystery.  Exits lead west and south.  \n",
            "flags": "AD",
            "sector": "0",
            "exits": [
                {
                    "door": "D2",
                    "description": "",
                    "keyword": "",
                    "locks": "0",
                    "key": "0",
                    "u1_vnum": "22013"
                },
                {
                    "door": "D3",
                    "description": "",
                    "keyword": "",
                    "locks": "0",
                    "key": "0",
                    "u1_vnum": "22011"
                }
            ]
        },
        {
            "vnum": "22013",
            "name": "The End of the Tunnel",
            "description": "You have reached the end of the tunnel with nothing but a blank, stone\nwall standing in your way.  The only exit is back to the north.  \n",
            "flags": "AD",
            "sector": "0",
            "exits": [
                {
                    "door": "D0",
                    "description": "",
                    "keyword": "",
                    "locks": "0",
                    "key": "0",
                    "u1_vnum": "22012"
                }
            ]
        },
        {
            "vnum": "22014",
            "name": "A Dimly Lit Cave",
            "description": "You stand in an enormous cave that spreads out to the south and east.  \n",
            "flags": "AD",
            "sector": "0",
            "exits": [
                {
                    "door": "D1",
                    "description": "",
                    "keyword": "",
                    "locks": "0",
                    "key": "0",
                    "u1_vnum": "22015"
                },
                {
                    "door": "D2",
                    "description": "",
                    "keyword": "",
                    "locks": "0",
                    "key": "0",
                    "u1_vnum": "22016"
                },
                {
                    "door": "D4",
                    "description": "",
                    "keyword": "",
                    "locks": "0",
                    "key": "0",
                    "u1_vnum": "22006"
                }
            ]
        },
        {
            "vnum": "22015",
            "name": "In the Cave",
            "description": "The cave begins to decrease in size at this end.  The ceiling drops at a\nsharp angle forcing you to duck your head.  A small tunnel leads to the\nsouth while the cave continues to the west.  \n",
            "flags": "AD",
            "sector": "0",
            "exits": [
                {
                    "door": "D3",
                    "description": "",
                    "keyword": "",
                    "locks": "0",
                    "key": "0",
                    "u1_vnum": "22014"
                },
                {
                    "door": "D2",
                    "description": "",
                    "keyword": "",
                    "locks": "0",
                    "key": "0",
                    "u1_vnum": "22017"
                }
            ]
        },
        {
            "vnum": "22016",
            "name": "In the Cave",
            "description": "The huge cave ends here in a huge room.  The ceiling towers so far above\nyou that it is nearly impossible to see it.  You stare up into the darkness,\npondering what kind of creatures could be hiding in those shadows.  The only\nexit is north.  \n",
            "flags": "AD",
            "sector": "0",
            "exits": [
                {
                    "door": "D0",
                    "description": "",
                    "keyword": "",
                    "locks": "0",
                    "key": "0",
                    "u1_vnum": "22014"
                }
            ]
        },
        {
            "vnum": "22017",
            "name": "A Darkened Tunnel",
            "description": "The small tunnel twists away through dark corridors, leaving you in\nquestion of your exact location.  The tunnel leads north or south\nfrom here.  \n",
            "flags": "AD",
            "sector": "0",
            "exits": [
                {
                    "door": "D2",
                    "description": "",
                    "keyword": "",
                    "locks": "0",
                    "key": "0",
                    "u1_vnum": "22018"
                },
                {
                    "door": "D0",
                    "description": "",
                    "keyword": "",
                    "locks": "0",
                    "key": "0",
                    "u1_vnum": "22015"
                }
            ]
        },
        {
            "vnum": "22018",
            "name": "A Branch in the Tunnel",
            "description": "The tunnel branches off here in three directions.  You may go north,\neast, or west.  \n",
            "flags": "A",
            "sector": "0",
            "exits": [
                {
                    "door": "D1",
                    "description": "",
                    "keyword": "",
                    "locks": "0",
                    "key": "0",
                    "u1_vnum": "22020"
                },
                {
                    "door": "D3",
                    "description": "",
                    "keyword": "",
                    "locks": "0",
                    "key": "0",
                    "u1_vnum": "22019"
                },
                {
                    "door": "D0",
                    "description": "",
                    "keyword": "",
                    "locks": "0",
                    "key": "0",
                    "u1_vnum": "22017"
                }
            ]
        },
        {
            "vnum": "22019",
            "name": "A Branch in the Tunnel",
            "description": "The tunnel branches off in three directions here again.  Directions lead\nsouth, down, and east.  \n",
            "flags": "A",
            "sector": "0",
            "exits": [
                {
                    "door": "D2",
                    "description": "",
                    "keyword": "",
                    "locks": "0",
                    "key": "0",
                    "u1_vnum": "22021"
                },
                {
                    "door": "D5",
                    "description": "",
                    "keyword": "",
                    "locks": "0",
                    "key": "0",
                    "u1_vnum": "22032"
                },
                {
                    "door": "D1",
                    "description": "",
                    "keyword": "",
                    "locks": "0",
                    "key": "0",
                    "u1_vnum": "22018"
                }
            ]
        },
        {
            "vnum": "22020",
            "name": "A Darkened Tunnel",
            "description": "The shadowy tunnel continues to the south and west.  You find\nyourself praying for the lost light of day as the darkness closes in on your\nsoul.  \n",
            "flags": "AD",
            "sector": "0",
            "exits": [
                {
                    "door": "D2",
                    "description": "",
                    "keyword": "",
                    "locks": "0",
                    "key": "0",
                    "u1_vnum": "22022"
                },
                {
                    "door": "D3",
                    "description": "",
                    "keyword": "",
                    "locks": "0",
                    "key": "0",
                    "u1_vnum": "22018"
                }
            ]
        },
        {
            "vnum": "22021",
            "name": "A Darkened Tunnel",
            "description": "",
            "flags": "A",
            "sector": "0",
            "exits": [
                {
                    "door": "D0",
                    "description": "",
                    "keyword": "",
                    "locks": "0",
                    "key": "0",
                    "u1_vnum": "22019"
                },
                {
                    "door": "D1",
                    "description": "",
                    "keyword": "",
                    "locks": "0",
                    "key": "0",
                    "u1_vnum": "22023"
                },
                {
                    "door": "D3",
                    "description": "",
                    "keyword": "",
                    "locks": "0",
                    "key": "0",
                    "u1_vnum": "22039"
                }
            ]
        },
        {
            "vnum": "22022",
            "name": "A Darkened Tunnel",
            "description": "The caverns continue to spread out before you.  Many times you have found\nyourself wandering in circles only to end up in another room that looks the\nsame as all of the others.  Exits lead north, down, and west from here.\n",
            "flags": "AD",
            "sector": "0",
            "exits": [
                {
                    "door": "D0",
                    "description": "",
                    "keyword": "",
                    "locks": "0",
                    "key": "0",
                    "u1_vnum": "22020"
                },
                {
                    "door": "D5",
                    "description": "",
                    "keyword": "",
                    "locks": "0",
                    "key": "0",
                    "u1_vnum": "22036"
                },
                {
                    "door": "D3",
                    "description": "",
                    "keyword": "",
                    "locks": "0",
                    "key": "0",
                    "u1_vnum": "22023"
                }
            ]
        },
        {
            "vnum": "22023",
            "name": "A Bend in the Tunnel",
            "description": "This small, dark tunnel turns sharply.  The only exits appear to be\neast and west.  \n",
            "flags": "AD",
            "sector": "0",
            "exits": [
                {
                    "door": "D1",
                    "description": "",
                    "keyword": "",
                    "locks": "0",
                    "key": "0",
                    "u1_vnum": "22022"
                },
                {
                    "door": "D3",
                    "description": "",
                    "keyword": "",
                    "locks": "0",
                    "key": "0",
                    "u1_vnum": "22021"
                }
            ]
        },
        {
            "vnum": "22024",
            "name": "A Darkened Tunnel",
            "description": "Th caverns continue to stretch away as you step into this tunnel.  Your\nlight gives away what little details can be found in the room, such as small\nrocks, but nothing out of the ordinary.  You may continue along in this\ntunnel to the west or return to the main tunnel up the stairs.  \n",
            "flags": "AD",
            "sector": "0",
            "exits": [
                {
                    "door": "D3",
                    "description": "",
                    "keyword": "",
                    "locks": "0",
                    "key": "0",
                    "u1_vnum": "22025"
                },
                {
                    "door": "D4",
                    "description": "",
                    "keyword": "",
                    "locks": "0",
                    "key": "0",
                    "u1_vnum": "22005"
                }
            ]
        },
        {
            "vnum": "22025",
            "name": "A Darkened Tunnel",
            "description": "Just like all the other tunnels, the monotony is beginning to get to you.\nDarkness, eternal darkness, for just a second you would love to see the\nlight of day again and get out of thse cramped tunnels.  \n",
            "flags": "AD",
            "sector": "0",
            "exits": [
                {
                    "door": "D1",
                    "description": "",
                    "keyword": "",
                    "locks": "0",
                    "key": "0",
                    "u1_vnum": "22024"
                },
                {
                    "door": "D3",
                    "description": "",
                    "keyword": "",
                    "locks": "0",
                    "key": "0",
                    "u1_vnum": "22026"
                }
            ]
        },
        {
            "vnum": "22026",
            "name": "A Bend in the Tunnel",
            "description": "You've come to a sharp turn in the tunnel.  Exits lead both east and\nnorth into darkness.  \n",
            "flags": "AD",
            "sector": "0",
            "exits": [
                {
                    "door": "D1",
                    "description": "",
                    "keyword": "",
                    "locks": "0",
                    "key": "0",
                    "u1_vnum": "22025"
                },
                {
                    "door": "D0",
                    "description": "",
                    "keyword": "",
                    "locks": "0",
                    "key": "0",
                    "u1_vnum": "22027"
                }
            ]
        },
        {
            "vnum": "22027",
            "name": "A Bend in the Tunnel",
            "description": "The shadowy tunnel bends here, leaving you exits to the north and\nsouth.  \n",
            "flags": "AD",
            "sector": "0",
            "exits": [
                {
                    "door": "D0",
                    "description": "",
                    "keyword": "",
                    "locks": "0",
                    "key": "0",
                    "u1_vnum": "22028"
                },
                {
                    "door": "D2",
                    "description": "",
                    "keyword": "",
                    "locks": "0",
                    "key": "0",
                    "u1_vnum": "22026"
                }
            ]
        },
        {
            "vnum": "22028",
            "name": "A Set of Stairs",
            "description": "You reach the top of a set of stairs.  You hear what sounds like someone\nmoving at the bottom of the steps, but looking into the gloom it is\nimpossible to tell.  \n",
            "flags": "AD",
            "sector": "0",
            "exits": [
                {
                    "door": "D2",
                    "description": "",
                    "keyword": "",
                    "locks": "0",
                    "key": "0",
                    "u1_vnum": "22027"
                },
                {
                    "door": "D5",
                    "description": "",
                    "keyword": "",
                    "locks": "0",
                    "key": "0",
                    "u1_vnum": "22029"
                }
            ]
        },
        {
            "vnum": "22029",
            "name": "The Bottom of the Stairs",
            "description": "Stairs rise up above you into a higher tunnel.  The only exits available\nappear to be up or north.  \n",
            "flags": "AD",
            "sector": "0",
            "exits": [
                {
                    "door": "D4",
                    "description": "",
                    "keyword": "",
                    "locks": "0",
                    "key": "0",
                    "u1_vnum": "22028"
                },
                {
                    "door": "D0",
                    "description": "",
                    "keyword": "",
                    "locks": "0",
                    "key": "0",
                    "u1_vnum": "22030"
                }
            ]
        },
        {
            "vnum": "22030",
            "name": "A Darkened Tunnel",
            "description": "Yet another dark tunnel in what seems like an endless amount of dark\ntunnels.  A low growl is emitted from a room to the east, its inhabitant\nmust not be happy.  \n",
            "flags": "AD",
            "sector": "0",
            "exits": [
                {
                    "door": "D1",
                    "description": "",
                    "keyword": "",
                    "locks": "0",
                    "key": "0",
                    "u1_vnum": "22031"
                },
                {
                    "door": "D2",
                    "description": "",
                    "keyword": "",
                    "locks": "0",
                    "key": "0",
                    "u1_vnum": "22029"
                }
            ]
        },
        {
            "vnum": "22031",
            "name": "A Dead End",
            "description": "This room looks just like all the others except it seems to be serving as\na lair for some animal.  Various bones lie about the room causing you to\nstumble several times.  \n",
            "flags": "AD",
            "sector": "0",
            "exits": [
                {
                    "door": "D3",
                    "description": "",
                    "keyword": "",
                    "locks": "0",
                    "key": "0",
                    "u1_vnum": "22030"
                }
            ]
        },
        {
            "vnum": "22032",
            "name": "A Pitch Black Tunnel",
            "description": "The stench of rotting corpses assaults you, as you step into this tunnel.\nA dim light shines from farther down the tunnel, though you don't think\nwhatever is living here is going to be too friendly.  \n",
            "flags": "AD",
            "sector": "0",
            "exits": [
                {
                    "door": "D4",
                    "description": "",
                    "keyword": "",
                    "locks": "0",
                    "key": "0",
                    "u1_vnum": "22019"
                },
                {
                    "door": "D2",
                    "description": "",
                    "keyword": "",
                    "locks": "0",
                    "key": "0",
                    "u1_vnum": "22033"
                }
            ]
        },
        {
            "vnum": "22033",
            "name": "A Pitch Black Tunnel",
            "description": "The smell grows stronger the farther you walk down this corridor.  An\nunholy laughter echos from farther down the tunnel forcing you to question\nyour bravery.  \n",
            "flags": "AD",
            "sector": "0",
            "exits": [
                {
                    "door": "D0",
                    "description": "",
                    "keyword": "",
                    "locks": "0",
                    "key": "0",
                    "u1_vnum": "22032"
                },
                {
                    "door": "D3",
                    "description": "",
                    "keyword": "",
                    "locks": "0",
                    "key": "0",
                    "u1_vnum": "22034"
                }
            ]
        },
        {
            "vnum": "22034",
            "name": "A Pitch Black Tunnel",
            "description": "The first thing you notice as you step into this room are the pieces of\nflesh that appear freshly torn from a body.  From the horrible death cries\ncoming from the next room, you are quite certain that the flesh was torn\nfrom a still living person.  \n",
            "flags": "AD",
            "sector": "0",
            "exits": [
                {
                    "door": "D3",
                    "description": "",
                    "keyword": "",
                    "locks": "0",
                    "key": "0",
                    "u1_vnum": "22035"
                },
                {
                    "door": "D1",
                    "description": "",
                    "keyword": "",
                    "locks": "0",
                    "key": "0",
                    "u1_vnum": "22033"
                }
            ]
        },
        {
            "vnum": "22035",
            "name": "The Ghoul Lord's Den",
            "description": "A horrid creature stands against the far wall eating a human corpse.  The\namount of blood spilled in the room makes you swoon, and you feel the sudden\ndesire to run as fast as posible away from this monster and its dinner.  \n",
            "flags": "AD",
            "sector": "0",
            "exits": [
                {
                    "door": "D1",
                    "description": "",
                    "keyword": "",
                    "locks": "0",
                    "key": "0",
                    "u1_vnum": "22034"
                }
            ]
        },
        {
            "vnum": "22036",
            "name": "A Pitch Black Tunnel",
            "description": "Yet another dark tunnel guides you through the caverns.  From around the\ncorner comes a slight shimmering light.  \n",
            "flags": "AD",
            "sector": "0",
            "exits": [
                {
                    "door": "D4",
                    "description": "",
                    "keyword": "",
                    "locks": "0",
                    "key": "0",
                    "u1_vnum": "22022"
                },
                {
                    "door": "D2",
                    "description": "",
                    "keyword": "",
                    "locks": "0",
                    "key": "0",
                    "u1_vnum": "22037"
                }
            ]
        },
        {
            "vnum": "22037",
            "name": "A Crystal Cavern",
            "description": "The walls of this cavern are covered in a clear crystaline substance.  A\nfaint light from the west illuminates the cavern in brilliant, flashing\ncolors that nearly blind you.  You may continue towards the light to the\nwest or return to the tunnel to the north.  \n",
            "flags": "AD",
            "sector": "0",
            "exits": [
                {
                    "door": "D3",
                    "description": "",
                    "keyword": "",
                    "locks": "0",
                    "key": "0",
                    "u1_vnum": "22038"
                },
                {
                    "door": "D0",
                    "description": "",
                    "keyword": "",
                    "locks": "0",
                    "key": "0",
                    "u1_vnum": "22036"
                }
            ]
        },
        {
            "vnum": "22038",
            "name": "The Dragon's Lair",
            "description": "Crystaline formations cover the walls of the cavern.  Your light reflects\nbeautiful colors throughout the chamber.  Unfortunately your light also\nilluminates a sleeping dragon.  Perhaps you can sneak away before it notices\nyou.  \n",
            "flags": "AD",
            "sector": "0",
            "exits": [
                {
                    "door": "D1",
                    "description": "",
                    "keyword": "",
                    "locks": "0",
                    "key": "0",
                    "u1_vnum": "22037"
                }
            ]
        },
        {
            "vnum": "22039",
            "name": "A Darkened Tunnel",
            "description": "The tunnel you are in splits away from the main corridor and continues to\nhead in a south direction.  \n",
            "flags": "AD",
            "sector": "0",
            "exits": [
                {
                    "door": "D2",
                    "description": "",
                    "keyword": "",
                    "locks": "0",
                    "key": "0",
                    "u1_vnum": "22040"
                },
                {
                    "door": "D1",
                    "description": "",
                    "keyword": "",
                    "locks": "0",
                    "key": "0",
                    "u1_vnum": "22021"
                }
            ]
        },
        {
            "vnum": "22040",
            "name": "A Darkened Tunnel",
            "description": "The tunnel turns slightly here, granting you exits to the west or\nnorth.  \n",
            "flags": "AD",
            "sector": "0",
            "exits": [
                {
                    "door": "D3",
                    "description": "",
                    "keyword": "",
                    "locks": "0",
                    "key": "0",
                    "u1_vnum": "22041"
                },
                {
                    "door": "D0",
                    "description": "",
                    "keyword": "",
                    "locks": "0",
                    "key": "0",
                    "u1_vnum": "22039"
                }
            ]
        },
        {
            "vnum": "22041",
            "name": "The End of the Tunnel",
            "description": "The tunnel drops sharply here, staring down the tunnel all you can see\nare shadows, though the presence of evil seems to be growing stronger as you\ndescend through the caverns.  \n",
            "flags": "AD",
            "sector": "0",
            "exits": [
                {
                    "door": "D1",
                    "description": "",
                    "keyword": "",
                    "locks": "0",
                    "key": "0",
                    "u1_vnum": "22040"
                },
                {
                    "door": "D5",
                    "description": "",
                    "keyword": "",
                    "locks": "0",
                    "key": "0",
                    "u1_vnum": "22042"
                }
            ]
        },
        {
            "vnum": "22042",
            "name": "A Long Cavern",
            "description": "A long cavern spreads out to the east.  Stalagmites and other various\nrock formations clutter the room to such a degree that it is sometimes hard\nto walk.  \n",
            "flags": "AD",
            "sector": "0",
            "exits": [
                {
                    "door": "D1",
                    "description": "",
                    "keyword": "",
                    "locks": "0",
                    "key": "0",
                    "u1_vnum": "22043"
                },
                {
                    "door": "D4",
                    "description": "",
                    "keyword": "",
                    "locks": "0",
                    "key": "0",
                    "u1_vnum": "22041"
                }
            ]
        },
        {
            "vnum": "22043",
            "name": "A Long Cavern",
            "description": "The cavern continues to your east or west.  The beautiful colors that\nline the rocks sometimes catch your attention, holding your eyes for minutes\nat a time.  Fortunately for you it doesn't appear that anything has planned\nto ambush you here as your attention is focussed on nature's magnificence.  \n",
            "flags": "AD",
            "sector": "0",
            "exits": [
                {
                    "door": "D1",
                    "description": "",
                    "keyword": "",
                    "locks": "0",
                    "key": "0",
                    "u1_vnum": "22044"
                },
                {
                    "door": "D3",
                    "description": "",
                    "keyword": "",
                    "locks": "0",
                    "key": "0",
                    "u1_vnum": "22042"
                }
            ]
        },
        {
            "vnum": "22044",
            "name": "The End of the Cavern",
            "description": "The natural rock formations come to an abrupt stop as you enter this\nroom.  The darkness present in the maze seems to be here to such a degree\nthat you feel blinded by the infinite amount of shadow.  The presence of\nevil continues to grow stronger, you must be getting close.  \n",
            "flags": "AD",
            "sector": "0",
            "exits": [
                {
                    "door": "D3",
                    "description": "",
                    "keyword": "",
                    "locks": "0",
                    "key": "0",
                    "u1_vnum": "22043"
                },
                {
                    "door": "D5",
                    "description": "",
                    "keyword": "",
                    "locks": "0",
                    "key": "0",
                    "u1_vnum": "22045"
                }
            ]
        },
        {
            "vnum": "22045",
            "name": "A Dimly Lit Tunnel",
            "description": "You are nearly overcome with the presence of tremendous evil.  Howls of\ntorment can be heard far off in the distance.  The caverns continue to the\nsouth, but ponder your mortality first, should you continue?  \n",
            "flags": "D",
            "sector": "0",
            "exits": [
                {
                    "door": "D2",
                    "description": "",
                    "keyword": "",
                    "locks": "0",
                    "key": "0",
                    "u1_vnum": "22046"
                },
                {
                    "door": "D4",
                    "description": "",
                    "keyword": "",
                    "locks": "0",
                    "key": "0",
                    "u1_vnum": "22044"
                }
            ]
        },
        {
            "vnum": "22046",
            "name": "A Dimly Lit Tunnel",
            "description": "The sound of rushing water seems to be coming from farther up the\ncorridor.  The evil assaulting your soul continues to get stronger with\nevery step you take.  You feel yourself tense, expecting maybe the ruler of\nhell himself around the corner.  \n",
            "flags": "D",
            "sector": "0",
            "exits": [
                {
                    "door": "D0",
                    "description": "",
                    "keyword": "",
                    "locks": "0",
                    "key": "0",
                    "u1_vnum": "22045"
                },
                {
                    "door": "D1",
                    "description": "",
                    "keyword": "",
                    "locks": "0",
                    "key": "0",
                    "u1_vnum": "22047"
                }
            ]
        },
        {
            "vnum": "22047",
            "name": "A Bend in the Tunnel",
            "description": "The sound of rushing water gets louder, perhaps there is a stream or\nriver up ahead.  This part of the caverns seems to glow with an unholy\nlight, and although it is nice to have light again you start to think you\nprefered the darkness over this.  \n",
            "flags": "D",
            "sector": "0",
            "exits": [
                {
                    "door": "D2",
                    "description": "",
                    "keyword": "",
                    "locks": "0",
                    "key": "0",
                    "u1_vnum": "22048"
                },
                {
                    "door": "D3",
                    "description": "",
                    "keyword": "",
                    "locks": "0",
                    "key": "0",
                    "u1_vnum": "22046"
                }
            ]
        },
        {
            "vnum": "22048",
            "name": "A Dimly Lit Tunnel",
            "description": "Light shines forth from the walls of this room, but it is an unnatural\nand queer light.  The sound of a river is stronger now and you assume that\nit can not be much farther up ahead.  You may continue through the caverns\nto the south or return towards the exit, north.  \n",
            "flags": "D",
            "sector": "0",
            "exits": [
                {
                    "door": "D2",
                    "description": "",
                    "keyword": "",
                    "locks": "0",
                    "key": "0",
                    "u1_vnum": "22049"
                },
                {
                    "door": "D0",
                    "description": "",
                    "keyword": "",
                    "locks": "0",
                    "key": "0",
                    "u1_vnum": "22047"
                }
            ]
        },
        {
            "vnum": "22049",
            "name": "The End of The Caverns",
            "description": "CONGRATULATIONS!!!!  You've found the entrance to the River Styx, and\nHell. I am sure the demons look forward to having you over for dinner.   \n",
            "flags": "D",
            "sector": "0",
            "exits": [
                {
                    "door": "D0",
                    "description": "",
                    "keyword": "",
                    "locks": "0",
                    "key": "0",
                    "u1_vnum": "22048"
                },
                {
                    "door": "D2",
                    "description": "",
                    "keyword": "",
                    "locks": "0",
                    "key": "0",
                    "u1_vnum": "10401"
                }
            ]
        }
    ],
    "specials": [
        {
            "vnum": "22010",
            "spec_fun": "spec_breath_lightning"
        },
        {
            "vnum": "22012",
            "spec_fun": "spec_cast_cleric"
        },
        {
            "vnum": "22015",
            "spec_fun": "spec_cast_mage"
        }
    ],
    "resets": [
        {
            "command": "M",
            "arg1": "22002",
            "arg2": "10",
            "arg3": "22001",
            "arg4": "1"
        },
        {
            "command": "M",
            "arg1": "22013",
            "arg2": "1",
            "arg3": "22002",
            "arg4": "1"
        },
        {
            "command": "E",
            "arg1": "22003",
            "arg2": "0",
            "arg3": "5"
        },
        {
            "command": "E",
            "arg1": "22011",
            "arg2": "0",
            "arg3": "16"
        },
        {
            "command": "M",
            "arg1": "22007",
            "arg2": "5",
            "arg3": "22003",
            "arg4": "1"
        },
        {
            "command": "M",
            "arg1": "22002",
            "arg2": "10",
            "arg3": "22004",
            "arg4": "1"
        },
        {
            "command": "M",
            "arg1": "22007",
            "arg2": "5",
            "arg3": "22004",
            "arg4": "1"
        },
        {
            "command": "M",
            "arg1": "22014",
            "arg2": "1",
            "arg3": "22006",
            "arg4": "1"
        },
        {
            "command": "E",
            "arg1": "22005",
            "arg2": "0",
            "arg3": "14"
        },
        {
            "command": "M",
            "arg1": "22002",
            "arg2": "10",
            "arg3": "22007",
            "arg4": "1"
        },
        {
            "command": "M",
            "arg1": "22007",
            "arg2": "5",
            "arg3": "22008",
            "arg4": "1"
        },
        {
            "command": "M",
            "arg1": "22006",
            "arg2": "5",
            "arg3": "22009",
            "arg4": "1"
        },
        {
            "command": "M",
            "arg1": "22007",
            "arg2": "5",
            "arg3": "22011",
            "arg4": "1"
        },
        {
            "command": "M",
            "arg1": "22002",
            "arg2": "10",
            "arg3": "22012",
            "arg4": "1"
        },
        {
            "command": "M",
            "arg1": "22006",
            "arg2": "5",
            "arg3": "22012",
            "arg4": "1"
        },
        {
            "command": "M",
            "arg1": "22004",
            "arg2": "3",
            "arg3": "22013",
            "arg4": "1"
        },
        {
            "command": "M",
            "arg1": "22007",
            "arg2": "5",
            "arg3": "22014",
            "arg4": "1"
        },
        {
            "command": "M",
            "arg1": "22004",
            "arg2": "3",
            "arg3": "22016",
            "arg4": "1"
        },
        {
            "command": "M",
            "arg1": "22002",
            "arg2": "10",
            "arg3": "22017",
            "arg4": "1"
        },
        {
            "command": "M",
            "arg1": "22005",
            "arg2": "5",
            "arg3": "22018",
            "arg4": "1"
        },
        {
            "command": "M",
            "arg1": "22002",
            "arg2": "10",
            "arg3": "22020",
            "arg4": "1"
        },
        {
            "command": "M",
            "arg1": "22015",
            "arg2": "1",
            "arg3": "22020",
            "arg4": "1"
        },
        {
            "command": "E",
            "arg1": "22004",
            "arg2": "0",
            "arg3": "1"
        },
        {
            "command": "M",
            "arg1": "22006",
            "arg2": "5",
            "arg3": "22021",
            "arg4": "1"
        },
        {
            "command": "M",
            "arg1": "22005",
            "arg2": "5",
            "arg3": "22022",
            "arg4": "1"
        },
        {
            "command": "M",
            "arg1": "22003",
            "arg2": "2",
            "arg3": "22023",
            "arg4": "1"
        },
        {
            "command": "M",
            "arg1": "22002",
            "arg2": "10",
            "arg3": "22024",
            "arg4": "1"
        },
        {
            "command": "M",
            "arg1": "22012",
            "arg2": "1",
            "arg3": "22029",
            "arg4": "1"
        },
        {
            "command": "E",
            "arg1": "22002",
            "arg2": "0",
            "arg3": "7"
        },
        {
            "command": "G",
            "arg1": "22010",
            "arg2": "0"
        },
        {
            "command": "M",
            "arg1": "22011",
            "arg2": "1",
            "arg3": "22031",
            "arg4": "1"
        },
        {
            "command": "E",
            "arg1": "22008",
            "arg2": "0",
            "arg3": "3"
        },
        {
            "command": "M",
            "arg1": "22005",
            "arg2": "5",
            "arg3": "22032",
            "arg4": "1"
        },
        {
            "command": "M",
            "arg1": "22002",
            "arg2": "10",
            "arg3": "22033",
            "arg4": "1"
        },
        {
            "command": "M",
            "arg1": "22005",
            "arg2": "5",
            "arg3": "22034",
            "arg4": "1"
        },
        {
            "command": "M",
            "arg1": "22009",
            "arg2": "1",
            "arg3": "22035",
            "arg4": "1"
        },
        {
            "command": "E",
            "arg1": "22007",
            "arg2": "0",
            "arg3": "17"
        },
        {
            "command": "M",
            "arg1": "22004",
            "arg2": "3",
            "arg3": "22036",
            "arg4": "1"
        },
        {
            "command": "M",
            "arg1": "22010",
            "arg2": "1",
            "arg3": "22038",
            "arg4": "1"
        },
        {
            "command": "G",
            "arg1": "22000",
            "arg2": "0"
        },
        {
            "command": "M",
            "arg1": "22005",
            "arg2": "5",
            "arg3": "22039",
            "arg4": "1"
        },
        {
            "command": "M",
            "arg1": "22003",
            "arg2": "2",
            "arg3": "22040",
            "arg4": "1"
        },
        {
            "command": "M",
            "arg1": "22006",
            "arg2": "5",
            "arg3": "22040",
            "arg4": "1"
        },
        {
            "command": "M",
            "arg1": "22002",
            "arg2": "10",
            "arg3": "22041",
            "arg4": "1"
        },
        {
            "command": "M",
            "arg1": "22008",
            "arg2": "5",
            "arg3": "22041",
            "arg4": "1"
        },
        {
            "command": "E",
            "arg1": "22006",
            "arg2": "0",
            "arg3": "16"
        },
        {
            "command": "M",
            "arg1": "22006",
            "arg2": "5",
            "arg3": "22043",
            "arg4": "1"
        },
        {
            "command": "M",
            "arg1": "22008",
            "arg2": "5",
            "arg3": "22043",
            "arg4": "1"
        },
        {
            "command": "E",
            "arg1": "22006",
            "arg2": "0",
            "arg3": "16"
        },
        {
            "command": "M",
            "arg1": "22008",
            "arg2": "5",
            "arg3": "22045",
            "arg4": "1"
        },
        {
            "command": "E",
            "arg1": "22006",
            "arg2": "0",
            "arg3": "16"
        },
        {
            "command": "M",
            "arg1": "22002",
            "arg2": "10",
            "arg3": "22046",
            "arg4": "1"
        },
        {
            "command": "M",
            "arg1": "22008",
            "arg2": "5",
            "arg3": "22047",
            "arg4": "1"
        },
        {
            "command": "E",
            "arg1": "22006",
            "arg2": "0",
            "arg3": "16"
        },
        {
            "command": "M",
            "arg1": "22008",
            "arg2": "5",
            "arg3": "22049",
            "arg4": "1"
        },
        {
            "command": "E",
            "arg1": "22006",
            "arg2": "0",
            "arg3": "16"
        }
    ],
    "shops": [],
    "omprogs": [
        {
            "command": "O",
            "vnum": "22000",
            "progtype": "wear_prog",
            "progname": "wear_prog_girdle_giant"
        },
        {
            "command": "O",
            "vnum": "22000",
            "progtype": "remove_prog",
            "progname": "remove_prog_girdle_giant"
        }
    ],
    "olimits": [
        {
            "vnum": "22005",
            "limit": "3"
        },
        {
            "vnum": "22007",
            "limit": "2"
        },
        {
            "vnum": "22000",
            "limit": "2"
        }
    ]
}