{
    "area": {
        "file": "Yggdrasil",
        "name": "tree.are",
        "low_range": "15",
        "high_range": "50",
        "writer": "Glop",
        "credits": "Yggdrasil",
        "min_vnum": "2900",
        "max_vnum": "2999"
    },
    "mobiles": [
        {
            "vnum": "2900",
            "name": "hollyphant",
            "short_description": "a Hollyphant",
            "long_description": "A Hollyphant is delivering a message here.\n",
            "description": "It looks like a large, winged, furry elephant.  It emits an aura of goodness.\n",
            "race": "dragon",
            "act": "AG",
            "affected_by": "D",
            "alignment": "1000",
            "group": "2900",
            "level": "16",
            "hitroll": "0",
            "hit_dice": "3d9+233",
            "mana_dice": "159d1+1",
            "dam_dice": "1d12+3",
            "dam_type": "crush",
            "ac_pierce": "-2",
            "ac_bash": "-2",
            "ac_slash": "-2",
            "ac_exotic": "5",
            "off_flags": "CDF",
            "imm_flags": "0",
            "res_flags": "0",
            "vuln_flags": "0",
            "start_pos": "stand",
            "default_pos": "stand",
            "sex": "either",
            "wealth": "2000",
            "form": "0",
            "parts": "0",
            "size": "medium",
            "material": "0"
        },
        {
            "vnum": "2901",
            "name": "planetar",
            "short_description": "a planetar",
            "long_description": "A planetar is here watching out for his masters interest.\n",
            "description": "Humanoid in appearance, the planetar has wings and is\nhairless.  He is on a mission from his deity.\n",
            "race": "human",
            "act": "ABG",
            "affected_by": "BCDH",
            "alignment": "900",
            "group": "2901",
            "level": "30",
            "hitroll": "0",
            "hit_dice": "6d12+778",
            "mana_dice": "299d1+1",
            "dam_dice": "5d4+7",
            "dam_type": "punch",
            "ac_pierce": "-9",
            "ac_bash": "-9",
            "ac_slash": "-9",
            "ac_exotic": "6",
            "off_flags": "CDFK",
            "imm_flags": "0",
            "res_flags": "0",
            "vuln_flags": "0",
            "start_pos": "stand",
            "default_pos": "stand",
            "sex": "either",
            "wealth": "4500",
            "form": "0",
            "parts": "0",
            "size": "medium",
            "material": "0"
        },
        {
            "vnum": "2902",
            "name": "shedu",
            "short_description": "a Shedu",
            "long_description": "A Shedu is here fighting evil.\n",
            "description": "Half man, half beast.  The Shedu is out looking for evil anywhere it may be \nand it will hunt down until death is the result.\n",
            "race": "human",
            "act": "AG",
            "affected_by": "F",
            "alignment": "850",
            "group": "2902",
            "level": "25",
            "hitroll": "0",
            "hit_dice": "5d10+550",
            "mana_dice": "249d1+1",
            "dam_dice": "2d10+7",
            "dam_type": "pierce",
            "ac_pierce": "-7",
            "ac_bash": "-7",
            "ac_slash": "-7",
            "ac_exotic": "6",
            "off_flags": "CDFJ",
            "imm_flags": "0",
            "res_flags": "0",
            "vuln_flags": "0",
            "start_pos": "stand",
            "default_pos": "stand",
            "sex": "either",
            "wealth": "500",
            "form": "0",
            "parts": "0",
            "size": "medium",
            "material": "0"
        },
        {
            "vnum": "2903",
            "name": "dretch demon",
            "short_description": "a dretch",
            "long_description": "A dretch is here slobbering on you.\n",
            "description": "A pathetic, slobbering thing.  The dretch is constantly picked on by its more \npowerful, demon brothers.\n",
            "race": "bear",
            "act": "ABGH",
            "affected_by": "DF",
            "alignment": "-800",
            "group": "2903",
            "level": "10",
            "hitroll": "0",
            "hit_dice": "2d7+121",
            "mana_dice": "99d1+1",
            "dam_dice": "2d4+2",
            "dam_type": "punch",
            "ac_pierce": "1",
            "ac_bash": "1",
            "ac_slash": "1",
            "ac_exotic": "8",
            "off_flags": "CDF",
            "imm_flags": "0",
            "res_flags": "0",
            "vuln_flags": "0",
            "start_pos": "stand",
            "default_pos": "stand",
            "sex": "either",
            "wealth": "800",
            "form": "0",
            "parts": "0",
            "size": "medium",
            "material": "0"
        },
        {
            "vnum": "2904",
            "name": "chasme fly demon",
            "short_description": "a chasme",
            "long_description": "A chasme is flying around here.\n",
            "description": "The chasme or fly demon is half-human and half-fly.  They dont like anyone, \nnot even other demons.\n",
            "race": "human",
            "act": "ACG",
            "affected_by": "DF",
            "alignment": "-900",
            "group": "2904",
            "level": "20",
            "hitroll": "0",
            "hit_dice": "3d9+308",
            "mana_dice": "199d1+1",
            "dam_dice": "3d4+4",
            "dam_type": "pound",
            "ac_pierce": "-4",
            "ac_bash": "-4",
            "ac_slash": "-4",
            "ac_exotic": "2",
            "off_flags": "CDEFIKN",
            "imm_flags": "0",
            "res_flags": "0",
            "vuln_flags": "C",
            "start_pos": "stand",
            "default_pos": "stand",
            "sex": "either",
            "wealth": "2000",
            "form": "0",
            "parts": "0",
            "size": "medium",
            "material": "0"
        },
        {
            "vnum": "2905",
            "name": "babau ebony",
            "short_description": "a babau",
            "long_description": "A babau is standing here looking for food.\n",
            "description": "The babau or one-horned horror is a demon of considerable fright. He appears\na skeleton with a black leather jumpsuit on.  He is constantly searching\nfor flesh to eat.\n",
            "race": "human",
            "act": "AG",
            "affected_by": "H",
            "alignment": "-1000",
            "group": "2905",
            "level": "15",
            "hitroll": "0",
            "hit_dice": "3d9+208",
            "mana_dice": "149d1+1",
            "dam_dice": "2d6+3",
            "dam_type": "punch",
            "ac_pierce": "-2",
            "ac_bash": "-2",
            "ac_slash": "-2",
            "ac_exotic": "7",
            "off_flags": "EF",
            "imm_flags": "0",
            "res_flags": "0",
            "vuln_flags": "0",
            "start_pos": "stand",
            "default_pos": "stand",
            "sex": "either",
            "wealth": "1400",
            "form": "0",
            "parts": "0",
            "size": "medium",
            "material": "0"
        },
        {
            "vnum": "2906",
            "name": "yagnodemon demon",
            "short_description": "a yagnodemon",
            "long_description": "A yagnodemon is here flexing his giant-sized arm.\n",
            "description": "The yagnodemon has one man-sized and one giant-sized arm. With the giant-sized \narm it can wield huge weapons.  He is not in a good mood right now.\n",
            "race": "human",
            "act": "ACG",
            "affected_by": "DEF",
            "alignment": "-950",
            "group": "2906",
            "level": "25",
            "hitroll": "0",
            "hit_dice": "5d10+500",
            "mana_dice": "249d1+1",
            "dam_dice": "4d4+6",
            "dam_type": "smash",
            "ac_pierce": "-7",
            "ac_bash": "-7",
            "ac_slash": "-7",
            "ac_exotic": "8",
            "off_flags": "DFJ",
            "imm_flags": "0",
            "res_flags": "0",
            "vuln_flags": "0",
            "start_pos": "stand",
            "default_pos": "stand",
            "sex": "either",
            "wealth": "2900",
            "form": "0",
            "parts": "0",
            "size": "medium",
            "material": "0"
        },
        {
            "vnum": "2907",
            "name": "kostchtchie demon kost",
            "short_description": "Kostchtchie",
            "long_description": "Kostchtchie is here resting on his journey of evil.\n",
            "description": "Kostchtchie a powerful demon lord is here.  Obviously derived from giant stock, \nhe is very powerful.  And he does not like to be interrupted.\n",
            "race": "human",
            "act": "ABEFG",
            "affected_by": "DFH",
            "alignment": "-1000",
            "group": "2907",
            "level": "40",
            "hitroll": "0",
            "hit_dice": "15d10+1800",
            "mana_dice": "399d1+1",
            "dam_dice": "4d8+11",
            "dam_type": "chill",
            "ac_pierce": "-13",
            "ac_bash": "-13",
            "ac_slash": "-13",
            "ac_exotic": "4",
            "off_flags": "FI",
            "imm_flags": "AB",
            "res_flags": "0",
            "vuln_flags": "0",
            "start_pos": "stand",
            "default_pos": "stand",
            "sex": "either",
            "wealth": "6900",
            "form": "0",
            "parts": "0",
            "size": "medium",
            "material": "0"
        },
        {
            "vnum": "2908",
            "name": "nabassu demon",
            "short_description": "a nabassu",
            "long_description": "A nabassu is here looking to upgrade his status.\n",
            "description": "A tall, thin demon, the nabassu are very bat-like in appearance.  \nHe seems to have an intense interest in you.\n",
            "race": "human",
            "act": "ACG",
            "affected_by": "D",
            "alignment": "-950",
            "group": "2908",
            "level": "15",
            "hitroll": "0",
            "hit_dice": "2d10+190",
            "mana_dice": "149d1+1",
            "dam_dice": "1d10+3",
            "dam_type": "slap",
            "ac_pierce": "-1",
            "ac_bash": "-1",
            "ac_slash": "-1",
            "ac_exotic": "2",
            "off_flags": "FI",
            "imm_flags": "0",
            "res_flags": "0",
            "vuln_flags": "D",
            "start_pos": "stand",
            "default_pos": "stand",
            "sex": "either",
            "wealth": "1120",
            "form": "0",
            "parts": "0",
            "size": "medium",
            "material": "0"
        },
        {
            "vnum": "2909",
            "name": "dragon cloud",
            "short_description": "a cloud dragon",
            "long_description": "A cloud dragon is here wanting to be left alone.\n",
            "description": "This dragon is as large as a red dragon, but does not like to get involved \nin the struggle between good and evil.  It wants to be left alone.\n",
            "race": "dragon",
            "act": "ABG",
            "affected_by": "DFH",
            "alignment": "0",
            "group": "2909",
            "level": "35",
            "hitroll": "0",
            "hit_dice": "10d10+1100",
            "mana_dice": "349d1+1",
            "dam_dice": "4d7+9",
            "dam_type": "bite",
            "ac_pierce": "-11",
            "ac_bash": "-11",
            "ac_slash": "-11",
            "ac_exotic": "5",
            "off_flags": "FIKLN",
            "imm_flags": "0",
            "res_flags": "0",
            "vuln_flags": "0",
            "start_pos": "stand",
            "default_pos": "stand",
            "sex": "either",
            "wealth": "8000",
            "form": "0",
            "parts": "0",
            "size": "large",
            "material": "0"
        },
        {
            "vnum": "2910",
            "name": "solar",
            "short_description": "a solar",
            "long_description": "A solar is here contemplating the fight against evil.\n",
            "description": "A beautiful being, the solar is totally dedicated to the continuation \nof the good beings.\n",
            "race": "human",
            "act": "ABG",
            "affected_by": "CDFH",
            "alignment": "1000",
            "group": "2910",
            "level": "47",
            "hitroll": "0",
            "hit_dice": "25d10+3500",
            "mana_dice": "469d1+1",
            "dam_dice": "8d4+16",
            "dam_type": "slash",
            "ac_pierce": "-17",
            "ac_bash": "-17",
            "ac_slash": "-17",
            "ac_exotic": "0",
            "off_flags": "FI",
            "imm_flags": "0",
            "res_flags": "0",
            "vuln_flags": "0",
            "start_pos": "stand",
            "default_pos": "stand",
            "sex": "either",
            "wealth": "8000",
            "form": "0",
            "parts": "0",
            "size": "medium",
            "material": "0"
        },
        {
            "vnum": "2911",
            "name": "wemic",
            "short_description": "a wemic",
            "long_description": "A wemic is hunting here.\n",
            "description": "Part man, part lion, and part horse; the wemic is a creature \nnot to be taken lightly.\n",
            "race": "bear",
            "act": "AC",
            "affected_by": "F",
            "alignment": "100",
            "group": "2911",
            "level": "10",
            "hitroll": "0",
            "hit_dice": "2d7+121",
            "mana_dice": "99d1+1",
            "dam_dice": "2d4+2",
            "dam_type": "punch",
            "ac_pierce": "1",
            "ac_bash": "1",
            "ac_slash": "1",
            "ac_exotic": "8",
            "off_flags": "ABC",
            "imm_flags": "0",
            "res_flags": "0",
            "vuln_flags": "0",
            "start_pos": "stand",
            "default_pos": "stand",
            "sex": "either",
            "wealth": "800",
            "form": "0",
            "parts": "0",
            "size": "medium",
            "material": "0"
        },
        {
            "vnum": "2912",
            "name": "frost giant",
            "short_description": "a frost giant",
            "long_description": "A frost giant is here looking for treasure.\n",
            "description": "Large members of the giant family, the frost giants are ravenous collectors \nof treasure.  They dont like to share this treasure with anyone.\n",
            "race": "giant",
            "act": "ABFG",
            "affected_by": "DF",
            "alignment": "-300",
            "group": "2912",
            "level": "25",
            "hitroll": "0",
            "hit_dice": "5d10+550",
            "mana_dice": "249d1+1",
            "dam_dice": "2d10+7",
            "dam_type": "grep",
            "ac_pierce": "-7",
            "ac_bash": "-7",
            "ac_slash": "-7",
            "ac_exotic": "6",
            "off_flags": "FJKN",
            "imm_flags": "AB",
            "res_flags": "0",
            "vuln_flags": "0",
            "start_pos": "stand",
            "default_pos": "stand",
            "sex": "male",
            "wealth": "3400",
            "form": "0",
            "parts": "0",
            "size": "large",
            "material": "0"
        },
        {
            "vnum": "2913",
            "name": "gorgimera",
            "short_description": "a gorgimera",
            "long_description": "A gorgimera is here flexing its wings.\n",
            "description": "This three-headed monster is waiting to rip the head off of its latest victim\nto add to its collection.  Watch out for that breath attack.\n",
            "race": "dragon",
            "act": "ABFG",
            "affected_by": "D",
            "alignment": "-750",
            "group": "2913",
            "level": "20",
            "hitroll": "0",
            "hit_dice": "3d9+300",
            "mana_dice": "199d1+1",
            "dam_dice": "2d8+2",
            "dam_type": "claw",
            "ac_pierce": "-4",
            "ac_bash": "-4",
            "ac_slash": "-4",
            "ac_exotic": "7",
            "off_flags": "FIKN",
            "imm_flags": "AB",
            "res_flags": "0",
            "vuln_flags": "0",
            "start_pos": "stand",
            "default_pos": "stand",
            "sex": "either",
            "wealth": "2500",
            "form": "0",
            "parts": "0",
            "size": "large",
            "material": "0"
        },
        {
            "vnum": "2914",
            "name": "ratatosk",
            "short_description": "Ratatosk",
            "long_description": "Ratatosk is here delivering the Gods messages.\n",
            "description": "You see a giant squirrel carrying greetings and tidings from the various \ndeities residing in these realms.  He does not want to be delayed in his task.\n",
            "race": "human",
            "act": "ACG",
            "affected_by": "CDFH",
            "alignment": "200",
            "group": "2914",
            "level": "35",
            "hitroll": "0",
            "hit_dice": "10d10+1300",
            "mana_dice": "349d1+1",
            "dam_dice": "4d7+11",
            "dam_type": "punch",
            "ac_pierce": "-11",
            "ac_bash": "-11",
            "ac_slash": "-11",
            "ac_exotic": "5",
            "off_flags": "CDEFJKN",
            "imm_flags": "0",
            "res_flags": "0",
            "vuln_flags": "0",
            "start_pos": "stand",
            "default_pos": "stand",
            "sex": "male",
            "wealth": "6700",
            "form": "0",
            "parts": "0",
            "size": "large",
            "material": "0"
        }
    ],
    "objects": [
        {
            "vnum": "2900",
            "name": "polearm body wrecker",
            "short_description": "a body-wrecker",
            "description": "A body-wrecker polearm lies here.",
            "material": "steel",
            "type": "weapon",
            "extra_flags": "0",
            "wear_flags": "AN",
            "values": "polearm 5 6 cleave 0",
            "level": "23",
            "weight": "270",
            "cost": "6334",
            "condition": "G"
        },
        {
            "vnum": "2901",
            "name": "hammer iron",
            "short_description": "a huge hammer of cold iron",
            "description": "A hammer of iron with silver and nickel detail lies here.",
            "material": "iron",
            "type": "weapon",
            "extra_flags": "EJ",
            "wear_flags": "AN",
            "values": "mace 5 9 pound 0",
            "level": "38",
            "weight": "250",
            "cost": "16400",
            "condition": "G"
        },
        {
            "vnum": "2902",
            "name": "bastard sword",
            "short_description": "a holy bastard sword",
            "description": "A beautiful sword lies on the ground here.",
            "material": "steel",
            "type": "weapon",
            "extra_flags": "AGIK",
            "wear_flags": "AN",
            "values": "sword 5 7 pierce 0",
            "level": "28",
            "weight": "190",
            "cost": "9000",
            "condition": "G",
            "affects_a": [
                {
                    "location": "13",
                    "modifier": "25"
                },
                {
                    "location": "18",
                    "modifier": "2"
                },
                {
                    "location": "19",
                    "modifier": "4"
                },
                {
                    "location": "24",
                    "modifier": "2"
                }
            ]
        },
        {
            "vnum": "2903",
            "name": "looking glass",
            "short_description": "a looking glass",
            "description": "A looking glass lies here.",
            "material": "glass",
            "type": "wand",
            "extra_flags": "G",
            "wear_flags": "AO",
            "values": "20 7 7 'identify' 0",
            "level": "8",
            "weight": "20",
            "cost": "1219",
            "condition": "G"
        },
        {
            "vnum": "2904",
            "name": "cloudy staff",
            "short_description": "a cloudy glass staff",
            "description": "A staff made of cloudy glass lies here.",
            "material": "glass",
            "type": "staff",
            "extra_flags": "F",
            "wear_flags": "AO",
            "values": "40 8 8 'sleep' 0",
            "level": "23",
            "weight": "60",
            "cost": "7580",
            "condition": "G"
        },
        {
            "vnum": "2905",
            "name": "crystal sleeves",
            "short_description": "a set of sleeves of crystal",
            "description": "Some sleeves made of crystal lie here.",
            "material": "quartz",
            "type": "armor",
            "extra_flags": "AFK",
            "wear_flags": "AI",
            "values": "13 13 13 2 2",
            "level": "46",
            "weight": "100",
            "cost": "22500",
            "condition": "G",
            "affects_a": [
                {
                    "location": "19",
                    "modifier": "3"
                },
                {
                    "location": "20",
                    "modifier": "2"
                }
            ]
        },
        {
            "vnum": "2906",
            "name": "sparkling green",
            "short_description": "a sparkling green potion",
            "description": "A green potion is lying here sparkling.",
            "material": "energy",
            "type": "potion",
            "extra_flags": "AG",
            "wear_flags": "AO",
            "values": "10 'detect invis' 'detect magic' 'detect poison' 'detect evil'",
            "level": "23",
            "weight": "10",
            "cost": "4580",
            "condition": "G"
        },
        {
            "vnum": "2907",
            "name": "paper triangle",
            "short_description": "a paper triangle",
            "description": "A piece of paper in the shape of a triangle is here.",
            "material": "paper",
            "type": "scroll",
            "extra_flags": "F",
            "wear_flags": "A",
            "values": "50 'armor' 'bless' 'fly' 'stone skin'",
            "level": "22",
            "weight": "12",
            "cost": "6700",
            "condition": "G"
        },
        {
            "vnum": "2908",
            "name": "hollyphant tusk",
            "short_description": "a hollyphant tusk",
            "description": "A tusk of a hollyphant lies here.",
            "material": "bone",
            "type": "wand",
            "extra_flags": "AGK",
            "wear_flags": "AO",
            "values": "19 3 3 'haste' 0",
            "level": "14",
            "weight": "10",
            "cost": "2160",
            "condition": "G"
        },
        {
            "vnum": "2909",
            "name": "girth cast iron",
            "short_description": "a cast iron girth",
            "description": "A cast iron girth lies here.",
            "material": "iron",
            "type": "armor",
            "extra_flags": "BG",
            "wear_flags": "AL",
            "values": "9 9 9 1 3",
            "level": "23",
            "weight": "180",
            "cost": "11230",
            "condition": "G",
            "affects_a": [
                {
                    "location": "3",
                    "modifier": "-4"
                }
            ]
        },
        {
            "vnum": "2910",
            "name": "sparkling pink",
            "short_description": "a sparkling pink potion",
            "description": "A pink potion is lying here sparkling.",
            "material": "energy",
            "type": "potion",
            "extra_flags": "AG",
            "wear_flags": "A",
            "values": "10 'detect invis' 'detect magic' 'detect poison' 'detect good'",
            "level": "13",
            "weight": "10",
            "cost": "4580",
            "condition": "G"
        }
    ],
    "rooms": [
        {
            "vnum": "2900",
            "name": "The Entrance to Yggdrasil",
            "description": "This is the entrance to Yggdrasil, the World Ash.  Through\nthis tree are conduits to many other planes of existence.\n     There is a small (Glowing) (Huming) tablet.\n",
            "flags": "0",
            "sector": "3",
            "exits": [
                {
                    "door": "D2",
                    "description": "",
                    "keyword": "",
                    "locks": "1",
                    "key": "-1",
                    "u1_vnum": "6346"
                },
                {
                    "door": "D4",
                    "description": "You see the trunk rising up into the sky.\n",
                    "keyword": "",
                    "locks": "1",
                    "key": "-1",
                    "u1_vnum": "2901"
                },
                {
                    "door": "D5",
                    "description": "You see the trunk descending down into the depths of the earth.\n",
                    "keyword": "",
                    "locks": "1",
                    "key": "-1",
                    "u1_vnum": "2907"
                }
            ],
            "extra_descriptions": [
                {
                    "keyword": "small tablet",
                    "description": "++++++++++++++++++++++++++++++++++++++++++++++++++++++++++++++++++++++\n+                                                                    +\n+   This area has been groked, modified, debugged (?:) and adapted   +\n+                     in friday's night, june'96                     +\n+                           by jaceks                                +\n+                                                                    +\n++++++++++++++++++++++++++++++++++++++++++++++++++++++++++++++++++++++\n"
                }
            ]
        },
        {
            "vnum": "2901",
            "name": "The Trunk of Yggdrasil",
            "description": "You are traveling in Yggdrasil, the World Ash.  Who knows\nwhat other travelers you may encounter.\n",
            "flags": "0",
            "sector": "3",
            "exits": [
                {
                    "door": "D4",
                    "description": "The trunk continues to go up here.\n",
                    "keyword": "",
                    "locks": "0",
                    "key": "-1",
                    "u1_vnum": "2902"
                },
                {
                    "door": "D5",
                    "description": "The entrance to the tree is below.\n",
                    "keyword": "",
                    "locks": "0",
                    "key": "-1",
                    "u1_vnum": "2900"
                }
            ]
        },
        {
            "vnum": "2902",
            "name": "The Lower Trunk of Yggrasil",
            "description": "You are in the lower reaches of Yggdrasil.  The tree top cannot be seen.\nLesser astral travelers can be seen moving about.\n",
            "flags": "0",
            "sector": "3",
            "exits": [
                {
                    "door": "D0",
                    "description": "A limb branches off in this direction.\n",
                    "keyword": "",
                    "locks": "0",
                    "key": "-1",
                    "u1_vnum": "2903"
                },
                {
                    "door": "D1",
                    "description": "A limb branches off in this direction.\n",
                    "keyword": "",
                    "locks": "0",
                    "key": "-1",
                    "u1_vnum": "2906"
                },
                {
                    "door": "D2",
                    "description": "A limb branches off in this direction.\n",
                    "keyword": "",
                    "locks": "0",
                    "key": "-1",
                    "u1_vnum": "2911"
                },
                {
                    "door": "D3",
                    "description": "A limb branches off in this direction.\n",
                    "keyword": "",
                    "locks": "0",
                    "key": "-1",
                    "u1_vnum": "2905"
                },
                {
                    "door": "D4",
                    "description": "The trunk continues up the tree.\n",
                    "keyword": "",
                    "locks": "0",
                    "key": "-1",
                    "u1_vnum": "2917"
                },
                {
                    "door": "D5",
                    "description": "The way down the tree is this way.\n",
                    "keyword": "",
                    "locks": "0",
                    "key": "-1",
                    "u1_vnum": "2901"
                }
            ]
        },
        {
            "vnum": "2903",
            "name": "A Lower Branch of Yggdrasil",
            "description": "You are on a limb on the lower level of Yggdrasil.\n",
            "flags": "0",
            "sector": "3",
            "exits": [
                {
                    "door": "D2",
                    "description": "The main trunk is in this direction.\n",
                    "keyword": "",
                    "locks": "0",
                    "key": "-1",
                    "u1_vnum": "2902"
                }
            ]
        },
        {
            "vnum": "2904",
            "name": "The Crest of Yggdrasil",
            "description": "You are on the top of the World Ash.  You can see in the distance many\nrealms and dimensions.  This is definitely a crossroads to the gods.\n",
            "flags": "0",
            "sector": "3",
            "exits": [
                {
                    "door": "D5",
                    "description": "The way down the trunk of Yggdrasil lies this way.\n",
                    "keyword": "",
                    "locks": "0",
                    "key": "-1",
                    "u1_vnum": "2918"
                }
            ]
        },
        {
            "vnum": "2905",
            "name": "A Lower Branch of Yggdrasil",
            "description": "You are on a limb on the lower level of Yggdrasil.\n",
            "flags": "0",
            "sector": "3",
            "exits": [
                {
                    "door": "D1",
                    "description": "The main trunk is in this direction.\n",
                    "keyword": "",
                    "locks": "0",
                    "key": "-1",
                    "u1_vnum": "2902"
                }
            ]
        },
        {
            "vnum": "2906",
            "name": "A Lower Branch of Yggdrasil",
            "description": "You are on a limb on the lower level of Yggdrasil.\n",
            "flags": "0",
            "sector": "3",
            "exits": [
                {
                    "door": "D3",
                    "description": "The main trunk is in this direction.\n",
                    "keyword": "",
                    "locks": "0",
                    "key": "-1",
                    "u1_vnum": "2902"
                }
            ]
        },
        {
            "vnum": "2907",
            "name": "The Roots of Yggdrasil",
            "description": "You are under the ground among the roots of Yggdrasil.  You\nsense a greater preponderance of evil in this area.  Your\nfellow travelers also tend to be of the evil persuasion.\n",
            "flags": "0",
            "sector": "3",
            "exits": [
                {
                    "door": "D0",
                    "description": "The roots lead off in this direction.\n",
                    "keyword": "",
                    "locks": "0",
                    "key": "-1",
                    "u1_vnum": "2923"
                },
                {
                    "door": "D1",
                    "description": "The roots lead off in this direction.\n",
                    "keyword": "",
                    "locks": "0",
                    "key": "-1",
                    "u1_vnum": "2909"
                },
                {
                    "door": "D2",
                    "description": "The roots lead off in this direction.\n",
                    "keyword": "",
                    "locks": "0",
                    "key": "-1",
                    "u1_vnum": "2908"
                },
                {
                    "door": "D3",
                    "description": "The roots lead off in this direction.\n",
                    "keyword": "",
                    "locks": "0",
                    "key": "-1",
                    "u1_vnum": "2910"
                },
                {
                    "door": "D4",
                    "description": "The entrance to the tree is in this direction.\n",
                    "keyword": "",
                    "locks": "0",
                    "key": "-1",
                    "u1_vnum": "2900"
                },
                {
                    "door": "D5",
                    "description": "The deepest part of the tree is down here.\n",
                    "keyword": "",
                    "locks": "0",
                    "key": "-1",
                    "u1_vnum": "2912"
                }
            ]
        },
        {
            "vnum": "2908",
            "name": "The Roots of Yggdrasil",
            "description": "You are in the roots of the great tree.  Many odd creatures\ncan be seen and felt wandering in the area.\n",
            "flags": "0",
            "sector": "3",
            "exits": [
                {
                    "door": "D0",
                    "description": "The roots continue in this direction.\n",
                    "keyword": "",
                    "locks": "0",
                    "key": "-1",
                    "u1_vnum": "2907"
                }
            ]
        },
        {
            "vnum": "2909",
            "name": "The Roots of Yggdrasil",
            "description": "You are in the roots of the great tree.  Many odd creatures\ncan be seen and felt wandering in the area.\n",
            "flags": "0",
            "sector": "3",
            "exits": [
                {
                    "door": "D3",
                    "description": "The roots continue in this direction.\n",
                    "keyword": "",
                    "locks": "0",
                    "key": "-1",
                    "u1_vnum": "2907"
                }
            ]
        },
        {
            "vnum": "2910",
            "name": "The Roots of Yggdrasil",
            "description": "You are in the roots of the great tree.  Many odd creatures\ncan be seen and felt wandering in the area.\n",
            "flags": "0",
            "sector": "3",
            "exits": [
                {
                    "door": "D1",
                    "description": "The roots continue in this direction.\n",
                    "keyword": "",
                    "locks": "0",
                    "key": "-1",
                    "u1_vnum": "2907"
                }
            ]
        },
        {
            "vnum": "2911",
            "name": "A Lower Branch of Yggdrasil",
            "description": "You are on a limb on the lower level of Yggdrasil.\n",
            "flags": "0",
            "sector": "3",
            "exits": [
                {
                    "door": "D0",
                    "description": "The main trunk is in this direction.\n",
                    "keyword": "",
                    "locks": "0",
                    "key": "-1",
                    "u1_vnum": "2902"
                }
            ]
        },
        {
            "vnum": "2912",
            "name": "The Deepest Roots of Yggdrasil",
            "description": "You are at the tree's deepest point.  Looking down from here\nyou can almost see the foul and evil realms of the followers\nof evil.  You can faintly hear the screams of their tortured\nvictims.\n",
            "flags": "0",
            "sector": "3",
            "exits": [
                {
                    "door": "D4",
                    "description": "You see the roots of the tree continue in this direction.\n",
                    "keyword": "",
                    "locks": "0",
                    "key": "-1",
                    "u1_vnum": "2907"
                }
            ]
        },
        {
            "vnum": "2913",
            "name": "A Middle Branch of Yggdrasil",
            "description": "You are on a limb on the middle level of Yggdrasil.\n",
            "flags": "0",
            "sector": "3",
            "exits": [
                {
                    "door": "D1",
                    "description": "The main trunk is in this direction.\n",
                    "keyword": "",
                    "locks": "0",
                    "key": "-1",
                    "u1_vnum": "2917"
                }
            ]
        },
        {
            "vnum": "2914",
            "name": "A Middle Branch of Yggdrasil",
            "description": "You are on a limb on the middle level of Yggdrasil.\n",
            "flags": "0",
            "sector": "3",
            "exits": [
                {
                    "door": "D2",
                    "description": "The main trunk is in this direction.\n",
                    "keyword": "",
                    "locks": "0",
                    "key": "-1",
                    "u1_vnum": "2917"
                }
            ]
        },
        {
            "vnum": "2915",
            "name": "A Middle Branch of Yggdrasil",
            "description": "You are on a limb on the middle level of Yggdrasil.\n",
            "flags": "0",
            "sector": "3",
            "exits": [
                {
                    "door": "D3",
                    "description": "The main trunk is in this direction.\n",
                    "keyword": "",
                    "locks": "0",
                    "key": "-1",
                    "u1_vnum": "2917"
                }
            ]
        },
        {
            "vnum": "2916",
            "name": "A Middle Branch of Yggdrasil",
            "description": "You are on a limb on the middle level of Yggdrasil.\n",
            "flags": "0",
            "sector": "3",
            "exits": [
                {
                    "door": "D0",
                    "description": "The main trunk is in this direction.\n",
                    "keyword": "",
                    "locks": "0",
                    "key": "-1",
                    "u1_vnum": "2917"
                }
            ]
        },
        {
            "vnum": "2917",
            "name": "The Middle Trunk of Yggrasil",
            "description": "You are in the middle parts of Yggdrasil.  The tree top still cannot be seen.\nMany travelers are passing you in fulfillment of their quests.\n",
            "flags": "0",
            "sector": "3",
            "exits": [
                {
                    "door": "D0",
                    "description": "A limb branches off in this direction.\n",
                    "keyword": "",
                    "locks": "0",
                    "key": "-1",
                    "u1_vnum": "2914"
                },
                {
                    "door": "D1",
                    "description": "A limb branches off in this direction.\n",
                    "keyword": "",
                    "locks": "0",
                    "key": "-1",
                    "u1_vnum": "2915"
                },
                {
                    "door": "D2",
                    "description": "A limb branches off in this direction.\n",
                    "keyword": "",
                    "locks": "0",
                    "key": "-1",
                    "u1_vnum": "2916"
                },
                {
                    "door": "D3",
                    "description": "A limb branches off in this direction.\n",
                    "keyword": "",
                    "locks": "0",
                    "key": "-1",
                    "u1_vnum": "2913"
                },
                {
                    "door": "D4",
                    "description": "The trunk continues towards the heavens.\n",
                    "keyword": "",
                    "locks": "0",
                    "key": "-1",
                    "u1_vnum": "2918"
                },
                {
                    "door": "D5",
                    "description": "The way down the tree is this way.\n",
                    "keyword": "",
                    "locks": "0",
                    "key": "-1",
                    "u1_vnum": "2902"
                }
            ]
        },
        {
            "vnum": "2918",
            "name": "The Upper Trunk of Yggrasil",
            "description": "You are in the topmost section of Yggdrasil.  The tree top is just above you.\nGreat power can be sensed in this area. There is also goodness here.\n",
            "flags": "0",
            "sector": "3",
            "exits": [
                {
                    "door": "D0",
                    "description": "A limb branches off in this direction.\n",
                    "keyword": "",
                    "locks": "0",
                    "key": "-1",
                    "u1_vnum": "2921"
                },
                {
                    "door": "D1",
                    "description": "A limb branches off in this direction.\n",
                    "keyword": "",
                    "locks": "0",
                    "key": "-1",
                    "u1_vnum": "2922"
                },
                {
                    "door": "D2",
                    "description": "A limb branches off in this direction.\n",
                    "keyword": "",
                    "locks": "0",
                    "key": "-1",
                    "u1_vnum": "2919"
                },
                {
                    "door": "D3",
                    "description": "A limb branches off in this direction.\n",
                    "keyword": "",
                    "locks": "0",
                    "key": "-1",
                    "u1_vnum": "2920"
                },
                {
                    "door": "D4",
                    "description": "The top of the tree can be seen here.\n",
                    "keyword": "",
                    "locks": "0",
                    "key": "-1",
                    "u1_vnum": "2904"
                },
                {
                    "door": "D5",
                    "description": "The way down the tree is this way.\n",
                    "keyword": "",
                    "locks": "0",
                    "key": "-1",
                    "u1_vnum": "2917"
                }
            ]
        },
        {
            "vnum": "2919",
            "name": "An Upper Branch of Yggdrasil",
            "description": "You are on a limb on the upper level of Yggdrasil.\n",
            "flags": "0",
            "sector": "3",
            "exits": [
                {
                    "door": "D0",
                    "description": "The main trunk is in this direction.\n",
                    "keyword": "",
                    "locks": "0",
                    "key": "-1",
                    "u1_vnum": "2918"
                }
            ]
        },
        {
            "vnum": "2920",
            "name": "An Upper Branch of Yggdrasil",
            "description": "You are on a limb on the upper level of Yggdrasil.\n",
            "flags": "0",
            "sector": "3",
            "exits": [
                {
                    "door": "D1",
                    "description": "The main trunk is in this direction.\n",
                    "keyword": "",
                    "locks": "0",
                    "key": "-1",
                    "u1_vnum": "2918"
                }
            ]
        },
        {
            "vnum": "2921",
            "name": "An Upper Branch of Yggdrasil",
            "description": "You are on a limb on the upper level of Yggdrasil.\n",
            "flags": "0",
            "sector": "3",
            "exits": [
                {
                    "door": "D2",
                    "description": "The main trunk is in this direction.\n",
                    "keyword": "",
                    "locks": "0",
                    "key": "-1",
                    "u1_vnum": "2918"
                }
            ]
        },
        {
            "vnum": "2922",
            "name": "An Upper Branch of Yggdrasil",
            "description": "You are on a limb on the upper level of Yggdrasil.\n",
            "flags": "0",
            "sector": "3",
            "exits": [
                {
                    "door": "D3",
                    "description": "The main trunk is in this direction.\n",
                    "keyword": "",
                    "locks": "0",
                    "key": "-1",
                    "u1_vnum": "2918"
                }
            ]
        },
        {
            "vnum": "2923",
            "name": "The Roots of Yggdrasil",
            "description": "You are in the roots of the great tree.  Many odd creatures\ncan be seen and felt wandering in the area.\n",
            "flags": "0",
            "sector": "3",
            "exits": [
                {
                    "door": "D2",
                    "description": "The roots continue in this direction.\n",
                    "keyword": "",
                    "locks": "0",
                    "key": "-1",
                    "u1_vnum": "2907"
                }
            ]
        }
    ],
    "resets": [
        {
            "command": "M",
            "arg1": "2900",
            "arg2": "6",
            "arg3": "2914",
            "arg4": "2"
        },
        {
            "command": "G",
            "arg1": "2908",
            "arg2": "80"
        },
        {
            "command": "M",
            "arg1": "2901",
            "arg2": "1",
            "arg3": "2922",
            "arg4": "1"
        },
        {
            "command": "E",
            "arg1": "2902",
            "arg2": "99",
            "arg3": "16"
        },
        {
            "command": "M",
            "arg1": "2902",
            "arg2": "6",
            "arg3": "2920",
            "arg4": "1"
        },
        {
            "command": "G",
            "arg1": "2904",
            "arg2": "99"
        },
        {
            "command": "M",
            "arg1": "2902",
            "arg2": "6",
            "arg3": "2913",
            "arg4": "1"
        },
        {
            "command": "M",
            "arg1": "2903",
            "arg2": "9",
            "arg3": "2907",
            "arg4": "2"
        },
        {
            "command": "M",
            "arg1": "2904",
            "arg2": "8",
            "arg3": "2906",
            "arg4": "2"
        },
        {
            "command": "M",
            "arg1": "2905",
            "arg2": "9",
            "arg3": "2903",
            "arg4": "2"
        },
        {
            "command": "M",
            "arg1": "2906",
            "arg2": "4",
            "arg3": "2923",
            "arg4": "2"
        },
        {
            "command": "E",
            "arg1": "2900",
            "arg2": "99",
            "arg3": "16"
        },
        {
            "command": "M",
            "arg1": "2907",
            "arg2": "1",
            "arg3": "2908",
            "arg4": "1"
        },
        {
            "command": "E",
            "arg1": "2901",
            "arg2": "30",
            "arg3": "16"
        },
        {
            "command": "M",
            "arg1": "2908",
            "arg2": "8",
            "arg3": "2911",
            "arg4": "2"
        },
        {
            "command": "G",
            "arg1": "2910",
            "arg2": "99"
        },
        {
            "command": "M",
            "arg1": "2909",
            "arg2": "1",
            "arg3": "2915",
            "arg4": "1"
        },
        {
            "command": "M",
            "arg1": "2910",
            "arg2": "1",
            "arg3": "2921",
            "arg4": "1"
        },
        {
            "command": "G",
            "arg1": "2905",
            "arg2": "80"
        },
        {
            "command": "M",
            "arg1": "2911",
            "arg2": "9",
            "arg3": "2901",
            "arg4": "1"
        },
        {
            "command": "G",
            "arg1": "2903",
            "arg2": "99"
        },
        {
            "command": "M",
            "arg1": "2911",
            "arg2": "9",
            "arg3": "2917",
            "arg4": "1"
        },
        {
            "command": "M",
            "arg1": "2912",
            "arg2": "6",
            "arg3": "2910",
            "arg4": "2"
        },
        {
            "command": "G",
            "arg1": "2909",
            "arg2": "99"
        },
        {
            "command": "M",
            "arg1": "2912",
            "arg2": "6",
            "arg3": "2916",
            "arg4": "2"
        },
        {
            "command": "G",
            "arg1": "2907",
            "arg2": "99"
        },
        {
            "command": "M",
            "arg1": "2913",
            "arg2": "2",
            "arg3": "2912",
            "arg4": "2"
        },
        {
            "command": "M",
            "arg1": "2914",
            "arg2": "1",
            "arg3": "2918",
            "arg4": "1"
        }
    ],
    "specials": [
        {
            "vnum": "2900",
            "spec_fun": "spec_cast_cleric"
        },
        {
            "vnum": "2901",
            "spec_fun": "spec_cast_mage"
        },
        {
            "vnum": "2904",
            "spec_fun": "spec_cast_mage"
        },
        {
            "vnum": "2906",
            "spec_fun": "spec_cast_mage"
        },
        {
            "vnum": "2907",
            "spec_fun": "spec_cast_undead"
        },
        {
            "vnum": "2908",
            "spec_fun": "spec_cast_mage"
        },
        {
            "vnum": "2909",
            "spec_fun": "spec_breath_gas"
        },
        {
            "vnum": "2910",
            "spec_fun": "spec_cast_cleric"
        },
        {
            "vnum": "2911",
            "spec_fun": "spec_thief"
        },
        {
            "vnum": "2913",
            "spec_fun": "spec_breath_any"
        }
    ],
    "olimits": [
        {
            "vnum": "2908",
            "limit": "10"
        }
    ]
}