{
    "area": {
        "file": "trollden.are",
        "name": "Troll Den",
        "low_range": "10",
        "high_range": "15",
        "writer": "Merc",
        "credits": "Troll Den",
        "min_vnum": "2800",
        "max_vnum": "2899"
    },
    "mobiles": [
        {
            "vnum": "2800",
            "name": "oldstyle guardian beast",
            "short_description": "the guardian beast",
            "long_description": "A guardian beast stares at you and snarls in rage.\n",
            "description": "Jet black fur covers this beast.  You stare at his two huge red eyes.  You can\ncount at least 50 teeth on this monster.  You can't tell whether it is blood or\nsaliva dripping from the beast's jaw.  The guardian beast snarls again.\n",
            "race": "human",
            "act": "ABCFG",
            "affected_by": "DPQ",
            "alignment": "-200",
            "group": "0",
            "level": "7",
            "hitroll": "0",
            "hit_dice": "2d6+85",
            "mana_dice": "3d9+100",
            "dam_dice": "1d8+1",
            "dam_type": "none",
            "ac_pierce": "4",
            "ac_bash": "4",
            "ac_slash": "4",
            "ac_exotic": "9",
            "off_flags": "EFNU",
            "imm_flags": "0",
            "res_flags": "0",
            "vuln_flags": "0",
            "start_pos": "stand",
            "default_pos": "stand",
            "sex": "male",
            "wealth": "0",
            "form": "0",
            "parts": "0",
            "size": "medium",
            "material": "0"
        },
        {
            "vnum": "2801",
            "name": "oldstyle young troll",
            "short_description": "the young troll",
            "long_description": "A young troll is sitting down, chewing on a bone.\n",
            "description": "He is a tall, wiry, furry humanoid.\nYour eyes lock with his.  He smiles, puts down his bone, and reaches for one\nof yours!!\n",
            "race": "human",
            "act": "ACFG",
            "affected_by": "P",
            "alignment": "-500",
            "group": "0",
            "level": "6",
            "hitroll": "0",
            "hit_dice": "2d7+71",
            "mana_dice": "3d9+100",
            "dam_dice": "1d7+1",
            "dam_type": "none",
            "ac_pierce": "4",
            "ac_bash": "4",
            "ac_slash": "4",
            "ac_exotic": "9",
            "off_flags": "EFNU",
            "imm_flags": "0",
            "res_flags": "0",
            "vuln_flags": "0",
            "start_pos": "sit",
            "default_pos": "stand",
            "sex": "male",
            "wealth": "25",
            "form": "0",
            "parts": "0",
            "size": "medium",
            "material": "0"
        },
        {
            "vnum": "2802",
            "name": "oldstyle medium troll",
            "short_description": "the medium troll",
            "long_description": "A troll is grooming his pet, a guardian beast.\n",
            "description": "He is a tall, lean, furry humanoid.\nHe is busy licking the ticks off of his beast.\nHis eyes dart toward you, as he realizes you are one third his size.\n",
            "race": "human",
            "act": "ABCFG",
            "affected_by": "P",
            "alignment": "-500",
            "group": "0",
            "level": "8",
            "hitroll": "0",
            "hit_dice": "2d7+96",
            "mana_dice": "4d9+100",
            "dam_dice": "1d7+2",
            "dam_type": "none",
            "ac_pierce": "3",
            "ac_bash": "3",
            "ac_slash": "3",
            "ac_exotic": "9",
            "off_flags": "EFNU",
            "imm_flags": "0",
            "res_flags": "0",
            "vuln_flags": "0",
            "start_pos": "stand",
            "default_pos": "stand",
            "sex": "male",
            "wealth": "75",
            "form": "0",
            "parts": "0",
            "size": "medium",
            "material": "0"
        },
        {
            "vnum": "2803",
            "name": "oldstyle baby troll",
            "short_description": "a baby troll",
            "long_description": "A baby troll is playing Doctor with a cadaver.\n",
            "description": "He is a large, chubby, furry humanoid.\nHe is trying to stuff an arm in a hole in the wall.\nHe notices you and gargles \"WANNA JOIN?\".\n",
            "race": "human",
            "act": "ABCF",
            "affected_by": "P",
            "alignment": "-100",
            "group": "0",
            "level": "5",
            "hitroll": "0",
            "hit_dice": "2d6+60",
            "mana_dice": "2d9+100",
            "dam_dice": "1d6+1",
            "dam_type": "none",
            "ac_pierce": "5",
            "ac_bash": "5",
            "ac_slash": "5",
            "ac_exotic": "9",
            "off_flags": "EFNU",
            "imm_flags": "0",
            "res_flags": "0",
            "vuln_flags": "0",
            "start_pos": "sit",
            "default_pos": "stand",
            "sex": "male",
            "wealth": "12",
            "form": "0",
            "parts": "0",
            "size": "medium",
            "material": "0"
        },
        {
            "vnum": "2804",
            "name": "oldstyle giant troll",
            "short_description": "the giant troll",
            "long_description": "A giant troll is lying on a pile of carnage, pleasing his mistress.\n",
            "description": "He is a gigantic, muscular, furry humanoid.\nHe gasps as he notices your intrusion.\nYou gasp as you realize you have intruded upon his acts of passion!\n",
            "race": "giant",
            "act": "ABCFG",
            "affected_by": "P",
            "alignment": "-1000",
            "group": "0",
            "level": "13",
            "hitroll": "0",
            "hit_dice": "2d10+170",
            "mana_dice": "6d9+100",
            "dam_dice": "2d5+3",
            "dam_type": "none",
            "ac_pierce": "-1",
            "ac_bash": "-1",
            "ac_slash": "-1",
            "ac_exotic": "8",
            "off_flags": "EFNR",
            "imm_flags": "0",
            "res_flags": "0",
            "vuln_flags": "0",
            "start_pos": "rest",
            "default_pos": "stand",
            "sex": "male",
            "wealth": "150",
            "form": "0",
            "parts": "0",
            "size": "medium",
            "material": "0"
        },
        {
            "vnum": "2805",
            "name": "oldstyle large troll female",
            "short_description": "the large female troll",
            "long_description": "A large female troll is lying on the pile of carnage, blissfully writhing.\n",
            "description": "She is a huge, grotesque, furry humanoid.\nShe moans in passion but gasps as she notices you.\nHer smiles turn into snarls as she screams at you!\n",
            "race": "human",
            "act": "ABCFG",
            "affected_by": "P",
            "alignment": "-800",
            "group": "0",
            "level": "11",
            "hitroll": "0",
            "hit_dice": "2d8+134",
            "mana_dice": "5d9+100",
            "dam_dice": "1d10+2",
            "dam_type": "none",
            "ac_pierce": "1",
            "ac_bash": "1",
            "ac_slash": "1",
            "ac_exotic": "8",
            "off_flags": "EFNU",
            "imm_flags": "0",
            "res_flags": "0",
            "vuln_flags": "0",
            "start_pos": "rest",
            "default_pos": "stand",
            "sex": "female",
            "wealth": "125",
            "form": "0",
            "parts": "0",
            "size": "medium",
            "material": "0"
        },
        {
            "vnum": "2806",
            "name": "oldstyle fat worm",
            "short_description": "a fat worm",
            "long_description": "A fat worm scurries around, looking for food.\n",
            "description": "It is thick and long.  You can't find a head on this thing.\nIt moves quickly, from corpse to corpse.\n",
            "race": "human",
            "act": "ACFH",
            "affected_by": "PQ",
            "alignment": "0",
            "group": "0",
            "level": "3",
            "hitroll": "0",
            "hit_dice": "2d6+35",
            "mana_dice": "1d9+100",
            "dam_dice": "1d6+0",
            "dam_type": "none",
            "ac_pierce": "7",
            "ac_bash": "7",
            "ac_slash": "7",
            "ac_exotic": "10",
            "off_flags": "EFNU",
            "imm_flags": "0",
            "res_flags": "0",
            "vuln_flags": "0",
            "start_pos": "stand",
            "default_pos": "stand",
            "sex": "none",
            "wealth": "0",
            "form": "0",
            "parts": "0",
            "size": "medium",
            "material": "0"
        },
        {
            "vnum": "2807",
            "name": "oldstyle roving beast",
            "short_description": "the roving beast",
            "long_description": "A roving beast is searching for prey.\n",
            "description": "Jet black fur covers this beast.\nYou stare at his two huge red eyes.  You can count at least 50 teeth on this\nbeast.  You can't tell whether it is blood or saliva dripping from the beast's\njaw.  The roving beast snarls at you.\n",
            "race": "human",
            "act": "ABCFG",
            "affected_by": "DP",
            "alignment": "-200",
            "group": "0",
            "level": "7",
            "hitroll": "0",
            "hit_dice": "2d6+85",
            "mana_dice": "3d9+100",
            "dam_dice": "1d8+1",
            "dam_type": "none",
            "ac_pierce": "4",
            "ac_bash": "4",
            "ac_slash": "4",
            "ac_exotic": "9",
            "off_flags": "EFNU",
            "imm_flags": "0",
            "res_flags": "0",
            "vuln_flags": "0",
            "start_pos": "stand",
            "default_pos": "stand",
            "sex": "male",
            "wealth": "0",
            "form": "0",
            "parts": "0",
            "size": "medium",
            "material": "0"
        },
        {
            "vnum": "2808",
            "name": "oldstyle medium troll",
            "short_description": "the medium troll",
            "long_description": "A troll is wandering around, attending to his duties.\n",
            "description": "He is a tall, lean, furry humanoid.\nHe notices you, and is satisfied to find what he is looking for.\nHe advances toward you.\n",
            "race": "human",
            "act": "ACFG",
            "affected_by": "P",
            "alignment": "-500",
            "group": "0",
            "level": "8",
            "hitroll": "0",
            "hit_dice": "2d7+96",
            "mana_dice": "4d9+100",
            "dam_dice": "1d7+2",
            "dam_type": "none",
            "ac_pierce": "3",
            "ac_bash": "3",
            "ac_slash": "3",
            "ac_exotic": "9",
            "off_flags": "EFNU",
            "imm_flags": "0",
            "res_flags": "0",
            "vuln_flags": "0",
            "start_pos": "stand",
            "default_pos": "stand",
            "sex": "male",
            "wealth": "75",
            "form": "0",
            "parts": "0",
            "size": "medium",
            "material": "0"
        }
    ],
    "objects": [
        {
            "vnum": "2800",
            "name": "corpse cadaver",
            "short_description": "the cadaver-toy",
            "description": "A half eaten corpse is laying here",
            "material": "flesh",
            "type": "container",
            "extra_flags": "0",
            "wear_flags": "A",
            "values": "30 0 0 30 100",
            "level": "0",
            "weight": "500",
            "cost": "1",
            "condition": "P"
        },
        {
            "vnum": "2801",
            "name": "pile rotting heap bed",
            "short_description": "the heap of carnage",
            "description": "There is a bed made of carnage here.",
            "material": "unknown",
            "type": "container",
            "extra_flags": "0",
            "wear_flags": "0",
            "values": "30 0 0 30 100",
            "level": "0",
            "weight": "0",
            "cost": "0",
            "condition": "P"
        },
        {
            "vnum": "2802",
            "name": "trollskin troll skin",
            "short_description": "the troll skin",
            "description": "The filthy hide of a beast is laying here.",
            "material": "skin",
            "type": "armor",
            "extra_flags": "0",
            "wear_flags": "AK",
            "values": "5 5 5 0 0",
            "level": "12",
            "weight": "200",
            "cost": "1380",
            "condition": "P",
            "affects_a": [
                {
                    "location": "1",
                    "modifier": "1"
                }
            ],
            "extra_descriptions": [
                {
                    "keyword": "troll skin",
                    "description": "This is the skin from a huge (and dead) beast.  It looks bad, smells bad,\nand feels bad.\n"
                }
            ]
        },
        {
            "vnum": "2803",
            "name": "ring opal",
            "short_description": "an opal ring",
            "description": "A ring of black opal lies here gathering dust.",
            "material": "opal",
            "type": "jewelry",
            "extra_flags": "G",
            "wear_flags": "AB",
            "values": "0 0 0 0 0",
            "level": "20",
            "weight": "10",
            "cost": "1150",
            "condition": "P",
            "affects_a": [
                {
                    "location": "19",
                    "modifier": "2"
                }
            ],
            "extra_descriptions": [
                {
                    "keyword": "ring opal",
                    "description": "It is a full circle of opal, smooth and simple.\n"
                }
            ]
        },
        {
            "vnum": "2804",
            "name": "leather belt",
            "short_description": "a leather belt",
            "description": "An old leather belt is left on the floor.",
            "material": "leather",
            "type": "armor",
            "extra_flags": "G",
            "wear_flags": "AL",
            "values": "6 6 6 0 0",
            "level": "15",
            "weight": "50",
            "cost": "1050",
            "condition": "P",
            "extra_descriptions": [
                {
                    "keyword": "leather belt",
                    "description": "This old, smelly belt looks like it is barely better than rotting cloth.\n"
                }
            ]
        },
        {
            "vnum": "2805",
            "name": "bone cracked",
            "short_description": "a cracked bone",
            "description": "A cracked piece of bone lies here.",
            "material": "bone",
            "type": "weapon",
            "extra_flags": "0",
            "wear_flags": "AN",
            "values": "mace 3 3 pound 0",
            "level": "6",
            "weight": "30",
            "cost": "350",
            "condition": "P",
            "affects_a": [
                {
                    "location": "18",
                    "modifier": "-1"
                },
                {
                    "location": "19",
                    "modifier": "-1"
                }
            ],
            "extra_descriptions": [
                {
                    "keyword": "bone",
                    "description": "This piece of bone looks sturdy enough to be used as a weapon, but you\nwouldn't want to entrust your life to it.\n"
                }
            ]
        }
    ],
    "rooms": [
        {
            "vnum": "2801",
            "name": "Wastedump",
            "description": "This room is filled with bone shards and fragments.  Something (or things)\nvery big lives here.  A small plaque is on the wall.\n",
            "flags": "AD",
            "sector": "0",
            "exits": [
                {
                    "door": "D0",
                    "description": "You reach civilization again.\n",
                    "keyword": "",
                    "locks": "0",
                    "key": "0",
                    "u1_vnum": "6124"
                },
                {
                    "door": "D2",
                    "description": "You find the stench is stronger inside.\n",
                    "keyword": "",
                    "locks": "0",
                    "key": "0",
                    "u1_vnum": "2803"
                }
            ],
            "extra_descriptions": [
                {
                    "keyword": "plaque",
                    "description": "This zone (trollden) is created by MERC for any MERC Mud.\ncopyright 1992\n"
                }
            ]
        },
        {
            "vnum": "2802",
            "name": "Troll's Larder",
            "description": "This room has blood and grime all over the walls.  You see maggots and other\ninsects crawling up them.  The resident is definitely uncivilized.  Half-eaten\nand rotting body parts scatter the floor, each having its own colony of flies,\nworms, and maggots.\n",
            "flags": "AD",
            "sector": "0",
            "exits": [
                {
                    "door": "D1",
                    "description": "You welcome the fresh breeze coming from the east, but wrinkle your nose when\nthe stench bears down on you once more.\n",
                    "keyword": "",
                    "locks": "0",
                    "key": "0",
                    "u1_vnum": "2803"
                }
            ],
            "extra_descriptions": [
                {
                    "keyword": "Half-eaten body rotting corpse",
                    "description": "YUCK!  You find worms crawling in and out this poor unfortunate former human.\n"
                }
            ]
        },
        {
            "vnum": "2803",
            "name": "Troll's Living Room",
            "description": "This small cave opens to the north, south, east, and west.  You are\novercome by the stench and consider turning around.\n",
            "flags": "AD",
            "sector": "0",
            "exits": [
                {
                    "door": "D0",
                    "description": "There is a trail of bone shards and fragments leading north.\n",
                    "keyword": "",
                    "locks": "0",
                    "key": "0",
                    "u1_vnum": "2801"
                },
                {
                    "door": "D1",
                    "description": "Good God!  You spy corpses all over the floor in there.  It looks like a\nvirtual graveyard in there.\n",
                    "keyword": "",
                    "locks": "0",
                    "key": "0",
                    "u1_vnum": "2804"
                },
                {
                    "door": "D2",
                    "description": "Whoa!  You reel back from the stench.  You believe you have found the source\nof this bad smell.\n",
                    "keyword": "",
                    "locks": "0",
                    "key": "0",
                    "u1_vnum": "2805"
                },
                {
                    "door": "D3",
                    "description": "You puke as you watch worms crawl between this room and the room west of here\nas they bore new holes into a corpse laying on the far wall of the west room.\n",
                    "keyword": "",
                    "locks": "0",
                    "key": "0",
                    "u1_vnum": "2802"
                }
            ]
        },
        {
            "vnum": "2804",
            "name": "The Playpen",
            "description": "The walls are covered with blood (and body parts!?!?).  Plastered on the far\nwall you see what looks like a human arm.  A half-eaten body lies here with\nits chest ripped out.  The predator seems disinterested in it.\n",
            "flags": "AD",
            "sector": "0",
            "exits": [
                {
                    "door": "D3",
                    "description": "You welcome the fresh breeze coming from the west, but wrinkle your nose when\nthe stench bears down on you once more.\n",
                    "keyword": "",
                    "locks": "0",
                    "key": "0",
                    "u1_vnum": "2803"
                }
            ],
            "extra_descriptions": [
                {
                    "keyword": "arm rotting",
                    "description": "This reminds you of what a baby would do to its formula during dinnertime,\nplastering it on the wall.\n"
                }
            ]
        },
        {
            "vnum": "2805",
            "name": "Troll's Bedroom",
            "description": "Obviously something REALLY big lives here.  The stench is quite unbearable.\nThere are piles and piles of rotten and half-eaten body parts of animals,\norcs, (and humans?) strewn across the floor.  There is a larger, more\nprominent pile of rotten parts over in a corner.  It seems to have been\nflattened by something.\n",
            "flags": "ACD",
            "sector": "5",
            "exits": [
                {
                    "door": "D0",
                    "description": "You welcome the fresh breeze coming from the north, but wrinkle your nose when\nthe stench bears down on you once more.\n",
                    "keyword": "",
                    "locks": "0",
                    "key": "0",
                    "u1_vnum": "2803"
                }
            ]
        }
    ],
    "resets": [
        {
            "command": "M",
            "arg1": "2800",
            "arg2": "2",
            "arg3": "2801",
            "arg4": "1"
        },
        {
            "command": "O",
            "arg1": "2805",
            "arg2": "10",
            "arg3": "2801"
        },
        {
            "command": "M",
            "arg1": "2801",
            "arg2": "2",
            "arg3": "2802",
            "arg4": "2"
        },
        {
            "command": "M",
            "arg1": "2801",
            "arg2": "2",
            "arg3": "2802",
            "arg4": "2"
        },
        {
            "command": "M",
            "arg1": "2802",
            "arg2": "1",
            "arg3": "2803",
            "arg4": "1"
        },
        {
            "command": "O",
            "arg1": "2800",
            "arg2": "10",
            "arg3": "2804"
        },
        {
            "command": "P",
            "arg1": "2804",
            "arg2": "-1",
            "arg3": "2800",
            "arg4": "1"
        },
        {
            "command": "M",
            "arg1": "2800",
            "arg2": "2",
            "arg3": "2803",
            "arg4": "1"
        },
        {
            "command": "M",
            "arg1": "2803",
            "arg2": "4",
            "arg3": "2804",
            "arg4": "4"
        },
        {
            "command": "M",
            "arg1": "2803",
            "arg2": "4",
            "arg3": "2804",
            "arg4": "4"
        },
        {
            "command": "M",
            "arg1": "2803",
            "arg2": "4",
            "arg3": "2804",
            "arg4": "4"
        },
        {
            "command": "M",
            "arg1": "2803",
            "arg2": "4",
            "arg3": "2804",
            "arg4": "4"
        },
        {
            "command": "M",
            "arg1": "2804",
            "arg2": "1",
            "arg3": "2805",
            "arg4": "1"
        },
        {
            "command": "E",
            "arg1": "2802",
            "arg2": "5",
            "arg3": "12"
        },
        {
            "command": "M",
            "arg1": "2805",
            "arg2": "1",
            "arg3": "2805",
            "arg4": "1"
        },
        {
            "command": "O",
            "arg1": "2801",
            "arg2": "10",
            "arg3": "2805"
        },
        {
            "command": "P",
            "arg1": "2803",
            "arg2": "5",
            "arg3": "2801",
            "arg4": "1"
        },
        {
            "command": "M",
            "arg1": "2806",
            "arg2": "10",
            "arg3": "2803",
            "arg4": "4"
        },
        {
            "command": "M",
            "arg1": "2806",
            "arg2": "10",
            "arg3": "2803",
            "arg4": "4"
        },
        {
            "command": "M",
            "arg1": "2806",
            "arg2": "10",
            "arg3": "2802",
            "arg4": "4"
        },
        {
            "command": "M",
            "arg1": "2806",
            "arg2": "10",
            "arg3": "2802",
            "arg4": "4"
        },
        {
            "command": "M",
            "arg1": "2806",
            "arg2": "10",
            "arg3": "2804",
            "arg4": "2"
        },
        {
            "command": "M",
            "arg1": "2807",
            "arg2": "1",
            "arg3": "2802",
            "arg4": "1"
        },
        {
            "command": "M",
            "arg1": "2808",
            "arg2": "1",
            "arg3": "2803",
            "arg4": "1"
        }
    ],
    "shops": [],
    "specials": []
}