{
    "area": {
        "file": "weed.are",
        "name": "Cannabis",
        "low_range": "40",
        "high_range": "60",
        "writer": "Garth",
        "credits": "Cannabis",
        "min_vnum": "30230",
        "max_vnum": "30270"
    },
    "mobiles": [
        {
            "vnum": "30232",
            "name": "cannabis sativa",
            "short_description": "Cannabis Sativa",
            "long_description": "The Mother of all Cannabis tempts your ability to resist.\n",
            "description": "This giant plant is covered with bud. It looks like it could \nsmoke you.\n",
            "race": "human",
            "act": "64|128",
            "affected_by": "8|128|524288",
            "alignment": "-500",
            "group": "0",
            "level": "55",
            "hitroll": "0",
            "hit_dice": "50d10+5500",
            "mana_dice": "5d5+5000",
            "dam_dice": "10d4+23",
            "dam_type": "charge",
            "ac_pierce": "-25",
            "ac_bash": "-25",
            "ac_slash": "-25",
            "ac_exotic": "-1",
            "off_flags": "EK",
            "imm_flags": "0",
            "res_flags": "0",
            "vuln_flags": "0",
            "start_pos": "stand",
            "default_pos": "stand",
            "sex": "female",
            "wealth": "0",
            "form": "0",
            "parts": "0",
            "size": "giant",
            "material": "0"
        },
        {
            "vnum": "30233",
            "name": "cannabis indica",
            "short_description": "Cannabis Indica",
            "long_description": "The Father of all Cannabis is the ultimate in plant evolution.\n",
            "description": "The bud of this giant bush weighs its leaves to the ground. \nIt is a blend of beautiful orange, red, and blue hairs. Just a \nfraction of this plant would be enough to keep you happy for a year.\n",
            "race": "human",
            "act": "2|64",
            "affected_by": "8|128|524288",
            "alignment": "-500",
            "group": "0",
            "level": "60",
            "hitroll": "0",
            "hit_dice": "50d10+6750",
            "mana_dice": "5d5+5000",
            "dam_dice": "8d6+28",
            "dam_type": "charge",
            "ac_pierce": "-30",
            "ac_bash": "-30",
            "ac_slash": "-30",
            "ac_exotic": "-3",
            "off_flags": "EK",
            "imm_flags": "0",
            "res_flags": "0",
            "vuln_flags": "0",
            "start_pos": "stand",
            "default_pos": "stand",
            "sex": "male",
            "wealth": "0",
            "form": "0",
            "parts": "0",
            "size": "giant",
            "material": "0"
        },
        {
            "vnum": "30234",
            "name": "small joint",
            "short_description": "A Small Joint",
            "long_description": "A small joint sits here smoking.\n",
            "description": "This wrapping of reefer is just what you might need after a hard \nday of work.\n",
            "race": "human",
            "act": "64|128",
            "affected_by": "32768|524288",
            "alignment": "-350",
            "group": "0",
            "level": "40",
            "hitroll": "0",
            "hit_dice": "15d10+1850",
            "mana_dice": "5d5+1000",
            "dam_dice": "4d8+13",
            "dam_type": "charge",
            "ac_pierce": "-13",
            "ac_bash": "-13",
            "ac_slash": "-13",
            "ac_exotic": "3",
            "off_flags": "EK",
            "imm_flags": "0",
            "res_flags": "0",
            "vuln_flags": "0",
            "start_pos": "stand",
            "default_pos": "stand",
            "sex": "male",
            "wealth": "0",
            "form": "0",
            "parts": "0",
            "size": "small",
            "material": "0"
        },
        {
            "vnum": "30235",
            "name": "blunt",
            "short_description": "A Blunt",
            "long_description": "An empty cigar skin looks filled with a green substance.\n",
            "description": "What used to be a cigar is now filled with enough bud to get the \nowner 5 years.\n",
            "race": "human",
            "act": "64",
            "affected_by": "524288",
            "alignment": "-350",
            "group": "0",
            "level": "46",
            "hitroll": "0",
            "hit_dice": "25d10+3250",
            "mana_dice": "5d5+1000",
            "dam_dice": "6d6+16",
            "dam_type": "none",
            "ac_pierce": "-16",
            "ac_bash": "-16",
            "ac_slash": "-16",
            "ac_exotic": "2",
            "off_flags": "EK",
            "imm_flags": "0",
            "res_flags": "0",
            "vuln_flags": "0",
            "start_pos": "stand",
            "default_pos": "stand",
            "sex": "male",
            "wealth": "0",
            "form": "0",
            "parts": "0",
            "size": "medium",
            "material": "0"
        },
        {
            "vnum": "30236",
            "name": "bowlful resinated bud",
            "short_description": "A Bowlful of Resinated Bud",
            "long_description": "A bowl of resinated bud looks like just the refill you need.\n",
            "description": "While not a large quanitity of weed, it's probably enough to get \nyou by for an hour or two.\n",
            "race": "human",
            "act": "64|128",
            "affected_by": "8|524288",
            "alignment": "-250",
            "group": "0",
            "level": "43",
            "hitroll": "0",
            "hit_dice": "25d10+2500",
            "mana_dice": "5d5+1000",
            "dam_dice": "3d12+15",
            "dam_type": "none",
            "ac_pierce": "-15",
            "ac_bash": "-15",
            "ac_slash": "-15",
            "ac_exotic": "2",
            "off_flags": "K",
            "imm_flags": "0",
            "res_flags": "0",
            "vuln_flags": "0",
            "start_pos": "stand",
            "default_pos": "stand",
            "sex": "male",
            "wealth": "0",
            "form": "0",
            "parts": "0",
            "size": "medium",
            "material": "0"
        },
        {
            "vnum": "30237",
            "name": "dea agent",
            "short_description": "The DEA Agent",
            "long_description": "A DEA Agent flashes his badge and throws you against the wall.\n",
            "description": "This burly, buzzcutted fellow just joined the DEA after being fired \nfrom the ATF for shooting an innocent child. He's not the type to be \nmessed with. Of course if you've been smoking any of this weed, you \nwouldn't really care.\n",
            "race": "human",
            "act": "64|128",
            "affected_by": "8|32768",
            "alignment": "350",
            "group": "0",
            "level": "51",
            "hitroll": "0",
            "hit_dice": "50d10+4500",
            "mana_dice": "5d5+5000",
            "dam_dice": "5d8+20",
            "dam_type": "charge",
            "ac_pierce": "-21",
            "ac_bash": "-21",
            "ac_slash": "-21",
            "ac_exotic": "0",
            "off_flags": "K",
            "imm_flags": "0",
            "res_flags": "0",
            "vuln_flags": "0",
            "start_pos": "stand",
            "default_pos": "stand",
            "sex": "male",
            "wealth": "0",
            "form": "0",
            "parts": "0",
            "size": "medium",
            "material": "0"
        },
        {
            "vnum": "30238",
            "name": "smuggler",
            "short_description": "The Smuggler",
            "long_description": "A Smuggler is hiding from the DEA.\n",
            "description": "A big Central American looks at you and says, \n\"Hola amigo, muchos dinenos.\"\n",
            "race": "human",
            "act": "64|512",
            "affected_by": "32768|65536",
            "alignment": "-300",
            "group": "0",
            "level": "43",
            "hitroll": "0",
            "hit_dice": "25d10+2500",
            "mana_dice": "5d5+1000",
            "dam_dice": "3d12+15",
            "dam_type": "pound",
            "ac_pierce": "-15",
            "ac_bash": "-15",
            "ac_slash": "-15",
            "ac_exotic": "2",
            "off_flags": "K",
            "imm_flags": "0",
            "res_flags": "0",
            "vuln_flags": "0",
            "start_pos": "stand",
            "default_pos": "stand",
            "sex": "male",
            "wealth": "0",
            "form": "0",
            "parts": "0",
            "size": "medium",
            "material": "0"
        },
        {
            "vnum": "30239",
            "name": "munchies",
            "short_description": "The Munchies",
            "long_description": "You are starving!\n",
            "description": "Just the sweet fragrance of the air is enough to give you \nthe munchies.\n",
            "race": "unique",
            "act": "32|64",
            "affected_by": "2|8",
            "alignment": "0",
            "group": "0",
            "level": "38",
            "hitroll": "0",
            "hit_dice": "10d10+1600",
            "mana_dice": "5d5+1000",
            "dam_dice": "5d6+12",
            "dam_type": "none",
            "ac_pierce": "-13",
            "ac_bash": "-13",
            "ac_slash": "-13",
            "ac_exotic": "3",
            "off_flags": "K",
            "imm_flags": "0",
            "res_flags": "0",
            "vuln_flags": "0",
            "start_pos": "stand",
            "default_pos": "stand",
            "sex": "none",
            "wealth": "0",
            "form": "0",
            "parts": "0",
            "size": "medium",
            "material": "0"
        },
        {
            "vnum": "30240",
            "name": "tom petty",
            "short_description": "Tom Petty",
            "long_description": "Tom Petty stands here strumming a guitar.\n",
            "description": "He breaks into timeless verse singing, \n",
            "race": "human",
            "act": "64",
            "affected_by": "8|128|32768|524288",
            "alignment": "500",
            "group": "0",
            "level": "57",
            "hitroll": "0",
            "hit_dice": "50d10+6000",
            "mana_dice": "5d5+5000",
            "dam_dice": "6d8+24",
            "dam_type": "pound",
            "ac_pierce": "-27",
            "ac_bash": "-27",
            "ac_slash": "-27",
            "ac_exotic": "-2",
            "off_flags": "CEIK",
            "imm_flags": "0",
            "res_flags": "0",
            "vuln_flags": "0",
            "start_pos": "stand",
            "default_pos": "stand",
            "sex": "male",
            "wealth": "0",
            "form": "0",
            "parts": "0",
            "size": "medium",
            "material": "0"
        }
    ],
    "objects": [
        {
            "vnum": "30232",
            "name": "bong clear blue graffix glass",
            "short_description": "a 4 Foot Blue Glass Graffix(R)",
            "description": "A Beautiful Blue Glass Bong has a full bowl of weed.",
            "material": "glass",
            "type": "weapon",
            "extra_flags": "1|512",
            "wear_flags": "1|8192",
            "values": "exotic 6 9 suction 0 ",
            "level": "60",
            "weight": "7",
            "cost": "7200",
            "condition": "P",
            "affects_a": [
                {
                    "location": "18",
                    "modifier": "10"
                },
                {
                    "location": "19",
                    "modifier": "10"
                },
                {
                    "location": "3",
                    "modifier": "-1"
                }
            ]
        },
        {
            "vnum": "30233",
            "name": "hit joint",
            "short_description": "a Hit from the Joint",
            "description": "A few of these while playing and you're having more fun than most mudders!",
            "material": "",
            "type": "potion",
            "extra_flags": "1",
            "wear_flags": "1",
            "values": "25 'heal' 'invis' 'sanctuary' '' ",
            "level": "25",
            "weight": "1",
            "cost": "5800",
            "condition": "P"
        },
        {
            "vnum": "30234",
            "name": "brownie weed",
            "short_description": "a Brownie",
            "description": "A Brownie cooked with THC oil awaits your bite.",
            "material": "",
            "type": "pill",
            "extra_flags": "1",
            "wear_flags": "1",
            "values": "30 'armor' 'fly' 'infravision' '' ",
            "level": "25",
            "weight": "1",
            "cost": "2000",
            "condition": "P"
        },
        {
            "vnum": "30235",
            "name": "badge dea",
            "short_description": "a Badge",
            "description": "A badge with the letters DEA inscribed.",
            "material": "",
            "type": "armor",
            "extra_flags": "64",
            "wear_flags": "1|16384",
            "values": "0 0 0 0 0 ",
            "level": "50",
            "weight": "2",
            "cost": "1300",
            "condition": "P",
            "affects_a": [
                {
                    "location": "1",
                    "modifier": "2"
                }
            ]
        },
        {
            "vnum": "30236",
            "name": "bowl",
            "short_description": "a Bowl",
            "description": "An ornate bowl with a clear red chamber for resinating bud.",
            "material": "",
            "type": "weapon",
            "extra_flags": "1|1024",
            "wear_flags": "1|8192",
            "values": "exotic 6 9 suction 0 ",
            "level": "54",
            "weight": "6",
            "cost": "12000",
            "condition": "P",
            "affects_a": [
                {
                    "location": "13",
                    "modifier": "10"
                },
                {
                    "location": "19",
                    "modifier": "10"
                },
                {
                    "location": "12",
                    "modifier": "35"
                }
            ]
        },
        {
            "vnum": "30237",
            "name": "joint everburning",
            "short_description": "an Everburning Joint",
            "description": "The flame of this joint will never run out",
            "material": "",
            "type": "light",
            "extra_flags": "1",
            "wear_flags": "1",
            "values": "0 1 -1 0 0 ",
            "level": "55",
            "weight": "5",
            "cost": "1200",
            "condition": "P",
            "affects_a": [
                {
                    "location": "12",
                    "modifier": "25"
                },
                {
                    "location": "2",
                    "modifier": "2"
                }
            ]
        },
        {
            "vnum": "30238",
            "name": "plate wings",
            "short_description": "a plate of Buffalo Wings",
            "description": "When you've got the munchies, what better snack than buffalo wings.",
            "material": "",
            "type": "food",
            "extra_flags": "0",
            "wear_flags": "1",
            "values": "24 24 0 0 0 ",
            "level": "0",
            "weight": "5",
            "cost": "10",
            "condition": "P"
        }
    ],
    "rooms": [
        {
            "vnum": "30232",
            "name": "Welcome to Cannabis",
            "description": "This area is intended to be humorous. \nDo not enter if you have a poor sense of humor or are under level 40. \nYou have been warned. You try being creative after a few screwdrivers.\n",
            "flags": "4|1024",
            "sector": "1",
            "exits": [
                {
                    "door": "D0",
                    "description": "",
                    "keyword": "",
                    "locks": "0",
                    "key": "-1",
                    "u1_vnum": "30233"
                },
                {
                    "door": "D2",
                    "description": "",
                    "keyword": "",
                    "locks": "0",
                    "key": "-1",
                    "u1_vnum": "18024"
                }
            ]
        },
        {
            "vnum": "30233",
            "name": "Base of the Plant",
            "description": "You are at the base of a giant plant with leaves of seven points. \nYou notice a sweet smell in the air, and begin to feel lightheaded \nas you inhale this tasty air. As you look up you see buds of orange, \nred, blue, green, and purple. The beautiful colors and the way you \nare feeling invite you to explore further.\n",
            "flags": "0",
            "sector": "3",
            "exits": [
                {
                    "door": "D0",
                    "description": "",
                    "keyword": "",
                    "locks": "0",
                    "key": "-1",
                    "u1_vnum": "-1"
                },
                {
                    "door": "D2",
                    "description": "",
                    "keyword": "",
                    "locks": "0",
                    "key": "-1",
                    "u1_vnum": "30232"
                },
                {
                    "door": "D4",
                    "description": "",
                    "keyword": "",
                    "locks": "0",
                    "key": "-1",
                    "u1_vnum": "30234"
                }
            ]
        },
        {
            "vnum": "30234",
            "name": "The Stem of the Plant",
            "description": "You are travelling up the stem of the plant. You see leaves of the \nplant to the left and the right of you. As before, the air is filled \nwith a sweet fragrance which relaxes you and enhances your senses.\n",
            "flags": "0",
            "sector": "3",
            "exits": [
                {
                    "door": "D0",
                    "description": "",
                    "keyword": "",
                    "locks": "0",
                    "key": "-1",
                    "u1_vnum": "30250"
                },
                {
                    "door": "D1",
                    "description": "",
                    "keyword": "",
                    "locks": "0",
                    "key": "-1",
                    "u1_vnum": "30236"
                },
                {
                    "door": "D2",
                    "description": "",
                    "keyword": "",
                    "locks": "0",
                    "key": "-1",
                    "u1_vnum": "30253"
                },
                {
                    "door": "D3",
                    "description": "",
                    "keyword": "",
                    "locks": "0",
                    "key": "-1",
                    "u1_vnum": "30235"
                },
                {
                    "door": "D4",
                    "description": "",
                    "keyword": "",
                    "locks": "0",
                    "key": "-1",
                    "u1_vnum": "30241"
                },
                {
                    "door": "D5",
                    "description": "",
                    "keyword": "",
                    "locks": "0",
                    "key": "-1",
                    "u1_vnum": "30233"
                }
            ]
        },
        {
            "vnum": "30235",
            "name": "A Leaf of the Plant",
            "description": "You are travelling on the leaves of the plant. You feel yourself \nbecoming stuck in the hairs of the plant. You look around and all \nyou see is sheer beauty. If only real life could be this perfect.\n",
            "flags": "0",
            "sector": "3",
            "exits": [
                {
                    "door": "D1",
                    "description": "",
                    "keyword": "",
                    "locks": "0",
                    "key": "-1",
                    "u1_vnum": "30234"
                },
                {
                    "door": "D3",
                    "description": "",
                    "keyword": "",
                    "locks": "0",
                    "key": "-1",
                    "u1_vnum": "30239"
                }
            ]
        },
        {
            "vnum": "30236",
            "name": "A Leaf of the Plant",
            "description": "You are travelling on the leaves of the plant. You feel yourself \nbecoming stuck in the hairs of the plant. You look around and all \nyou see is sheer beauty. If only real life could be this perfect.\n",
            "flags": "0",
            "sector": "3",
            "exits": [
                {
                    "door": "D1",
                    "description": "",
                    "keyword": "",
                    "locks": "0",
                    "key": "-1",
                    "u1_vnum": "30237"
                },
                {
                    "door": "D3",
                    "description": "",
                    "keyword": "",
                    "locks": "0",
                    "key": "-1",
                    "u1_vnum": "30234"
                }
            ]
        },
        {
            "vnum": "30237",
            "name": "A Leaf of the Plant",
            "description": "You are travelling on the leaves of the plant. You feel yourself \nbecoming stuck in the hairs of the plant. You look around and all \nyou see is sheer beauty. If only real life could be this perfect.\n",
            "flags": "0",
            "sector": "3",
            "exits": [
                {
                    "door": "D1",
                    "description": "",
                    "keyword": "",
                    "locks": "0",
                    "key": "-1",
                    "u1_vnum": "30238"
                },
                {
                    "door": "D3",
                    "description": "",
                    "keyword": "",
                    "locks": "0",
                    "key": "-1",
                    "u1_vnum": "30236"
                }
            ]
        },
        {
            "vnum": "30238",
            "name": "A Leaf of the Plant",
            "description": "You are travelling on the leaves of the plant. You feel yourself \nbecoming stuck in the hairs of the plant. You look around and all \nyou see is sheer beauty. If only real life could be this perfect.\n",
            "flags": "0",
            "sector": "3",
            "exits": [
                {
                    "door": "D3",
                    "description": "",
                    "keyword": "",
                    "locks": "0",
                    "key": "-1",
                    "u1_vnum": "30237"
                }
            ]
        },
        {
            "vnum": "30239",
            "name": "A Leaf of the Plant",
            "description": "You are travelling on the leaves of the plant. You feel yourself \nbecoming stuck in the hairs of the plant. You look around and all \nyou see is sheer beauty. If only real life could be this perfect.\n",
            "flags": "0",
            "sector": "3",
            "exits": [
                {
                    "door": "D1",
                    "description": "",
                    "keyword": "",
                    "locks": "0",
                    "key": "-1",
                    "u1_vnum": "30235"
                },
                {
                    "door": "D3",
                    "description": "",
                    "keyword": "",
                    "locks": "0",
                    "key": "-1",
                    "u1_vnum": "30240"
                }
            ]
        },
        {
            "vnum": "30240",
            "name": "A Leaf of the Plant",
            "description": "You are travelling on the leaves of the plant. You feel yourself \nbecoming stuck in the hairs of the plant. You look around and all \nyou see is sheer beauty. If only real life could be this perfect.\n",
            "flags": "0",
            "sector": "3",
            "exits": [
                {
                    "door": "D1",
                    "description": "",
                    "keyword": "",
                    "locks": "0",
                    "key": "-1",
                    "u1_vnum": "30239"
                }
            ]
        },
        {
            "vnum": "30241",
            "name": "The Stem of the Plant",
            "description": "You are travelling up the stem of the plant. You see leaves of the \nplant to the left and the right of you. As before, the air is filled \nwith a sweet fragrance which relaxes you and enhances your senses.\n",
            "flags": "0",
            "sector": "3",
            "exits": [
                {
                    "door": "D0",
                    "description": "",
                    "keyword": "",
                    "locks": "0",
                    "key": "-1",
                    "u1_vnum": "30256"
                },
                {
                    "door": "D1",
                    "description": "",
                    "keyword": "",
                    "locks": "0",
                    "key": "-1",
                    "u1_vnum": "30244"
                },
                {
                    "door": "D2",
                    "description": "",
                    "keyword": "",
                    "locks": "0",
                    "key": "-1",
                    "u1_vnum": "30258"
                },
                {
                    "door": "D3",
                    "description": "",
                    "keyword": "",
                    "locks": "0",
                    "key": "-1",
                    "u1_vnum": "30242"
                },
                {
                    "door": "D4",
                    "description": "",
                    "keyword": "",
                    "locks": "0",
                    "key": "-1",
                    "u1_vnum": "30246"
                },
                {
                    "door": "D5",
                    "description": "",
                    "keyword": "",
                    "locks": "0",
                    "key": "-1",
                    "u1_vnum": "30234"
                }
            ]
        },
        {
            "vnum": "30242",
            "name": "A Leaf of the Plant",
            "description": "You are travelling on the leaves of the plant. You feel yourself \nbecoming stuck in the hairs of the plant. You look around and all \nyou see is sheer beauty. If only real life could be this perfect.\n",
            "flags": "0",
            "sector": "3",
            "exits": [
                {
                    "door": "D1",
                    "description": "",
                    "keyword": "",
                    "locks": "0",
                    "key": "-1",
                    "u1_vnum": "30241"
                },
                {
                    "door": "D3",
                    "description": "",
                    "keyword": "",
                    "locks": "0",
                    "key": "-1",
                    "u1_vnum": "30243"
                }
            ]
        },
        {
            "vnum": "30243",
            "name": "A Leaf of the Plant",
            "description": "You are travelling on the leaves of the plant. You feel yourself \nbecoming stuck in the hairs of the plant. You look around and all \nyou see is sheer beauty. If only real life could be this perfect.\n",
            "flags": "0",
            "sector": "3",
            "exits": [
                {
                    "door": "D1",
                    "description": "",
                    "keyword": "",
                    "locks": "0",
                    "key": "-1",
                    "u1_vnum": "30242"
                }
            ]
        },
        {
            "vnum": "30244",
            "name": "A Leaf of the Plant",
            "description": "You are travelling on the leaves of the plant. You feel yourself \nbecoming stuck in the hairs of the plant. You look around and all \nyou see is sheer beauty. If only real life could be this perfect.\n",
            "flags": "0",
            "sector": "3",
            "exits": [
                {
                    "door": "D1",
                    "description": "",
                    "keyword": "",
                    "locks": "0",
                    "key": "-1",
                    "u1_vnum": "30245"
                },
                {
                    "door": "D3",
                    "description": "",
                    "keyword": "",
                    "locks": "0",
                    "key": "-1",
                    "u1_vnum": "30241"
                }
            ]
        },
        {
            "vnum": "30245",
            "name": "A Leaf of the Plant",
            "description": "You are travelling on the leaves of the plant. You feel yourself \nbecoming stuck in the hairs of the plant. You look around and all \nyou see is sheer beauty. If only real life could be this perfect.\n",
            "flags": "0",
            "sector": "3",
            "exits": [
                {
                    "door": "D3",
                    "description": "",
                    "keyword": "",
                    "locks": "0",
                    "key": "-1",
                    "u1_vnum": "30244"
                }
            ]
        },
        {
            "vnum": "30246",
            "name": "The Stem of the Plant",
            "description": "You are travelling up the stem of the plant. You see leaves of the \nplant to the left and the right of you. As before, the air is filled \nwith a sweet fragrance which relaxes you and enhances your senses.\n",
            "flags": "0",
            "sector": "3",
            "exits": [
                {
                    "door": "D0",
                    "description": "",
                    "keyword": "",
                    "locks": "0",
                    "key": "-1",
                    "u1_vnum": "30260"
                },
                {
                    "door": "D1",
                    "description": "",
                    "keyword": "",
                    "locks": "0",
                    "key": "-1",
                    "u1_vnum": "30247"
                },
                {
                    "door": "D2",
                    "description": "",
                    "keyword": "",
                    "locks": "0",
                    "key": "-1",
                    "u1_vnum": "30261"
                },
                {
                    "door": "D3",
                    "description": "",
                    "keyword": "",
                    "locks": "0",
                    "key": "-1",
                    "u1_vnum": "30248"
                },
                {
                    "door": "D4",
                    "description": "",
                    "keyword": "",
                    "locks": "0",
                    "key": "-1",
                    "u1_vnum": "30249"
                },
                {
                    "door": "D5",
                    "description": "",
                    "keyword": "",
                    "locks": "0",
                    "key": "-1",
                    "u1_vnum": "30241"
                }
            ]
        },
        {
            "vnum": "30247",
            "name": "A Leaf of the Plant",
            "description": "You are travelling on the leaves of the plant. You feel yourself \nbecoming stuck in the hairs of the plant. You look around and all \nyou see is sheer beauty. If only real life could be this perfect.\n",
            "flags": "0",
            "sector": "3",
            "exits": [
                {
                    "door": "D3",
                    "description": "",
                    "keyword": "",
                    "locks": "0",
                    "key": "-1",
                    "u1_vnum": "30246"
                }
            ]
        },
        {
            "vnum": "30248",
            "name": "A Leaf of the Plant",
            "description": "You are travelling on the leaves of the plant. You feel yourself \nbecoming stuck in the hairs of the plant. You look around and all \nyou see is sheer beauty. If only real life could be this perfect.\n",
            "flags": "0",
            "sector": "3",
            "exits": [
                {
                    "door": "D1",
                    "description": "",
                    "keyword": "",
                    "locks": "0",
                    "key": "-1",
                    "u1_vnum": "30246"
                }
            ]
        },
        {
            "vnum": "30249",
            "name": "The Top of the Plant",
            "description": "You have reached the top this wonderful bundle of bud. You remember \nwhen you were young and you were told to say no to drugs. But were \nyou ever told how they could expand your mind and give you fun new \nexperiences?\n",
            "flags": "0",
            "sector": "3",
            "exits": [
                {
                    "door": "D5",
                    "description": "",
                    "keyword": "",
                    "locks": "0",
                    "key": "-1",
                    "u1_vnum": "30246"
                }
            ]
        },
        {
            "vnum": "30250",
            "name": "A Leaf of the Plant",
            "description": "You are travelling on the leaves of the plant. You feel yourself \nbecoming stuck in the hairs of the plant. You look around and all \nyou see is sheer beauty. If only real life could be this perfect.\n",
            "flags": "0",
            "sector": "3",
            "exits": [
                {
                    "door": "D0",
                    "description": "",
                    "keyword": "",
                    "locks": "0",
                    "key": "-1",
                    "u1_vnum": "30251"
                },
                {
                    "door": "D2",
                    "description": "",
                    "keyword": "",
                    "locks": "0",
                    "key": "-1",
                    "u1_vnum": "30234"
                }
            ]
        },
        {
            "vnum": "30251",
            "name": "A Leaf of The Plant",
            "description": "You are travelling on the leaves of the plant. You feel yourself \nbecoming stuck in the hairs of the plant. You look around and all \nyou see is sheer beauty. If only real life could be this perfect.\n",
            "flags": "0",
            "sector": "3",
            "exits": [
                {
                    "door": "D0",
                    "description": "",
                    "keyword": "",
                    "locks": "0",
                    "key": "-1",
                    "u1_vnum": "30252"
                },
                {
                    "door": "D2",
                    "description": "",
                    "keyword": "",
                    "locks": "0",
                    "key": "-1",
                    "u1_vnum": "30250"
                }
            ]
        },
        {
            "vnum": "30252",
            "name": "A Leaf of The Plant",
            "description": "You are travelling on the leaves of the plant. You feel yourself \nbecoming stuck in the hairs of the plant. You look around and all \nyou see is sheer beauty. If only real life could be this perfect.\n",
            "flags": "0",
            "sector": "3",
            "exits": [
                {
                    "door": "D2",
                    "description": "",
                    "keyword": "",
                    "locks": "0",
                    "key": "-1",
                    "u1_vnum": "30251"
                }
            ]
        },
        {
            "vnum": "30253",
            "name": "A Leaf of The Plant",
            "description": "You are travelling on the leaves of the plant. You feel yourself \nbecoming stuck in the hairs of the plant. You look around and all \nyou see is sheer beauty. If only real life could be this perfect.\n",
            "flags": "0",
            "sector": "3",
            "exits": [
                {
                    "door": "D0",
                    "description": "",
                    "keyword": "",
                    "locks": "0",
                    "key": "-1",
                    "u1_vnum": "30234"
                },
                {
                    "door": "D2",
                    "description": "",
                    "keyword": "",
                    "locks": "0",
                    "key": "-1",
                    "u1_vnum": "30254"
                }
            ]
        },
        {
            "vnum": "30254",
            "name": "A Leaf of The Plant",
            "description": "You are travelling on the leaves of the plant. You feel yourself \nbecoming stuck in the hairs of the plant. You look around and all \nyou see is sheer beauty. If only real life could be this perfect.\n",
            "flags": "0",
            "sector": "3",
            "exits": [
                {
                    "door": "D0",
                    "description": "",
                    "keyword": "",
                    "locks": "0",
                    "key": "-1",
                    "u1_vnum": "30253"
                },
                {
                    "door": "D2",
                    "description": "",
                    "keyword": "",
                    "locks": "0",
                    "key": "-1",
                    "u1_vnum": "30255"
                }
            ]
        },
        {
            "vnum": "30255",
            "name": "A Leaf of The Plant",
            "description": "You are travelling on the leaves of the plant. You feel yourself \nbecoming stuck in the hairs of the plant. You look around and all \nyou see is sheer beauty. If only real life could be this perfect.\n",
            "flags": "0",
            "sector": "3",
            "exits": [
                {
                    "door": "D0",
                    "description": "",
                    "keyword": "",
                    "locks": "0",
                    "key": "-1",
                    "u1_vnum": "30254"
                }
            ]
        },
        {
            "vnum": "30256",
            "name": "A Leaf of The Plant",
            "description": "You are travelling on the leaves of the plant. You feel yourself \nbecoming stuck in the hairs of the plant. You look around and all \nyou see is sheer beauty. If only real life could be this perfect.\n",
            "flags": "0",
            "sector": "3",
            "exits": [
                {
                    "door": "D0",
                    "description": "",
                    "keyword": "",
                    "locks": "0",
                    "key": "-1",
                    "u1_vnum": "30257"
                },
                {
                    "door": "D2",
                    "description": "",
                    "keyword": "",
                    "locks": "0",
                    "key": "-1",
                    "u1_vnum": "30241"
                }
            ]
        },
        {
            "vnum": "30257",
            "name": "A Leaf of The Plant",
            "description": "You are travelling on the leaves of the plant. You feel yourself \nbecoming stuck in the hairs of the plant. You look around and all \nyou see is sheer beauty. If only real life could be this perfect.\n",
            "flags": "0",
            "sector": "3",
            "exits": [
                {
                    "door": "D2",
                    "description": "",
                    "keyword": "",
                    "locks": "0",
                    "key": "-1",
                    "u1_vnum": "30256"
                }
            ]
        },
        {
            "vnum": "30258",
            "name": "A Leaf of The Plant",
            "description": "You are travelling on the leaves of the plant. You feel yourself \nbecoming stuck in the hairs of the plant. You look around and all \nyou see is sheer beauty. If only real life could be this perfect.\n",
            "flags": "0",
            "sector": "3",
            "exits": [
                {
                    "door": "D0",
                    "description": "",
                    "keyword": "",
                    "locks": "0",
                    "key": "-1",
                    "u1_vnum": "30241"
                },
                {
                    "door": "D2",
                    "description": "",
                    "keyword": "",
                    "locks": "0",
                    "key": "-1",
                    "u1_vnum": "30259"
                }
            ]
        },
        {
            "vnum": "30259",
            "name": "A Leaf of The Plant",
            "description": "You are travelling on the leaves of the plant. You feel yourself \nbecoming stuck in the hairs of the plant. You look around and all \nyou see is sheer beauty. If only real life could be this perfect.\n",
            "flags": "0",
            "sector": "3",
            "exits": [
                {
                    "door": "D0",
                    "description": "",
                    "keyword": "",
                    "locks": "0",
                    "key": "-1",
                    "u1_vnum": "30258"
                }
            ]
        },
        {
            "vnum": "30260",
            "name": "A Leaf of The Plant",
            "description": "You are travelling on the leaves of the plant. You feel yourself \nbecoming stuck in the hairs of the plant. You look around and all \nyou see is sheer beauty. If only real life could be this perfect.\n",
            "flags": "0",
            "sector": "3",
            "exits": [
                {
                    "door": "D2",
                    "description": "",
                    "keyword": "",
                    "locks": "0",
                    "key": "-1",
                    "u1_vnum": "30246"
                }
            ]
        },
        {
            "vnum": "30261",
            "name": "A Leaf of The Plant",
            "description": "You are travelling on the leaves of the plant. You feel yourself \nbecoming stuck in the hairs of the plant. You look around and all \nyou see is sheer beauty. If only real life could be this perfect.\n",
            "flags": "0",
            "sector": "3",
            "exits": [
                {
                    "door": "D0",
                    "description": "",
                    "keyword": "",
                    "locks": "0",
                    "key": "-1",
                    "u1_vnum": "30246"
                }
            ]
        }
    ],
    "resets": [
        {
            "command": "M",
            "arg1": "30233",
            "arg2": "1",
            "arg3": "30249",
            "arg4": "1"
        },
        {
            "command": "E",
            "arg1": "30232",
            "arg2": "100",
            "arg3": "16"
        },
        {
            "command": "M",
            "arg1": "30232",
            "arg2": "1",
            "arg3": "30246",
            "arg4": "1"
        },
        {
            "command": "E",
            "arg1": "30236",
            "arg2": "100",
            "arg3": "16"
        },
        {
            "command": "M",
            "arg1": "30240",
            "arg2": "1",
            "arg3": "30241",
            "arg4": "1"
        },
        {
            "command": "E",
            "arg1": "30237",
            "arg2": "100",
            "arg3": "0"
        },
        {
            "command": "M",
            "arg1": "30236",
            "arg2": "1",
            "arg3": "30256",
            "arg4": "1"
        },
        {
            "command": "M",
            "arg1": "30236",
            "arg2": "1",
            "arg3": "30258",
            "arg4": "1"
        },
        {
            "command": "M",
            "arg1": "30235",
            "arg2": "1",
            "arg3": "30236",
            "arg4": "1"
        },
        {
            "command": "M",
            "arg1": "30235",
            "arg2": "1",
            "arg3": "30235",
            "arg4": "1"
        },
        {
            "command": "M",
            "arg1": "30234",
            "arg2": "1",
            "arg3": "30233",
            "arg4": "1"
        },
        {
            "command": "G",
            "arg1": "30233",
            "arg2": "100"
        },
        {
            "command": "M",
            "arg1": "30239",
            "arg2": "1",
            "arg3": "30233",
            "arg4": "1"
        },
        {
            "command": "G",
            "arg1": "30238",
            "arg2": "100"
        },
        {
            "command": "M",
            "arg1": "30234",
            "arg2": "1",
            "arg3": "30234",
            "arg4": "1"
        },
        {
            "command": "G",
            "arg1": "30233",
            "arg2": "100"
        },
        {
            "command": "M",
            "arg1": "30237",
            "arg2": "1",
            "arg3": "30252",
            "arg4": "1"
        },
        {
            "command": "E",
            "arg1": "30235",
            "arg2": "100",
            "arg3": "17"
        },
        {
            "command": "M",
            "arg1": "30238",
            "arg2": "1",
            "arg3": "30255",
            "arg4": "1"
        },
        {
            "command": "G",
            "arg1": "30234",
            "arg2": "100"
        },
        {
            "command": "M",
            "arg1": "30237",
            "arg2": "1",
            "arg3": "30245",
            "arg4": "1"
        },
        {
            "command": "E",
            "arg1": "30235",
            "arg2": "100",
            "arg3": "17"
        },
        {
            "command": "M",
            "arg1": "30236",
            "arg2": "1",
            "arg3": "30245",
            "arg4": "1"
        },
        {
            "command": "G",
            "arg1": "30234",
            "arg2": "100"
        }
    ],
    "olimits": [
        {
            "vnum": "30233",
            "limit": "10"
        }
    ]
}