{
    "area": {
        "file": "zoology.are",
        "name": "zoology",
        "low_range": "1",
        "high_range": "10",
        "writer": "Og",
        "credits": "MudSchool FieldTrip",
        "min_vnum": "400",
        "max_vnum": "499"
    },
    "mobiles": [
        {
            "vnum": "400",
            "name": "ameoba",
            "short_description": "ameoba",
            "long_description": "An ameoba stands here, looking for newbies.\n",
            "description": "Basicly it's a clear sack filled with jelly and colorful floating things.\n",
            "race": "human",
            "act": "ABC",
            "affected_by": "0",
            "alignment": "0",
            "group": "0",
            "level": "1",
            "hitroll": "0",
            "hit_dice": "2d2+4",
            "mana_dice": "1d1+99",
            "dam_dice": "1d2+0",
            "dam_type": "bite",
            "ac_pierce": "10",
            "ac_bash": "10",
            "ac_slash": "10",
            "ac_exotic": "100",
            "off_flags": "0",
            "imm_flags": "0",
            "res_flags": "0",
            "vuln_flags": "0",
            "start_pos": "stand",
            "default_pos": "stand",
            "sex": "either",
            "wealth": "15",
            "form": "0",
            "parts": "0",
            "size": "flesh",
            "material": "0"
        },
        {
            "vnum": "401",
            "name": "man gorilla",
            "short_description": "A gorilla",
            "long_description": "A gorilla stands here with a sign around its neck greeting you.\n",
            "description": "The gorilla, hey wait! Thats a man dressed in a gorilla outfit. It's a fake!\nThe sign around his neck says 'Come see the gorilla display!'\n",
            "race": "human",
            "act": "ABH",
            "affected_by": "0",
            "alignment": "-333",
            "group": "0",
            "level": "3",
            "hitroll": "0",
            "hit_dice": "10d2+15",
            "mana_dice": "1d1+99",
            "dam_dice": "1d4+1",
            "dam_type": "punch",
            "ac_pierce": "2",
            "ac_bash": "2",
            "ac_slash": "2",
            "ac_exotic": "0",
            "off_flags": "0",
            "imm_flags": "0",
            "res_flags": "0",
            "vuln_flags": "0",
            "start_pos": "stand",
            "default_pos": "stand",
            "sex": "male",
            "wealth": "45",
            "form": "0",
            "parts": "0",
            "size": "medium",
            "material": "0"
        },
        {
            "vnum": "402",
            "name": "pubic lice",
            "short_description": "A pubic lice",
            "long_description": "Egads, they have gone too far! A pubic lice stands here!\n",
            "description": "The most heinous thing you could probably think of is standing in front \nof you: A six foot tall pubic lice.  Crabs anyone?\n",
            "race": "human",
            "act": "ABH",
            "affected_by": "0",
            "alignment": "-300",
            "group": "0",
            "level": "2",
            "hitroll": "0",
            "hit_dice": "2d5+19",
            "mana_dice": "1d1+99",
            "dam_dice": "1d5+0",
            "dam_type": "chomp",
            "ac_pierce": "7",
            "ac_bash": "4",
            "ac_slash": "8",
            "ac_exotic": "10",
            "off_flags": "K",
            "imm_flags": "0",
            "res_flags": "0",
            "vuln_flags": "0",
            "start_pos": "stand",
            "default_pos": "stand",
            "sex": "female",
            "wealth": "25",
            "form": "0",
            "parts": "0",
            "size": "medium",
            "material": "0"
        },
        {
            "vnum": "403",
            "name": "john shopkeeper",
            "short_description": "John the shopkeeper",
            "long_description": "John the shopkeeper stands here at his part time job.\n",
            "description": "John the shopkeeper is obviously not happy.  And who would be at this job?\n",
            "race": "human",
            "act": "ABV",
            "affected_by": "0",
            "alignment": "200",
            "group": "0",
            "level": "10",
            "hitroll": "0",
            "hit_dice": "2d33+50",
            "mana_dice": "10d10+100",
            "dam_dice": "3d5+7",
            "dam_type": "pierce",
            "ac_pierce": "4",
            "ac_bash": "4",
            "ac_slash": "4",
            "ac_exotic": "7",
            "off_flags": "CEIK",
            "imm_flags": "AB",
            "res_flags": "0",
            "vuln_flags": "0",
            "start_pos": "stand",
            "default_pos": "stand",
            "sex": "male",
            "wealth": "250",
            "form": "0",
            "parts": "0",
            "size": "medium",
            "material": "0"
        },
        {
            "vnum": "404",
            "name": "shark",
            "short_description": "a shark",
            "long_description": "A shark swims here looking for food.\n",
            "description": "How hungry do you think a shark could possibly be?  You poke its nose to \npiss it off.  Boy does he look angry now!\n",
            "race": "human",
            "act": "ABF",
            "affected_by": "0",
            "alignment": "-300",
            "group": "0",
            "level": "7",
            "hitroll": "1",
            "hit_dice": "1d33+61",
            "mana_dice": "1d10+100",
            "dam_dice": "3d4+1",
            "dam_type": "scratch",
            "ac_pierce": "3",
            "ac_bash": "3",
            "ac_slash": "3",
            "ac_exotic": "5",
            "off_flags": "DKMV",
            "imm_flags": "AR",
            "res_flags": "LQ",
            "vuln_flags": "0",
            "start_pos": "stand",
            "default_pos": "stand",
            "sex": "male",
            "wealth": "250",
            "form": "0",
            "parts": "0",
            "size": "large",
            "material": "0"
        },
        {
            "vnum": "405",
            "name": "jellyfish man war man-o-war",
            "short_description": "A Man-of-war",
            "long_description": "A big gelatinous mass of man-of-war floats here.\n",
            "description": "This is prehaps the ugliest jellyfish you've ever seen.  Its just a big \nblob with tenticles.  It doesn't even have pretty colors in it.  Just a \nugly gray color.\n",
            "race": "human",
            "act": "ACG",
            "affected_by": "0",
            "alignment": "0",
            "group": "0",
            "level": "5",
            "hitroll": "0",
            "hit_dice": "4d5+30",
            "mana_dice": "1d10+100",
            "dam_dice": "1d6+1",
            "dam_type": "bite",
            "ac_pierce": "8",
            "ac_bash": "0",
            "ac_slash": "8",
            "ac_exotic": "8",
            "off_flags": "0",
            "imm_flags": "L",
            "res_flags": "0",
            "vuln_flags": "0",
            "start_pos": "stand",
            "default_pos": "stand",
            "sex": "female",
            "wealth": "250",
            "form": "0",
            "parts": "0",
            "size": "large",
            "material": "0"
        },
        {
            "vnum": "406",
            "name": "child",
            "short_description": "a child",
            "long_description": "A child stands here, amazed by all the neat animals.\n",
            "description": "The child is obviously too young to realise that this is prehaps one of \nthe stupidest exhibits his little brain could comprehend.\n",
            "race": "human",
            "act": "AG",
            "affected_by": "0",
            "alignment": "400",
            "group": "0",
            "level": "1",
            "hitroll": "0",
            "hit_dice": "2d5+0",
            "mana_dice": "1d1+100",
            "dam_dice": "1d2+1",
            "dam_type": "punch",
            "ac_pierce": "8",
            "ac_bash": "8",
            "ac_slash": "8",
            "ac_exotic": "10",
            "off_flags": "0",
            "imm_flags": "0",
            "res_flags": "0",
            "vuln_flags": "0",
            "start_pos": "stand",
            "default_pos": "stand",
            "sex": "male",
            "wealth": "110",
            "form": "0",
            "parts": "0",
            "size": "small",
            "material": "0"
        },
        {
            "vnum": "407",
            "name": "teacher",
            "short_description": "Your teacher",
            "long_description": "Your teacher stands here looking for you!\n",
            "description": "Thank God she doesn't see you!  But if you keep looking at her she may!\n",
            "race": "troll",
            "act": "AGR",
            "affected_by": "0",
            "alignment": "-500",
            "group": "0",
            "level": "5",
            "hitroll": "0",
            "hit_dice": "2d5+40",
            "mana_dice": "5d10+100",
            "dam_dice": "2d3+1",
            "dam_type": "pierce",
            "ac_pierce": "6",
            "ac_bash": "6",
            "ac_slash": "6",
            "ac_exotic": "8",
            "off_flags": "D",
            "imm_flags": "BE",
            "res_flags": "HK",
            "vuln_flags": "0",
            "start_pos": "stand",
            "default_pos": "stand",
            "sex": "female",
            "wealth": "320",
            "form": "0",
            "parts": "0",
            "size": "medium",
            "material": "0"
        },
        {
            "vnum": "408",
            "name": "gorilla",
            "short_description": "A gorilla",
            "long_description": "A gorilla is playing with its own feces.\n",
            "description": "This gorilla is really foul.  Its making mud pies out of its own feces \nand throwing it at visitors. Duck! one just missed you!\n",
            "race": "bear",
            "act": "AG",
            "affected_by": "0",
            "alignment": "50",
            "group": "0",
            "level": "4",
            "hitroll": "0",
            "hit_dice": "1d10+30",
            "mana_dice": "1d1+100",
            "dam_dice": "2d2+1",
            "dam_type": "beating",
            "ac_pierce": "7",
            "ac_bash": "5",
            "ac_slash": "7",
            "ac_exotic": "8",
            "off_flags": "CDEOU",
            "imm_flags": "0",
            "res_flags": "EI",
            "vuln_flags": "0",
            "start_pos": "stand",
            "default_pos": "stand",
            "sex": "female",
            "wealth": "90",
            "form": "0",
            "parts": "0",
            "size": "large",
            "material": "0"
        },
        {
            "vnum": "409",
            "name": "janitor",
            "short_description": "A janitor",
            "long_description": "A jantior stands here, cleaning up gorilla poop.\n",
            "description": "You feel so sorry fort his poor man who has been subjected to cleaning up \nafter the gorillas for the rest of his life.\n",
            "race": "human",
            "act": "ACG",
            "affected_by": "0",
            "alignment": "200",
            "group": "0",
            "level": "3",
            "hitroll": "0",
            "hit_dice": "3d10+10",
            "mana_dice": "1d100+30",
            "dam_dice": "1d4+2",
            "dam_type": "scratch",
            "ac_pierce": "7",
            "ac_bash": "8",
            "ac_slash": "8",
            "ac_exotic": "9",
            "off_flags": "EN",
            "imm_flags": "0",
            "res_flags": "0",
            "vuln_flags": "0",
            "start_pos": "stand",
            "default_pos": "stand",
            "sex": "either",
            "wealth": "110",
            "form": "0",
            "parts": "0",
            "size": "medium",
            "material": "0"
        },
        {
            "vnum": "410",
            "name": "emu",
            "short_description": "an emu",
            "long_description": "The most beloved of chordates, an emu stands here.\n",
            "description": "Oh wow! An emu..this brings back such memories of your pet emu that you \nhad when you were a wee bit smaller than you are now.  And when he died, \nwell your mom made some of the tasties meat stew you've ever had to cheer \nyou up.\n",
            "race": "human",
            "act": "AG",
            "affected_by": "0",
            "alignment": "500",
            "group": "0",
            "level": "2",
            "hitroll": "0",
            "hit_dice": "1d10+15",
            "mana_dice": "3d40+1",
            "dam_dice": "2d2+1",
            "dam_type": "bite",
            "ac_pierce": "7",
            "ac_bash": "7",
            "ac_slash": "7",
            "ac_exotic": "9",
            "off_flags": "I",
            "imm_flags": "0",
            "res_flags": "0",
            "vuln_flags": "0",
            "start_pos": "stand",
            "default_pos": "stand",
            "sex": "either",
            "wealth": "150",
            "form": "0",
            "parts": "0",
            "size": "large",
            "material": "0"
        }
    ],
    "objects": [
        {
            "vnum": "400",
            "name": "popcorn",
            "short_description": "Some popcorn",
            "description": "Some popcorn to feed the animals lies here.",
            "material": "food",
            "type": "food",
            "extra_flags": "0",
            "wear_flags": "A",
            "values": "3 3 0 0 0",
            "level": "0",
            "weight": "3",
            "cost": "4",
            "condition": "P"
        },
        {
            "vnum": "401",
            "name": "key",
            "short_description": "The key to the tank",
            "description": "The key to the shark tank lies here\n",
            "material": "iron",
            "type": "key",
            "extra_flags": "0",
            "wear_flags": "A",
            "values": "0 0 0 0 0",
            "level": "0",
            "weight": "10",
            "cost": "0",
            "condition": "P"
        },
        {
            "vnum": "402",
            "name": "shark tooth necklace",
            "short_description": "A shark tooth necklace",
            "description": "A wire with a shark tooth has been left here.\n",
            "material": "coral",
            "type": "armor",
            "extra_flags": "G",
            "wear_flags": "AC",
            "values": "1 1 1 3 0",
            "level": "4",
            "weight": "20",
            "cost": "300",
            "condition": "P",
            "affects_a": [
                {
                    "location": "19",
                    "modifier": "1"
                }
            ]
        },
        {
            "vnum": "420",
            "name": "dragonclaw sabre saber",
            "short_description": "the DragonClaw",
            "description": "An enormous CLAW rests on the ground here. It belongs to Audric.",
            "material": "mithril",
            "type": "weapon",
            "extra_flags": "ABGIORY",
            "wear_flags": "AN",
            "values": "sword 6 8 slash AB",
            "level": "50",
            "weight": "120",
            "cost": "18750000",
            "condition": "P",
            "affects_a": [
                {
                    "location": "19",
                    "modifier": "9"
                },
                {
                    "location": "18",
                    "modifier": "9"
                },
                {
                    "location": "1",
                    "modifier": "3"
                },
                {
                    "location": "2",
                    "modifier": "3"
                },
                {
                    "location": "5",
                    "modifier": "2"
                },
                {
                    "location": "12",
                    "modifier": "100"
                },
                {
                    "location": "13",
                    "modifier": "100"
                },
                {
                    "location": "14",
                    "modifier": "500"
                }
            ],
            "extra_descriptions": [
                {
                    "keyword": "claw",
                    "description": "The DragonClaw has a form of a long sabre with golden blade inscribed with \nancient runes. The hilt is made of gold and dragon bones and has the form\nof dragon head. From open mouth of the dragon sprouts the blade. \nTwo diamonds make up from the dragon eyes. \nThere is a small inscription on the hilt.\nWhen in battle, the sabre glows softly with a golden and blue light.\n"
                },
                {
                    "keyword": "runes",
                    "description": "This sabre is present for my friend, for Audric, for... \nHonour, Courage, Friendship.\njaceks\n"
                },
                {
                    "keyword": "inscription small",
                    "description": "This sabre belongs to Audric and has special character. \nIt should be loaded by Gods and given back to Audric if he lost it.\nLevel of sabre should be equal Audric's level.\nVnum of this sword is 420 (zoology.are).\n"
                },
                {
                    "keyword": "golden blue light",
                    "description": "It is flaming and frosting sabre - it is reason of lights.\n"
                }
            ]
        }
    ],
    "rooms": [
        {
            "vnum": "400",
            "name": "Entrance to the Museum",
            "description": "The museum has this great new exhibit that you've been dying to see \nand now is your chance! Through these doors is a great new exhibit about \nthe evolution of life as we know it.  You're so excited you think you're \nabout to wet your armor! So just head right on in to the south.\n",
            "flags": "C",
            "sector": "0",
            "exits": [
                {
                    "door": "D2",
                    "description": "The entrance lies just ahead of you! What are you waiting for?\n",
                    "keyword": "",
                    "locks": "0",
                    "key": "0",
                    "u1_vnum": "401"
                },
                {
                    "door": "D3",
                    "description": "",
                    "keyword": "",
                    "locks": "0",
                    "key": "0",
                    "u1_vnum": "3700"
                }
            ]
        },
        {
            "vnum": "401",
            "name": "Atrium of the Museum",
            "description": "You are standing right inside the entrance to the museum.  Wow, this is\ngoing to be such fun!  You quickly evade your MudSchool teacher and go off\non your own.  To the north you see the entrance to the mud museum, while\nupstairs you see a souviniere shop.  To the south is the Hall of the Beefed\nup Tinsy Animals, while to the west is the Wide World of Chordates.  Finally\nto the east you see the special marine section of the museum.  \n",
            "flags": "D",
            "sector": "0",
            "exits": [
                {
                    "door": "D0",
                    "description": "The entrance to the museum.",
                    "keyword": "",
                    "locks": "0",
                    "key": "0",
                    "u1_vnum": "400"
                },
                {
                    "door": "D1",
                    "description": "",
                    "keyword": "",
                    "locks": "0",
                    "key": "0",
                    "u1_vnum": "403"
                },
                {
                    "door": "D2",
                    "description": "",
                    "keyword": "",
                    "locks": "0",
                    "key": "0",
                    "u1_vnum": "404"
                },
                {
                    "door": "D3",
                    "description": "",
                    "keyword": "",
                    "locks": "0",
                    "key": "0",
                    "u1_vnum": "402"
                },
                {
                    "door": "D4",
                    "description": "",
                    "keyword": "",
                    "locks": "0",
                    "key": "0",
                    "u1_vnum": "413"
                }
            ]
        },
        {
            "vnum": "402",
            "name": "The Hall of Chordates",
            "description": "This is the Hall of Chordates.  All around you are really boring \nexamples of what a chordate is.  A beastly fido is a chordate, as is the \nmayor of Midgaard.  This is boring, you think.\n",
            "flags": "D",
            "sector": "0",
            "exits": [
                {
                    "door": "D1",
                    "description": "",
                    "keyword": "",
                    "locks": "0",
                    "key": "0",
                    "u1_vnum": "401"
                },
                {
                    "door": "D2",
                    "description": "",
                    "keyword": "",
                    "locks": "0",
                    "key": "0",
                    "u1_vnum": "406"
                }
            ]
        },
        {
            "vnum": "403",
            "name": "Under the Sea",
            "description": "This is the underwater exhibit of the museum.  Through the aid of \nmagic, these underwater creatures have been enabled to breathe air and \ncome out and visit you.\n",
            "flags": "D",
            "sector": "0",
            "exits": [
                {
                    "door": "D2",
                    "description": "",
                    "keyword": "",
                    "locks": "0",
                    "key": "0",
                    "u1_vnum": "408"
                },
                {
                    "door": "D3",
                    "description": "",
                    "keyword": "",
                    "locks": "0",
                    "key": "0",
                    "u1_vnum": "401"
                }
            ]
        },
        {
            "vnum": "404",
            "name": "Tinsy Animal Exhibit",
            "description": "All the tinsy animals here have been made bigger so that you can see \nthem.  You sure hope they forgot to magnify the pubic lice!\n",
            "flags": "D",
            "sector": "0",
            "exits": [
                {
                    "door": "D0",
                    "description": "",
                    "keyword": "",
                    "locks": "0",
                    "key": "0",
                    "u1_vnum": "401"
                },
                {
                    "door": "D2",
                    "description": "",
                    "keyword": "",
                    "locks": "0",
                    "key": "0",
                    "u1_vnum": "405"
                }
            ]
        },
        {
            "vnum": "405",
            "name": "Hall of Tinsy Things",
            "description": "Okay, you've decided this is the stupidest most educational field trip \nyou've been on.  All around you are slime molds, and tardigradas, all \nsized up for your conveyence.  You thank the Gods that you think you see \nthe exit to the south.\n",
            "flags": "D",
            "sector": "0",
            "exits": [
                {
                    "door": "D0",
                    "description": "",
                    "keyword": "",
                    "locks": "0",
                    "key": "0",
                    "u1_vnum": "404"
                },
                {
                    "door": "D2",
                    "description": "",
                    "keyword": "",
                    "locks": "0",
                    "key": "0",
                    "u1_vnum": "411"
                }
            ]
        },
        {
            "vnum": "406",
            "name": "Hall of Chordates",
            "description": "Wow, you're about as interested in this as you are about the stuff that \ngrows in between your toes.  Oh, that's in another hall in this museum.  \nSilly you.  You contemplate pulling a fire alarm to make this trip a \nlittle more interesting.  The hall of chordates continues to the south.  \n",
            "flags": "D",
            "sector": "0",
            "exits": [
                {
                    "door": "D0",
                    "description": "",
                    "keyword": "",
                    "locks": "0",
                    "key": "0",
                    "u1_vnum": "402"
                },
                {
                    "door": "D2",
                    "description": "",
                    "keyword": "",
                    "locks": "0",
                    "key": "0",
                    "u1_vnum": "407"
                }
            ]
        },
        {
            "vnum": "407",
            "name": "Hall of Chordates",
            "description": "You are now pulling your hair out!  This is so boring!  Type recall and \nend it all!!!  The gorilla cage is to the west, if you want to inflict \nmore punishment on yourself.  Wait!  Over there, to the south, is the exit!\n",
            "flags": "D",
            "sector": "0",
            "exits": [
                {
                    "door": "D0",
                    "description": "",
                    "keyword": "",
                    "locks": "0",
                    "key": "0",
                    "u1_vnum": "406"
                },
                {
                    "door": "D2",
                    "description": "",
                    "keyword": "",
                    "locks": "0",
                    "key": "0",
                    "u1_vnum": "411"
                },
                {
                    "door": "D3",
                    "description": "",
                    "keyword": "cage",
                    "locks": "1",
                    "key": "0",
                    "u1_vnum": "412"
                }
            ]
        },
        {
            "vnum": "408",
            "name": "Marine Exhibit",
            "description": "Things float around you as if you were in water.  Plankton, seaweed, \ngarbage, oil coated ducks; it's so realistic you think!  Only problem is, \nyou don't have an ounce of interest.  You spot the shark tank to the east \nand the hall continues to the south.\n",
            "flags": "D",
            "sector": "0",
            "exits": [
                {
                    "door": "D0",
                    "description": "",
                    "keyword": "",
                    "locks": "0",
                    "key": "0",
                    "u1_vnum": "403"
                },
                {
                    "door": "D1",
                    "description": "To the east you see the shark tank.\n",
                    "keyword": "tank",
                    "locks": "1",
                    "key": "401",
                    "u1_vnum": "409"
                },
                {
                    "door": "D2",
                    "description": "",
                    "keyword": "",
                    "locks": "0",
                    "key": "0",
                    "u1_vnum": "410"
                }
            ]
        },
        {
            "vnum": "409",
            "name": "The Shark Tank",
            "description": "Wow look at all the sharks in here!  Now this is neat, since of course,\nyou're not supposed to be here.  There are sand sharks, hammer-head sharks,\nand many more sharks to play with!  \n",
            "flags": "D",
            "sector": "0",
            "exits": [
                {
                    "door": "D3",
                    "description": "",
                    "keyword": "tank",
                    "locks": "1",
                    "key": "401",
                    "u1_vnum": "408"
                }
            ]
        },
        {
            "vnum": "410",
            "name": "Marine Exhibit",
            "description": "You see the end of this exhibit to the south.  All around you corals \nand other pretty things flourish all thanks to the wonders of modern \nscience.  Thank the Gods this stupid field trip is almost over.\n",
            "flags": "D",
            "sector": "0",
            "exits": [
                {
                    "door": "D0",
                    "description": "",
                    "keyword": "",
                    "locks": "0",
                    "key": "0",
                    "u1_vnum": "408"
                },
                {
                    "door": "D2",
                    "description": "",
                    "keyword": "",
                    "locks": "0",
                    "key": "0",
                    "u1_vnum": "411"
                }
            ]
        },
        {
            "vnum": "411",
            "name": "Exit from the Museum",
            "description": "It's over!!! That stupid field trip is finally over!!! You celebrate \nwith your classmates as you pass through the turnstyle with your \nclassmates and head on the bus.  To you south you can return to the \nM.U.D.U. arena.\n",
            "flags": "CD",
            "sector": "0",
            "exits": [
                {
                    "door": "D2",
                    "description": "",
                    "keyword": "",
                    "locks": "0",
                    "key": "0",
                    "u1_vnum": "3746"
                }
            ]
        },
        {
            "vnum": "412",
            "name": "The Gorilla Cage",
            "description": "Heres where all the gorillas are kept.  It smells really bad in here.  \nYou feel sorry for the guy who has to clean up after all of these gorillas.\n",
            "flags": "D",
            "sector": "0",
            "exits": [
                {
                    "door": "D1",
                    "description": "",
                    "keyword": "cage",
                    "locks": "1",
                    "key": "0",
                    "u1_vnum": "407"
                }
            ]
        },
        {
            "vnum": "413",
            "name": "Souvenire Shop",
            "description": "Wow, look at all the souvenires.  Too bad you can't afford half of it.  \nUh oh, you'd better get out of here, you think you hear your M.U.D.U. \nteacher coming up the stairs to bring you back together with the class.\n",
            "flags": "D",
            "sector": "0",
            "exits": [
                {
                    "door": "D5",
                    "description": "",
                    "keyword": "",
                    "locks": "0",
                    "key": "0",
                    "u1_vnum": "401"
                }
            ]
        }
    ],
    "specials": [
        {
            "vnum": "407",
            "spec_fun": "spec_cast_mage"
        },
        {
            "vnum": "409",
            "spec_fun": "spec_janitor"
        }
    ],
    "resets": [
        {
            "command": "D",
            "arg1": "407",
            "arg2": "3",
            "arg3": "1"
        },
        {
            "command": "D",
            "arg1": "408",
            "arg2": "1",
            "arg3": "2"
        },
        {
            "command": "D",
            "arg1": "409",
            "arg2": "3",
            "arg3": "2"
        },
        {
            "command": "D",
            "arg1": "412",
            "arg2": "1",
            "arg3": "1"
        },
        {
            "command": "M",
            "arg1": "401",
            "arg2": "1",
            "arg3": "400",
            "arg4": "1"
        },
        {
            "command": "M",
            "arg1": "407",
            "arg2": "1",
            "arg3": "401",
            "arg4": "1"
        },
        {
            "command": "M",
            "arg1": "406",
            "arg2": "1",
            "arg3": "403",
            "arg4": "1"
        },
        {
            "command": "M",
            "arg1": "400",
            "arg2": "2",
            "arg3": "404",
            "arg4": "2"
        },
        {
            "command": "M",
            "arg1": "402",
            "arg2": "1",
            "arg3": "405",
            "arg4": "1"
        },
        {
            "command": "M",
            "arg1": "410",
            "arg2": "2",
            "arg3": "406",
            "arg4": "2"
        },
        {
            "command": "M",
            "arg1": "406",
            "arg2": "1",
            "arg3": "407",
            "arg4": "1"
        },
        {
            "command": "M",
            "arg1": "404",
            "arg2": "1",
            "arg3": "409",
            "arg4": "1"
        },
        {
            "command": "G",
            "arg1": "402",
            "arg2": "1"
        },
        {
            "command": "M",
            "arg1": "405",
            "arg2": "2",
            "arg3": "410",
            "arg4": "2"
        },
        {
            "command": "M",
            "arg1": "409",
            "arg2": "1",
            "arg3": "412",
            "arg4": "1"
        },
        {
            "command": "E",
            "arg1": "401",
            "arg2": "-1",
            "arg3": "17"
        },
        {
            "command": "M",
            "arg1": "408",
            "arg2": "2",
            "arg3": "412",
            "arg4": "2"
        },
        {
            "command": "M",
            "arg1": "403",
            "arg2": "1",
            "arg3": "413",
            "arg4": "1"
        },
        {
            "command": "G",
            "arg1": "400",
            "arg2": "-1"
        }
    ],
    "shops": [
        {
            "keeper": "403",
            "buy_type_0": "19",
            "buy_type_1": "0",
            "buy_type_2": "0",
            "buy_type_3": "0",
            "buy_type_4": "0",
            "profit_buy": "120",
            "profit_sell": "50",
            "open_hour": "0",
            "close_hour": "23"
        }
    ]
}